股票代码,股票名称,市场板块,所属级别,形态名称,形态英文,信号方向,出现日期,信号强度,放量倍数,现价,涨跌幅%,近一年涨停次数,多级别共振
688056,莱伯泰科,科创,月线,看涨吞没,Bullish Engulfing,看涨,2026-06-30,100,6.28,64.55,101.78,1,是
301234,五洲医疗,创业,月线,看涨吞没,Bullish Engulfing,看涨,2026-07-31,100,1.51,65.89,100.33,5,是
300615,欣天科技,创业,周线,启明星,Morning Star,看涨,2026-08-07,100,2.75,17.19,97.81,4,否
688137,近岸蛋白,科创,月线,看涨吞没,Bullish Engulfing,看涨,2026-08-14,100,2.81,69.58,97.5,2,是
600664,哈药股份,上证,月线,看涨吞没,Bullish Engulfing,看涨,2026-07-31,100,6.31,5.89,96.99,12,是
600397,江钨装备,上证,月线,看涨吞没,Bullish Engulfing,看涨,2026-06-30,100,1.93,27.23,95.34,20,是
301611,珂玛科技,创业,月线,看涨吞没,Bullish Engulfing,看涨,2026-06-30,100,2.41,180.07,94.59,1,是
300534,陇神戎发,创业,月线,看涨吞没,Bullish Engulfing,看涨,2026-07-31,100,5.19,13.73,93.93,4,是
600578,京能电力,上证,月线,看涨吞没,Bullish Engulfing,看涨,2026-05-29,100,6.03,9.38,92.21,10,是
300795,米奥会展,创业,月线,看涨吞没,Bullish Engulfing,看涨,2026-07-31,100,4.41,16.44,92.06,5,是
300671,富满微,创业,月线,看涨吞没,Bullish Engulfing,看涨,2026-06-30,100,1.92,86.16,91.68,1,否
301396,宏景科技,创业,月线,看涨吞没,Bullish Engulfing,看涨,2026-06-30,99.1,1.59,331.6,88.62,9,否
301072,中捷精工,创业,月线,看涨吞没,Bullish Engulfing,看涨,2026-06-30,100,3.13,41.01,86.41,0,是
603650,彤程新材,上证,月线,看涨吞没,Bullish Engulfing,看涨,2026-06-30,100,2.49,97.98,85.99,7,是
603318,水发燃气,上证,月线,看涨吞没,Bullish Engulfing,看涨,2026-04-30,100,3.57,14.26,81.19,16,是
603929,亚翔集成,上证,月线,看涨吞没,Bullish Engulfing,看涨,2026-06-30,100,1.98,272.02,79.91,27,是
688073,毕得医药,科创,月线,看涨吞没,Bullish Engulfing,看涨,2026-08-14,100,2.07,83.34,76.46,2,否
002552,宝鼎科技,深证,月线,看涨吞没,Bullish Engulfing,看涨,2026-08-14,100,1.07,60.65,73.04,22,是
003032,传智教育,深证,月线,看涨吞没,Bullish Engulfing,看涨,2026-07-31,100,1.9,8.81,71.07,9,是
300996,普联软件,创业,月线,看涨吞没,Bullish Engulfing,看涨,2026-07-31,100,1.55,18.62,70.98,2,否
002972,科安达,深证,月线,看涨吞没,Bullish Engulfing,看涨,2026-06-30,100,3,19.56,68.19,1,是
600272,开开实业,上证,月线,启明星,Morning Star,看涨,2026-08-14,100,1.52,17.6,68.1,8,是
688693,锴威特,科创,周线,看涨吞没,Bullish Engulfing,看涨,2026-08-07,100,0.43,93.38,67.5,4,是
688689,银河微电,科创,月线,看涨吞没,Bullish Engulfing,看涨,2026-06-30,100,1.15,64.72,67.02,0,是
688376,美埃科技,科创,月线,看涨吞没,Bullish Engulfing,看涨,2026-06-30,100,2.02,116.3,66.81,3,否
688332,中科蓝讯,科创,月线,看涨吞没,Bullish Engulfing,看涨,2026-06-30,100,1.84,157.5,66.72,1,是
301251,威尔高,创业,周线,启明星,Morning Star,看涨,2026-08-07,100,1.76,46.58,65.41,3,否
688106,金宏气体,科创,月线,看涨吞没,Bullish Engulfing,看涨,2026-06-30,100,3.68,41.48,64.86,1,是
002515,金字火腿,深证,月线,看涨吞没,Bullish Engulfing,看涨,2026-06-30,100,2.87,10.01,62.5,9,是
002631,德尔未来,深证,月线,看涨吞没,Bullish Engulfing,看涨,2026-06-30,100,1.81,11.29,61.52,12,否
300663,科蓝软件,创业,月线,看涨吞没,Bullish Engulfing,看涨,2026-07-31,100,2.33,10.62,59.46,1,否
300663,科蓝软件,创业,月线,启明星,Morning Star,看涨,2026-07-31,100,2.33,10.62,59.46,1,否
002141,贤丰控股,深证,月线,看涨吞没,Bullish Engulfing,看涨,2026-06-30,100,3.93,5.26,58.91,18,是
002068,黑猫股份,深证,月线,看涨吞没,Bullish Engulfing,看涨,2026-06-30,100,2.14,15.03,58.88,8,否
301230,泓博医药,创业,月线,看涨吞没,Bullish Engulfing,看涨,2026-08-14,100,1.64,38.59,57.9,2,是
605365,立达信,上证,月线,看涨吞没,Bullish Engulfing,看涨,2026-04-30,100,2.9,29.47,57.51,7,是
688012,中微公司,科创,月线,看涨吞没,Bullish Engulfing,看涨,2026-06-30,100,2.61,468.5,57.38,0,否
002792,通宇通讯,深证,周线,看涨吞没,Bullish Engulfing,看涨,2026-08-07,100,0.82,37.19,56.52,23,是
300684,中石科技,创业,月线,看涨吞没,Bullish Engulfing,看涨,2026-08-14,100,0.38,67.36,55.53,2,是
300903,科翔股份,创业,周线,看涨吞没,Bullish Engulfing,看涨,2026-08-07,100,1.35,72.33,54.62,5,是
605068,明新旭腾,上证,周线,启明星,Morning Star,看涨,2026-07-31,100,2.9,21.69,54.27,10,否
600683,京投发展,上证,月线,看涨吞没,Bullish Engulfing,看涨,2026-08-14,89.2,0.51,11.64,54.17,25,否
603330,天洋新材,上证,月线,看涨吞没,Bullish Engulfing,看涨,2026-08-14,100,0.79,10.68,54.11,11,是
688502,茂莱光学,科创,月线,看涨吞没,Bullish Engulfing,看涨,2026-06-30,100,1.67,693.6,53.45,1,是
002792,通宇通讯,深证,月线,看涨吞没,Bullish Engulfing,看涨,2026-08-14,100,0.81,36.34,52.95,23,是
300720,海川智能,创业,月线,看涨吞没,Bullish Engulfing,看涨,2026-06-30,100,2.06,96.2,52.7,2,是
000802,北京文化,深证,月线,启明星,Morning Star,看涨,2026-08-14,100,1.97,5.92,52.58,7,否
603823,百合花,上证,月线,看涨吞没,Bullish Engulfing,看涨,2026-08-14,100,0.9,70.99,51.69,20,是
000032,深桑达Ａ,深证,月线,看涨吞没,Bullish Engulfing,看涨,2026-06-30,100,2.27,24.95,51.49,6,否
600988,赤峰黄金,上证,月线,看涨吞没,Bullish Engulfing,看涨,2026-07-31,100,1.46,39.56,50.3,6,否
600141,兴发集团,上证,月线,看涨吞没,Bullish Engulfing,看涨,2026-06-30,100,3.22,46.97,50.26,4,是
300985,致远新能,创业,月线,看涨吞没,Bullish Engulfing,看涨,2026-08-14,92,0.68,42.05,49.8,2,否
688115,思林杰,科创,月线,看涨吞没,Bullish Engulfing,看涨,2026-06-30,100,1.76,82.25,49.55,1,是
300720,海川智能,创业,周线,看涨吞没,Bullish Engulfing,看涨,2026-08-07,100,1.5,75.95,49.51,2,是
605179,一鸣食品,上证,周线,看涨吞没,Bullish Engulfing,看涨,2026-07-31,100,2.8,19.37,49,10,否
688530,欧莱新材,科创,周线,看涨吞没,Bullish Engulfing,看涨,2026-08-07,91.7,1.43,61.55,49,3,否
002842,翔鹭钨业,深证,月线,看涨吞没,Bullish Engulfing,看涨,2026-06-30,100,2.33,48.2,48.95,23,否
688202,美迪西,科创,月线,看涨吞没,Bullish Engulfing,看涨,2026-08-14,100,1.09,108.76,48.54,0,是
300795,米奥会展,创业,周线,看涨吞没,Bullish Engulfing,看涨,2026-07-31,100,7.1,16.44,48.51,5,是
688378,奥来德,科创,月线,看涨吞没,Bullish Engulfing,看涨,2026-06-30,100,2.52,62,48.5,1,否
301297,富乐德,创业,月线,看涨吞没,Bullish Engulfing,看涨,2026-06-30,100,2.79,61.24,48.46,0,是
301209,联合化学,创业,月线,看涨吞没,Bullish Engulfing,看涨,2026-08-14,100,1.03,58.45,47.97,1,是
688549,中巨芯,科创,周线,看涨吞没,Bullish Engulfing,看涨,2026-08-07,100,1.57,28.77,47.31,4,否
000676,智度股份,深证,月线,看涨吞没,Bullish Engulfing,看涨,2026-07-31,100,2.67,7.49,46.58,7,是
000676,智度股份,深证,月线,启明星,Morning Star,看涨,2026-07-31,100,2.67,7.49,46.58,7,是
300540,蜀道装备,创业,月线,看涨吞没,Bullish Engulfing,看涨,2026-06-30,100,2.61,37.9,46.56,5,否
300435,中泰股份,创业,月线,看涨吞没,Bullish Engulfing,看涨,2026-06-30,100,1.76,27.07,46.4,1,是
603813,原尚股份,上证,月线,看涨吞没,Bullish Engulfing,看涨,2026-04-30,100,0.72,37,46.07,2,是
300497,富祥股份,创业,月线,看涨吞没,Bullish Engulfing,看涨,2026-06-30,100,2.06,22.16,44.84,2,是
603439,三力制药,上证,月线,启明星,Morning Star,看涨,2026-05-29,100,2.93,16.28,44.71,2,是
688503,聚和材料,科创,月线,看涨吞没,Bullish Engulfing,看涨,2026-06-30,100,1.73,132.7,44.55,1,是
600903,贵州燃气,上证,月线,启明星,Morning Star,看涨,2026-05-29,100,4.83,9.35,44.51,7,是
603020,爱普股份,上证,月线,看涨吞没,Bullish Engulfing,看涨,2026-06-30,100,2.59,14.1,44.32,8,否
002827,高争民爆,深证,周线,看涨吞没,Bullish Engulfing,看涨,2026-07-31,100,2.3,34.6,44.29,8,否
300236,上海新阳,创业,月线,看涨吞没,Bullish Engulfing,看涨,2026-06-30,100,1.74,131.5,44.22,0,是
600882,妙可蓝多,上证,月线,看涨吞没,Bullish Engulfing,看涨,2026-07-31,100,1.88,23.03,44.03,0,否
603261,立航科技,上证,月线,启明星,Morning Star,看涨,2026-06-30,100,1.18,49.95,44.03,7,否
300981,中红医疗,创业,周线,看涨吞没,Bullish Engulfing,看涨,2026-07-31,100,1.94,14.79,44.01,2,否
688026,洁特生物,科创,月线,看涨吞没,Bullish Engulfing,看涨,2026-08-14,100,1.22,18.19,43.91,0,是
688190,云路股份,科创,月线,看涨吞没,Bullish Engulfing,看涨,2026-05-29,100,3.39,116.88,43.78,0,是
688105,诺唯赞,科创,月线,启明星,Morning Star,看涨,2026-08-14,100,3.26,24.97,43.34,0,是
688110,东芯股份,科创,月线,看涨吞没,Bullish Engulfing,看涨,2026-06-30,100,1.32,203.7,43.29,5,是
688380,中微半导,科创,月线,看涨吞没,Bullish Engulfing,看涨,2026-06-30,100,1.52,65.91,43.28,2,是
001267,汇绿生态,深证,周线,看涨吞没,Bullish Engulfing,看涨,2026-08-07,100,1.06,42.69,43.16,25,否
002879,长缆科技,深证,周线,看涨吞没,Bullish Engulfing,看涨,2026-07-24,100,2.84,18.05,43.03,10,否
600801,华新建材,上证,月线,看涨吞没,Bullish Engulfing,看涨,2026-07-31,100,1.59,22.3,42.95,2,是
001331,胜通能源,深证,周线,看涨吞没,Bullish Engulfing,看涨,2026-08-07,100,1.49,55.47,42.52,27,否
603690,至纯科技,上证,月线,看涨吞没,Bullish Engulfing,看涨,2026-06-30,100,1.84,35.4,42.05,6,是
301678,新恒汇,创业,月线,看涨吞没,Bullish Engulfing,看涨,2026-06-30,100,1.25,78.84,42.03,0,是
300857,协创数据,创业,月线,看涨吞没,Bullish Engulfing,看涨,2026-06-30,100,1.77,339.9,41.83,1,否
002081,金 螳 螂,深证,月线,看涨吞没,Bullish Engulfing,看涨,2026-08-14,100,0.93,5.29,41.82,18,否
300334,津膜科技,创业,月线,看涨吞没,Bullish Engulfing,看涨,2026-06-30,100,4.99,10.42,41.77,1,否
300814,中富电路,创业,周线,看涨吞没,Bullish Engulfing,看涨,2026-08-07,96.2,1.17,141.99,41.75,3,是
601168,西部矿业,上证,月线,看涨吞没,Bullish Engulfing,看涨,2026-07-31,100,1.75,38.44,41.64,2,否
688020,方邦股份,科创,周线,看涨吞没,Bullish Engulfing,看涨,2026-08-07,100,1.13,146.16,41.53,3,否
688300,联瑞新材,科创,周线,看涨吞没,Bullish Engulfing,看涨,2026-08-07,100,1.54,151.7,41.35,1,否
301520,万邦医药,创业,月线,看涨吞没,Bullish Engulfing,看涨,2026-07-31,100,13.89,45.91,41.26,5,是
001696,宗申动力,深证,月线,看涨吞没,Bullish Engulfing,看涨,2026-06-30,100,1.9,20.81,41.18,5,是
002643,万润股份,深证,月线,看涨吞没,Bullish Engulfing,看涨,2026-06-30,100,1.59,20.95,41.08,3,是
605178,时空科技,上证,月线,看涨吞没,Bullish Engulfing,看涨,2026-06-30,100,0.94,94.82,41.08,19,否
300363,博腾股份,创业,月线,看涨吞没,Bullish Engulfing,看涨,2026-08-14,100,1.35,21.87,40.73,1,是
002297,博云新材,深证,月线,看涨吞没,Bullish Engulfing,看涨,2026-06-30,100,2.66,28.99,40.66,13,否
002379,宏桥控股,深证,月线,看涨吞没,Bullish Engulfing,看涨,2026-07-31,100,2.81,20.77,40.62,4,否
002913,奥士康,深证,周线,看涨吞没,Bullish Engulfing,看涨,2026-08-07,100,1.11,55.42,40.52,12,是
688432,有研硅,科创,月线,看涨吞没,Bullish Engulfing,看涨,2026-08-14,100,2.1,41,40.51,5,是
300620,光库科技,创业,周线,看涨吞没,Bullish Engulfing,看涨,2026-08-07,99.6,1.1,288.08,40.32,4,否
301217,铜冠铜箔,创业,周线,看涨吞没,Bullish Engulfing,看涨,2026-08-07,100,1.18,115.81,40.17,3,否
688603,天承科技,科创,周线,看涨吞没,Bullish Engulfing,看涨,2026-08-07,91.5,1.12,117.3,40.09,4,否
600601,方正科技,上证,周线,看涨吞没,Bullish Engulfing,看涨,2026-08-07,100,1.35,12.87,40.04,16,否
688222,成都先导,科创,月线,看涨吞没,Bullish Engulfing,看涨,2026-08-14,100,0.82,38.64,39.95,0,否
688369,致远互联,科创,周线,看涨吞没,Bullish Engulfing,看涨,2026-07-31,100,1.71,22,39.68,0,否
688369,致远互联,科创,周线,启明星,Morning Star,看涨,2026-07-31,100,1.71,22,39.68,0,否
002579,中京电子,深证,周线,看涨吞没,Bullish Engulfing,看涨,2026-08-07,100,1.15,15.15,39.63,13,否
300765,石药创新,创业,月线,看涨吞没,Bullish Engulfing,看涨,2026-07-31,100,2.7,38.02,39.63,0,是
300209,行云科技,创业,月线,看涨吞没,Bullish Engulfing,看涨,2026-08-14,100,2.15,38.93,39.53,6,否
300545,联得装备,创业,月线,看涨吞没,Bullish Engulfing,看涨,2026-06-30,100,2.05,46.2,39.37,2,否
301392,汇成真空,创业,周线,看涨吞没,Bullish Engulfing,看涨,2026-08-07,82.6,1.17,175.68,39.27,1,否
300083,创世纪,创业,周线,看涨吞没,Bullish Engulfing,看涨,2026-08-07,100,1.23,14.48,39.1,1,是
688195,腾景科技,科创,周线,看涨吞没,Bullish Engulfing,看涨,2026-08-07,100,1.27,150.14,38.95,6,否
688585,上纬新材,科创,周线,看涨吞没,Bullish Engulfing,看涨,2026-07-31,100,1.33,157.48,38.87,5,否
688519,南亚新材,科创,周线,看涨吞没,Bullish Engulfing,看涨,2026-08-07,100,1.16,302.55,38.78,2,是
301319,唯特偶,创业,周线,看涨吞没,Bullish Engulfing,看涨,2026-08-07,100,1.93,119.63,38.75,3,否
688260,昀冢科技,科创,周线,看涨吞没,Bullish Engulfing,看涨,2026-07-31,100,1.66,100.08,38.6,9,否
600330,天通股份,上证,周线,看涨吞没,Bullish Engulfing,看涨,2026-08-07,100,0.91,23.01,38.53,26,是
300649,杭州园林,创业,周线,看涨吞没,Bullish Engulfing,看涨,2026-08-07,80.6,1.12,24.41,38.38,1,否
300894,火星人,创业,月线,看涨吞没,Bullish Engulfing,看涨,2026-06-30,100,1.79,12.56,38.33,2,是
002549,凯美特气,深证,月线,看涨吞没,Bullish Engulfing,看涨,2026-06-30,90.5,0.89,21.05,38.3,13,否
603773,沃格光电,上证,周线,看涨吞没,Bullish Engulfing,看涨,2026-08-07,89.6,0.63,95.07,38.18,28,否
688090,瑞松科技,科创,周线,看涨吞没,Bullish Engulfing,看涨,2026-08-07,100,1.82,69.2,38.12,2,是
600186,莲花控股,上证,月线,看涨吞没,Bullish Engulfing,看涨,2026-06-30,100,2.31,14,37.93,17,是
000975,山金国际,深证,月线,看涨吞没,Bullish Engulfing,看涨,2026-07-31,100,2.33,23.38,37.53,2,否
002687,乔治白,深证,月线,看涨吞没,Bullish Engulfing,看涨,2026-08-14,100,1.34,6.54,37.39,5,是
301511,德福科技,创业,周线,看涨吞没,Bullish Engulfing,看涨,2026-08-07,100,1.11,90.9,37.1,1,是
002057,中钢天源,深证,月线,看涨吞没,Bullish Engulfing,看涨,2026-06-30,100,2.17,12.43,36.89,4,否
300246,宝莱特,创业,月线,看涨吞没,Bullish Engulfing,看涨,2026-07-31,99.8,1.42,19.26,36.89,2,否
688662,富信科技,科创,周线,看涨吞没,Bullish Engulfing,看涨,2026-08-07,100,1.75,90.5,36.85,6,否
300586,美联新材,创业,月线,看涨吞没,Bullish Engulfing,看涨,2026-06-30,100,2.69,15.64,36.83,0,否
002971,和远气体,深证,周线,看涨吞没,Bullish Engulfing,看涨,2026-08-07,100,0.97,45.38,36.52,19,是
600844,金煤科技,上证,月线,看涨吞没,Bullish Engulfing,看涨,2026-07-31,100,2.07,3.3,36.36,9,否
600206,有研新材,上证,周线,看涨吞没,Bullish Engulfing,看涨,2026-08-07,84.9,1.12,48.17,36.11,13,否
600228,返利科技,上证,周线,看涨吞没,Bullish Engulfing,看涨,2026-07-31,100,2.46,7.74,36.03,7,是
600392,盛和资源,上证,月线,看涨吞没,Bullish Engulfing,看涨,2026-06-30,100,1.86,29.77,36,5,是
000100,TCL科技,深证,月线,看涨吞没,Bullish Engulfing,看涨,2026-06-30,100,3.42,5.82,35.98,3,否
301529,福赛科技,创业,月线,看涨吞没,Bullish Engulfing,看涨,2026-08-14,100,0.66,103.13,35.95,3,是
301115,联检科技,创业,周线,看涨吞没,Bullish Engulfing,看涨,2026-08-07,100,1.09,30.88,35.92,1,是
000970,中科三环,深证,月线,看涨吞没,Bullish Engulfing,看涨,2026-06-30,100,2.86,15.19,35.87,5,是
688095,福昕软件,科创,周线,看涨吞没,Bullish Engulfing,看涨,2026-07-31,100,1.89,67.03,35.83,3,否
002552,宝鼎科技,深证,周线,看涨吞没,Bullish Engulfing,看涨,2026-08-07,100,0.86,47.6,35.81,22,是
300939,秋田微,创业,周线,看涨吞没,Bullish Engulfing,看涨,2026-08-07,100,0.68,61.79,35.8,1,是
688661,和林微纳,科创,月线,看涨吞没,Bullish Engulfing,看涨,2026-06-30,100,1.34,158.98,35.65,4,是
688433,华曙高科,科创,月线,看涨吞没,Bullish Engulfing,看涨,2026-08-14,100,0.51,94.8,35.62,1,是
688808,联讯仪器,科创,周线,看涨吞没,Bullish Engulfing,看涨,2026-08-07,100,0.79,2220,35.37,1,是
000936,华西股份,深证,月线,看涨吞没,Bullish Engulfing,看涨,2026-08-14,100,0.44,6.97,35.34,7,是
300394,天孚通信,创业,周线,看涨吞没,Bullish Engulfing,看涨,2026-08-07,100,1.61,230.68,34.89,1,是
300331,苏大维格,创业,月线,看涨吞没,Bullish Engulfing,看涨,2026-06-30,100,1.59,71.11,34.83,2,是
600207,安彩高科,上证,月线,看涨吞没,Bullish Engulfing,看涨,2026-05-29,100,1.98,7.53,34.7,6,是
002432,九安医疗,深证,周线,看涨吞没,Bullish Engulfing,看涨,2026-07-17,100,1.01,79.2,34.69,18,是
002248,华东数控,深证,月线,看涨吞没,Bullish Engulfing,看涨,2026-08-14,100,0.83,11.78,34.63,10,是
301419,阿莱德,创业,月线,看涨吞没,Bullish Engulfing,看涨,2026-06-30,100,3.16,51.59,34.63,3,是
001317,三羊马,深证,月线,看涨吞没,Bullish Engulfing,看涨,2026-07-31,100,1.91,53.26,34.56,9,是
301257,普蕊斯,创业,月线,看涨吞没,Bullish Engulfing,看涨,2026-08-14,100,1.15,52.26,34.48,2,是
688114,华大智造,科创,月线,看涨吞没,Bullish Engulfing,看涨,2026-08-14,100,1.31,67,34.48,0,否
300825,阿尔特,创业,月线,启明星,Morning Star,看涨,2026-05-29,100,1.96,13.21,34.38,0,是
300227,光韵达,创业,月线,看涨吞没,Bullish Engulfing,看涨,2026-08-14,100,0.55,12.19,34.25,0,是
300364,中文在线,创业,周线,看涨吞没,Bullish Engulfing,看涨,2026-07-31,97.7,1.21,24.83,34.14,5,否
603887,城地香江,上证,月线,启明星,Morning Star,看涨,2026-08-14,100,0.48,11.92,34.08,5,是
603236,移远通信,上证,月线,看涨吞没,Bullish Engulfing,看涨,2026-08-14,100,0.68,60.69,34.03,4,是
600227,赤天化,上证,月线,看涨吞没,Bullish Engulfing,看涨,2026-07-31,100,2.33,3.27,34.02,19,否
300083,创世纪,创业,月线,看涨吞没,Bullish Engulfing,看涨,2026-08-14,100,0.65,13.95,34.01,1,是
301080,百普赛斯,创业,周线,看涨吞没,Bullish Engulfing,看涨,2026-08-07,100,2.01,64.75,33.84,2,是
601208,东材科技,上证,周线,看涨吞没,Bullish Engulfing,看涨,2026-08-07,99.2,1.11,45.94,33.82,20,是
688661,和林微纳,科创,周线,看涨吞没,Bullish Engulfing,看涨,2026-08-07,100,1.33,108.57,33.58,4,是
688508,芯朋微,科创,周线,看涨吞没,Bullish Engulfing,看涨,2026-08-07,100,1.24,86.94,33.57,0,否
603156,养元饮品,上证,月线,看涨吞没,Bullish Engulfing,看涨,2026-08-14,92,0.95,51.7,33.49,10,否
688582,芯动联科,科创,月线,看涨吞没,Bullish Engulfing,看涨,2026-06-30,100,1.56,65,33.47,0,否
600756,浪潮软件,上证,月线,看涨吞没,Bullish Engulfing,看涨,2026-07-31,100,1.59,16.33,33.42,8,是
688432,有研硅,科创,周线,看涨吞没,Bullish Engulfing,看涨,2026-08-07,100,2.01,38.93,33.41,5,是
688433,华曙高科,科创,周线,看涨吞没,Bullish Engulfing,看涨,2026-08-07,100,1.04,93.1,33.19,1,是
301326,捷邦科技,创业,周线,看涨吞没,Bullish Engulfing,看涨,2026-08-07,100,1.41,105.01,33.13,1,否
605388,均瑶健康,上证,周线,看涨吞没,Bullish Engulfing,看涨,2026-07-31,100,1.53,6.21,32.98,7,否
688143,长盈通,科创,周线,看涨吞没,Bullish Engulfing,看涨,2026-08-07,100,1.31,112.29,32.89,1,是
603124,江南新材,上证,周线,看涨吞没,Bullish Engulfing,看涨,2026-08-07,99.7,1.95,141.66,32.75,14,否
688721,龙图光罩,科创,月线,看涨吞没,Bullish Engulfing,看涨,2026-06-30,100,2.41,58.38,32.74,0,是
000948,南天信息,深证,月线,看涨吞没,Bullish Engulfing,看涨,2026-07-31,100,1.54,15.78,32.72,2,是
002805,丰元股份,深证,月线,看涨吞没,Bullish Engulfing,看涨,2026-06-30,100,1.49,28.59,32.67,16,否
301535,浙江华远,创业,周线,看涨吞没,Bullish Engulfing,看涨,2026-07-24,100,2.21,16.41,32.66,0,否
301230,泓博医药,创业,周线,看涨吞没,Bullish Engulfing,看涨,2026-08-07,100,1.67,32.42,32.65,2,是
301230,泓博医药,创业,周线,启明星,Morning Star,看涨,2026-08-07,100,1.67,32.42,32.65,2,是
301201,诚达药业,创业,月线,看涨吞没,Bullish Engulfing,看涨,2026-08-14,100,1.18,36.77,32.55,2,是
300592,华凯易佰,创业,周线,看涨吞没,Bullish Engulfing,看涨,2026-08-07,92.2,2.15,17.15,32.53,2,否
605189,富春染织,上证,月线,看涨吞没,Bullish Engulfing,看涨,2026-07-31,100,6.19,15.97,32.53,9,是
600183,生益科技,上证,周线,看涨吞没,Bullish Engulfing,看涨,2026-08-07,93.4,1.09,139.98,32.51,15,否
603186,华正新材,上证,周线,看涨吞没,Bullish Engulfing,看涨,2026-08-07,87.6,1.15,143,32.42,18,否
002973,侨银股份,深证,月线,看涨吞没,Bullish Engulfing,看涨,2026-08-14,100,0.85,11.88,32.29,3,是
688028,沃尔德,科创,月线,看涨吞没,Bullish Engulfing,看涨,2026-06-30,100,1.19,155.87,32.23,2,否
301333,诺思格,创业,月线,看涨吞没,Bullish Engulfing,看涨,2026-08-14,100,0.93,62.37,32.14,2,是
688629,华丰科技,科创,月线,看涨吞没,Bullish Engulfing,看涨,2026-06-30,100,1.28,187.51,32.11,1,是
300916,朗特智能,创业,月线,看涨吞没,Bullish Engulfing,看涨,2026-08-14,100,1.06,25.3,31.98,1,是
300749,顶固集创,创业,周线,启明星,Morning Star,看涨,2026-08-07,100,0.65,22.1,31.63,4,是
603039,泛微网络,上证,周线,看涨吞没,Bullish Engulfing,看涨,2026-07-31,100,1.23,37.42,31.53,6,是
603039,泛微网络,上证,周线,启明星,Morning Star,看涨,2026-07-31,100,1.23,37.42,31.53,6,是
300481,濮阳惠成,创业,月线,看涨吞没,Bullish Engulfing,看涨,2026-06-30,100,3.09,19.02,31.44,2,是
688059,华锐精密,科创,周线,看涨吞没,Bullish Engulfing,看涨,2026-08-07,100,2.04,95.04,31.42,0,否
300214,日科化学,创业,月线,看涨吞没,Bullish Engulfing,看涨,2026-06-26,100,1.06,10.25,31.41,3,是
603198,迎驾贡酒,上证,月线,看涨吞没,Bullish Engulfing,看涨,2026-07-31,100,1.36,38.87,31.32,2,是
688653,康希通信,科创,周线,看涨吞没,Bullish Engulfing,看涨,2026-08-07,100,1.49,14.22,31.3,0,否
688630,芯碁微装,科创,周线,看涨吞没,Bullish Engulfing,看涨,2026-08-07,81.2,1.1,426.99,31.29,1,否
002080,中材科技,深证,周线,看涨吞没,Bullish Engulfing,看涨,2026-08-07,100,1.24,56.56,31.11,19,是
601899,紫金矿业,上证,月线,看涨吞没,Bullish Engulfing,看涨,2026-07-31,100,1.55,32.95,31.07,1,否
600123,兰花科创,上证,月线,看涨吞没,Bullish Engulfing,看涨,2026-07-31,100,1.31,6.99,30.9,0,是
603171,税友股份,上证,周线,看涨吞没,Bullish Engulfing,看涨,2026-07-31,100,1.68,45.62,30.72,9,否
603171,税友股份,上证,周线,启明星,Morning Star,看涨,2026-07-31,100,1.68,45.62,30.72,9,否
603201,常润股份,上证,周线,看涨吞没,Bullish Engulfing,看涨,2026-07-17,100,2.79,17.83,30.72,4,否
002303,美盈森,深证,月线,看涨吞没,Bullish Engulfing,看涨,2026-06-30,100,1.7,4.3,30.7,6,否
300024,机器人,创业,月线,看涨吞没,Bullish Engulfing,看涨,2026-06-30,100,1.4,19.33,30.7,0,是
603228,景旺电子,上证,周线,看涨吞没,Bullish Engulfing,看涨,2026-08-07,100,1.23,94.95,30.61,13,是
603211,晋拓股份,上证,月线,看涨吞没,Bullish Engulfing,看涨,2026-06-30,100,1.28,35.51,30.55,12,否
000551,创元科技,深证,月线,看涨吞没,Bullish Engulfing,看涨,2026-06-30,100,1.78,20.63,30.4,8,是
301176,逸豪新材,创业,周线,看涨吞没,Bullish Engulfing,看涨,2026-08-07,100,1.2,49.8,30.4,5,是
688813,泰金新能,科创,周线,看涨吞没,Bullish Engulfing,看涨,2026-08-07,93.7,0.87,128.99,30.29,4,否
688668,鼎通科技,科创,周线,看涨吞没,Bullish Engulfing,看涨,2026-08-07,86.4,1.13,247.9,30.28,4,否
688371,菲沃泰,科创,周线,看涨吞没,Bullish Engulfing,看涨,2026-08-07,100,0.96,28.58,30.21,2,是
688199,久日新材,科创,月线,看涨吞没,Bullish Engulfing,看涨,2026-06-30,100,1.77,34.53,30.15,1,否
300894,火星人,创业,周线,看涨吞没,Bullish Engulfing,看涨,2026-07-31,100,1.75,11.53,30.14,2,是
300672,国科微,创业,周线,看涨吞没,Bullish Engulfing,看涨,2026-08-07,89,1.09,168.48,30.1,0,否
000050,深天马Ａ,深证,月线,看涨吞没,Bullish Engulfing,看涨,2026-06-30,100,3.37,9.91,30.05,1,是
301628,强达电路,创业,月线,启明星,Morning Star,看涨,2026-05-29,100,1.61,136.45,30.05,1,是
688456,有研粉材,科创,周线,看涨吞没,Bullish Engulfing,看涨,2026-08-07,94.2,1.47,85.9,30.03,2,否
603687,大胜达,上证,月线,看涨吞没,Bullish Engulfing,看涨,2026-06-30,100,2.85,20.29,29.98,15,否
002990,盛视科技,深证,周线,看涨吞没,Bullish Engulfing,看涨,2026-08-07,93.4,1.26,52.82,29.97,16,否
603078,江化微,上证,周线,看涨吞没,Bullish Engulfing,看涨,2026-08-07,86.1,0.91,36.37,29.89,11,否
688202,美迪西,科创,周线,看涨吞没,Bullish Engulfing,看涨,2026-08-07,100,1.62,95.1,29.88,0,是
300440,运达科技,创业,周线,看涨吞没,Bullish Engulfing,看涨,2026-08-07,100,1.04,19,29.87,0,否
603696,安记食品,上证,周线,看涨吞没,Bullish Engulfing,看涨,2026-07-31,100,3.17,13.44,29.86,18,否
300990,同飞股份,创业,月线,看涨吞没,Bullish Engulfing,看涨,2026-06-30,100,1.51,105.07,29.72,1,否
300071,福石控股,创业,月线,看涨吞没,Bullish Engulfing,看涨,2026-07-31,100,1.9,4.54,29.71,4,是
300725,药石科技,创业,周线,看涨吞没,Bullish Engulfing,看涨,2026-08-07,100,2.45,47.5,29.71,0,是
688011,新光光电,科创,周线,看涨吞没,Bullish Engulfing,看涨,2026-08-07,100,1.5,81.15,29.63,0,是
301449,天溯计量,创业,周线,看涨吞没,Bullish Engulfing,看涨,2026-07-31,100,1.86,40.22,29.49,2,是
301373,凌玮科技,创业,周线,看涨吞没,Bullish Engulfing,看涨,2026-08-07,99.4,0.9,95.22,29.46,4,是
002876,三利谱,深证,月线,看涨吞没,Bullish Engulfing,看涨,2026-06-30,100,2.6,35.21,29.35,4,是
300138,晨光生物,创业,月线,看涨吞没,Bullish Engulfing,看涨,2026-07-31,100,0.91,11.64,29.33,0,是
300359,全通教育,创业,周线,看涨吞没,Bullish Engulfing,看涨,2026-07-31,100,4.36,4.41,29.33,1,是
603175,超颖电子,上证,月线,看涨吞没,Bullish Engulfing,看涨,2026-08-14,100,0.25,95.69,29.31,7,是
300333,兆日科技,创业,周线,看涨吞没,Bullish Engulfing,看涨,2026-07-29,100,0.86,8.87,29.3,2,是
300333,兆日科技,创业,周线,启明星,Morning Star,看涨,2026-07-29,100,0.86,8.87,29.3,2,是
300434,金石亚药,创业,月线,看涨吞没,Bullish Engulfing,看涨,2026-08-14,100,0.75,12.78,29.22,1,是
002612,朗姿股份,深证,周线,看涨吞没,Bullish Engulfing,看涨,2026-07-31,100,4.81,14.79,29.17,3,否
001378,德冠新材,深证,月线,看涨吞没,Bullish Engulfing,看涨,2026-08-14,100,1.58,21.31,29.15,3,是
300039,上海凯宝,创业,月线,看涨吞没,Bullish Engulfing,看涨,2026-07-31,100,2.65,5.5,29.11,0,是
301377,鼎泰高科,创业,周线,看涨吞没,Bullish Engulfing,看涨,2026-08-07,100,1.22,451.84,29.06,3,是
688583,思看科技,科创,月线,看涨吞没,Bullish Engulfing,看涨,2026-08-14,93.1,0.68,92.68,29.06,1,否
603936,博敏电子,上证,周线,看涨吞没,Bullish Engulfing,看涨,2026-08-07,92.8,0.88,15.93,28.99,12,否
301393,昊帆生物,创业,月线,看涨吞没,Bullish Engulfing,看涨,2026-08-14,100,0.77,68.2,28.97,0,是
300920,润阳科技,创业,月线,看涨吞没,Bullish Engulfing,看涨,2026-08-14,100,0.33,34.8,28.94,0,是
300700,岱勒新材,创业,周线,看涨吞没,Bullish Engulfing,看涨,2026-08-07,100,1.3,18.05,28.93,0,否
300480,光力科技,创业,月线,看涨吞没,Bullish Engulfing,看涨,2026-06-30,100,1.87,42.68,28.86,2,否
688011,新光光电,科创,月线,看涨吞没,Bullish Engulfing,看涨,2026-08-14,100,0.5,80.66,28.85,0,是
300677,英科医疗,创业,月线,看涨吞没,Bullish Engulfing,看涨,2026-07-31,100,1.04,50.45,28.8,0,是
688131,皓元医药,科创,月线,看涨吞没,Bullish Engulfing,看涨,2026-08-14,100,0.72,100.08,28.77,0,是
002636,金安国纪,深证,周线,看涨吞没,Bullish Engulfing,看涨,2026-08-07,93.1,1.34,65.4,28.66,23,否
688545,兴福电子,科创,周线,看涨吞没,Bullish Engulfing,看涨,2026-08-07,94.9,1.38,85.7,28.64,3,否
002655,共达电声,深证,周线,看涨吞没,Bullish Engulfing,看涨,2026-08-07,91.1,0.85,29.38,28.58,9,否
301123,奕东电子,创业,周线,看涨吞没,Bullish Engulfing,看涨,2026-08-07,98.7,0.86,73.98,28.53,7,是
600673,东阳光,上证,月线,看涨吞没,Bullish Engulfing,看涨,2026-08-14,100,0.4,36.45,28.53,13,是
603713,密尔克卫,上证,月线,看涨吞没,Bullish Engulfing,看涨,2026-06-30,100,3.27,71.17,28.42,3,否
300429,强力新材,创业,月线,看涨吞没,Bullish Engulfing,看涨,2026-06-30,100,1.38,17.72,28.41,0,是
600475,华光环能,上证,周线,启明星,Morning Star,看涨,2026-07-31,100,1.11,16,28.31,13,是
002522,浙江众成,深证,月线,看涨吞没,Bullish Engulfing,看涨,2026-06-30,100,2.34,7.97,28.14,7,是
300929,华骐环保,创业,月线,看涨吞没,Bullish Engulfing,看涨,2026-07-31,100,3.07,13.5,28.08,1,否
300058,蓝色光标,创业,周线,看涨吞没,Bullish Engulfing,看涨,2026-07-31,100,0.95,14.35,28.01,5,否
002317,众生药业,深证,月线,看涨吞没,Bullish Engulfing,看涨,2026-05-29,100,1.37,23.54,28,9,是
300943,春晖智控,创业,周线,看涨吞没,Bullish Engulfing,看涨,2026-08-07,100,1.1,28.07,27.94,2,是
001270,铖昌科技,深证,周线,看涨吞没,Bullish Engulfing,看涨,2026-08-07,100,1.24,118.38,27.9,2,是
300749,顶固集创,创业,月线,看涨吞没,Bullish Engulfing,看涨,2026-06-30,100,1.07,26.85,27.86,4,是
300169,天晟新材,创业,周线,看涨吞没,Bullish Engulfing,看涨,2026-07-31,100,3.55,5.51,27.84,1,是
301108,洁雅股份,创业,周线,启明星,Morning Star,看涨,2026-07-31,100,2.62,35.6,27.83,0,否
600961,株冶集团,上证,月线,看涨吞没,Bullish Engulfing,看涨,2026-06-30,100,2.09,32.39,27.82,8,否
600661,昂立教育,上证,月线,看涨吞没,Bullish Engulfing,看涨,2026-07-31,100,1.58,8.83,27.79,1,是
688403,汇成股份,科创,周线,看涨吞没,Bullish Engulfing,看涨,2026-08-07,79,1.09,25.25,27.72,1,否
300378,鼎捷数智,创业,周线,看涨吞没,Bullish Engulfing,看涨,2026-07-31,100,1.43,33.72,27.68,0,否
300378,鼎捷数智,创业,周线,启明星,Morning Star,看涨,2026-07-31,100,1.43,33.72,27.68,0,否
301169,零点有数,创业,周线,看涨吞没,Bullish Engulfing,看涨,2026-08-07,100,1.71,55.68,27.68,0,是
601857,中国石油,上证,月线,看涨吞没,Bullish Engulfing,看涨,2026-07-31,100,1.31,11.08,27.65,2,是
300576,容大感光,创业,周线,看涨吞没,Bullish Engulfing,看涨,2026-08-07,100,1.36,31.99,27.6,0,是
600436,片仔癀,上证,月线,看涨吞没,Bullish Engulfing,看涨,2026-07-31,100,4.35,139.44,27.6,1,是
301205,联特科技,创业,周线,看涨吞没,Bullish Engulfing,看涨,2026-08-07,100,1.29,281.88,27.55,4,否
000729,燕京啤酒,深证,月线,看涨吞没,Bullish Engulfing,看涨,2026-07-31,99.5,1.57,12.92,27.54,0,否
600489,中金黄金,上证,月线,看涨吞没,Bullish Engulfing,看涨,2026-07-31,95.7,1.42,23.01,27.48,5,否
000831,中国稀土,深证,月线,看涨吞没,Bullish Engulfing,看涨,2026-08-14,97.2,0.54,60.95,27.46,6,否
603871,嘉友国际,上证,月线,看涨吞没,Bullish Engulfing,看涨,2026-07-31,100,1.19,13.01,27.42,2,是
000012,南 玻Ａ,深证,月线,启明星,Morning Star,看涨,2026-06-30,100,4.4,5.16,27.41,6,是
301201,诚达药业,创业,周线,启明星,Morning Star,看涨,2026-08-07,100,0.97,35.34,27.4,2,是
688655,迅捷兴,科创,周线,看涨吞没,Bullish Engulfing,看涨,2026-08-07,100,0.79,38.66,27.38,3,是
301328,维峰电子,创业,月线,看涨吞没,Bullish Engulfing,看涨,2026-06-30,100,1.82,71.2,27.35,0,否
603004,鼎龙科技,上证,月线,看涨吞没,Bullish Engulfing,看涨,2026-06-30,100,1.02,24.09,27.33,3,是
300333,兆日科技,创业,月线,启明星,Morning Star,看涨,2026-08-14,100,0.17,11.28,27.17,2,是
301128,强瑞技术,创业,周线,看涨吞没,Bullish Engulfing,看涨,2026-08-07,94.2,0.94,114.33,26.96,3,否
301234,五洲医疗,创业,周线,看涨吞没,Bullish Engulfing,看涨,2026-08-07,100,3.61,83.62,26.91,5,是
000893,亚钾国际,深证,月线,看涨吞没,Bullish Engulfing,看涨,2026-07-31,100,1.76,51.86,26.83,0,否
688488,艾迪药业,科创,周线,看涨吞没,Bullish Engulfing,看涨,2026-08-07,100,1.4,17.54,26.83,1,否
600353,旭光电子,上证,周线,看涨吞没,Bullish Engulfing,看涨,2026-08-07,96.5,1.1,28.03,26.78,16,是
600396,华电辽能,上证,周线,看涨吞没,Bullish Engulfing,看涨,2026-07-24,100,1.35,14.77,26.78,28,否
603260,合盛硅业,上证,月线,看涨吞没,Bullish Engulfing,看涨,2026-06-30,100,3.51,48.26,26.77,4,是
600546,山煤国际,上证,月线,看涨吞没,Bullish Engulfing,看涨,2026-04-30,100,1.25,14.06,26.67,2,是
300868,杰美特,创业,周线,看涨吞没,Bullish Engulfing,看涨,2026-08-07,98.9,0.92,87.84,26.66,3,是
002222,福晶科技,深证,周线,看涨吞没,Bullish Engulfing,看涨,2026-08-07,100,1.02,62.07,26.6,9,是
688356,键凯科技,科创,月线,看涨吞没,Bullish Engulfing,看涨,2026-08-14,100,0.84,82.2,26.6,0,是
300303,聚飞光电,创业,月线,看涨吞没,Bullish Engulfing,看涨,2026-06-30,100,1.75,11.06,26.54,2,是
300861,美畅股份,创业,月线,看涨吞没,Bullish Engulfing,看涨,2026-06-30,100,3.35,25.19,26.52,2,否
300901,中胤时尚,创业,周线,看涨吞没,Bullish Engulfing,看涨,2026-07-31,100,1.97,15.44,26.45,0,是
603939,益丰药房,上证,月线,看涨吞没,Bullish Engulfing,看涨,2026-07-31,100,1.63,22.73,26.42,1,是
603721,中广天择,上证,月线,看涨吞没,Bullish Engulfing,看涨,2026-04-30,100,0.41,24.63,26.37,2,是
688323,瑞华泰,科创,周线,看涨吞没,Bullish Engulfing,看涨,2026-08-07,95.4,1.17,28.75,26.37,7,否
600630,龙头股份,上证,月线,看涨吞没,Bullish Engulfing,看涨,2026-06-30,100,1.71,9.74,26.33,1,是
301148,嘉戎技术,创业,月线,看涨吞没,Bullish Engulfing,看涨,2026-08-14,89.6,0.4,54.29,26.26,4,否
688004,博汇科技,科创,月线,看涨吞没,Bullish Engulfing,看涨,2026-07-31,100,1.13,22.98,26.26,0,是
002388,新亚制程,深证,月线,看涨吞没,Bullish Engulfing,看涨,2026-08-14,100,1.29,5.87,26.24,6,否
002584,西陇科学,深证,月线,看涨吞没,Bullish Engulfing,看涨,2026-06-30,100,1.57,9.48,26.23,7,否
688615,合合信息,科创,周线,看涨吞没,Bullish Engulfing,看涨,2026-07-31,100,1.56,114.88,26.21,0,否
688615,合合信息,科创,周线,启明星,Morning Star,看涨,2026-07-31,100,1.56,114.88,26.21,0,否
300492,华图山鼎,创业,周线,看涨吞没,Bullish Engulfing,看涨,2026-07-31,100,3.43,26.25,26.2,0,否
688678,福立旺,科创,周线,看涨吞没,Bullish Engulfing,看涨,2026-08-07,100,0.98,19.19,26.17,0,是
688678,福立旺,科创,周线,启明星,Morning Star,看涨,2026-08-07,100,0.98,19.19,26.17,0,是
002225,濮耐股份,深证,月线,看涨吞没,Bullish Engulfing,看涨,2026-06-30,100,2.55,4.73,26.13,2,是
002741,光华科技,深证,周线,看涨吞没,Bullish Engulfing,看涨,2026-08-07,100,0.88,26.3,26.08,9,否
002003,伟星股份,深证,月线,看涨吞没,Bullish Engulfing,看涨,2026-07-31,100,1.76,10.61,26.01,0,否
300548,长芯博创,创业,周线,看涨吞没,Bullish Engulfing,看涨,2026-08-07,98.8,1.15,177.04,26.01,1,是
600881,亚泰集团,上证,周线,看涨吞没,Bullish Engulfing,看涨,2026-08-14,100,4.21,2.18,26.01,11,是
300972,万辰集团,创业,月线,看涨吞没,Bullish Engulfing,看涨,2026-07-31,100,1.24,218.5,26,1,是
600415,小商品城,上证,月线,看涨吞没,Bullish Engulfing,看涨,2026-07-31,100,1.59,12.8,25.98,1,是
301161,唯万密封,创业,月线,看涨吞没,Bullish Engulfing,看涨,2026-06-30,100,1.57,38.61,25.93,0,是
688167,炬光科技,科创,周线,看涨吞没,Bullish Engulfing,看涨,2026-08-07,100,1.66,220.9,25.91,5,是
300561,汇金科技,创业,月线,启明星,Morning Star,看涨,2026-04-30,100,0.58,17.06,25.9,6,否
301602,超研股份,创业,月线,启明星,Morning Star,看涨,2026-08-14,100,0.95,18.9,25.83,1,是
605196,华通线缆,上证,周线,启明星,Morning Star,看涨,2026-07-24,100,2.21,29.62,25.83,10,否
688150,莱特光电,科创,周线,看涨吞没,Bullish Engulfing,看涨,2026-08-07,100,0.99,42.83,25.82,0,是
002963,豪尔赛,深证,月线,看涨吞没,Bullish Engulfing,看涨,2026-06-30,100,1.62,21.06,25.81,10,是
300525,博思软件,创业,月线,看涨吞没,Bullish Engulfing,看涨,2026-07-31,100,1.04,9.36,25.81,0,是
000571,新大洲A,深证,周线,看涨吞没,Bullish Engulfing,看涨,2026-08-07,100,1.73,7.37,25.77,12,是
000571,新大洲A,深证,周线,启明星,Morning Star,看涨,2026-08-07,100,1.73,7.37,25.77,12,是
603979,金诚信,上证,月线,看涨吞没,Bullish Engulfing,看涨,2026-07-31,100,1.43,74.24,25.77,2,是
301509,金凯生科,创业,月线,看涨吞没,Bullish Engulfing,看涨,2026-08-14,100,0.59,33.8,25.74,0,是
000722,湖南发展,深证,周线,看涨吞没,Bullish Engulfing,看涨,2026-07-17,100,0.9,13.83,25.73,7,是
688183,生益电子,科创,周线,看涨吞没,Bullish Engulfing,看涨,2026-08-07,100,0.75,118.78,25.69,2,否
601231,环旭电子,上证,周线,看涨吞没,Bullish Engulfing,看涨,2026-08-07,100,0.92,27.61,25.67,13,否
300525,博思软件,创业,周线,看涨吞没,Bullish Engulfing,看涨,2026-07-31,100,2.15,9.36,25.64,0,是
300715,凯伦股份,创业,周线,看涨吞没,Bullish Engulfing,看涨,2026-08-07,100,0.96,13.89,25.59,1,否
688238,和元生物,科创,周线,启明星,Morning Star,看涨,2026-08-07,100,1.51,6.93,25.54,0,否
000503,国新健康,深证,月线,看涨吞没,Bullish Engulfing,看涨,2026-07-31,100,1.04,7.72,25.53,3,是
603399,永杉锂业,上证,月线,看涨吞没,Bullish Engulfing,看涨,2026-06-30,100,3.99,22.48,25.52,10,否
002169,智光电气,深证,月线,看涨吞没,Bullish Engulfing,看涨,2026-05-29,100,1.52,16.43,25.42,7,否
300964,本川智能,创业,周线,看涨吞没,Bullish Engulfing,看涨,2026-08-07,100,0.98,59.18,25.41,3,是
301026,浩通科技,创业,月线,看涨吞没,Bullish Engulfing,看涨,2026-08-14,100,1.41,21.85,25.36,1,是
600172,黄河旋风,上证,周线,看涨吞没,Bullish Engulfing,看涨,2026-08-07,86.8,0.92,12.18,25.31,27,否
301209,联合化学,创业,周线,看涨吞没,Bullish Engulfing,看涨,2026-08-07,100,1.76,49.48,25.27,1,是
000725,京东方Ａ,深证,月线,启明星,Morning Star,看涨,2026-05-29,100,3.31,5.11,25.25,4,是
688617,惠泰医疗,科创,月线,看涨吞没,Bullish Engulfing,看涨,2026-07-31,100,2.4,227.4,25.25,0,否
300062,中能电气,创业,周线,看涨吞没,Bullish Engulfing,看涨,2026-07-24,100,1.78,6.8,25.23,4,否
688502,茂莱光学,科创,周线,看涨吞没,Bullish Engulfing,看涨,2026-08-07,100,0.96,397.5,25.2,1,是
300097,智云股份,创业,周线,看涨吞没,Bullish Engulfing,看涨,2026-08-07,100,1,9.41,25.13,0,否
600487,亨通光电,上证,周线,看涨吞没,Bullish Engulfing,看涨,2026-08-07,94.9,1.49,59.52,25.02,10,否
688635,长进光子,科创,周线,看涨吞没,Bullish Engulfing,看涨,2026-08-07,100,0.72,262.53,25.01,2,是
000620,盈新发展,深证,月线,看涨吞没,Bullish Engulfing,看涨,2026-06-30,100,2,3.5,25,28,是
301381,赛维时代,创业,月线,启明星,Morning Star,看涨,2026-07-31,100,2.08,23.05,25,0,否
600579,中化装备,上证,月线,看涨吞没,Bullish Engulfing,看涨,2026-06-30,100,1,8.26,24.96,5,是
002980,华盛昌,深证,周线,看涨吞没,Bullish Engulfing,看涨,2026-08-07,79.3,0.68,82.79,24.95,22,否
688352,颀中科技,科创,周线,看涨吞没,Bullish Engulfing,看涨,2026-08-07,100,1.02,17.38,24.95,1,否
688388,嘉元科技,科创,周线,看涨吞没,Bullish Engulfing,看涨,2026-08-07,100,1.1,28.8,24.95,1,否
688388,嘉元科技,科创,周线,启明星,Morning Star,看涨,2026-08-07,100,1.1,28.8,24.95,1,否
002973,侨银股份,深证,周线,启明星,Morning Star,看涨,2026-08-07,100,2.4,11.22,24.94,3,是
002900,哈三联,深证,月线,看涨吞没,Bullish Engulfing,看涨,2026-07-31,100,1.6,11.46,24.84,9,是
688600,皖仪科技,科创,月线,看涨吞没,Bullish Engulfing,看涨,2026-06-30,100,1.84,33.28,24.83,1,否
688046,药康生物,科创,月线,看涨吞没,Bullish Engulfing,看涨,2026-06-30,100,1.26,24.2,24.81,1,是
601869,长飞光纤,上证,周线,看涨吞没,Bullish Engulfing,看涨,2026-08-07,80.5,0.94,338.69,24.75,27,否
002796,世嘉科技,深证,周线,看涨吞没,Bullish Engulfing,看涨,2026-08-07,96.7,0.97,30.35,24.74,20,否
301040,中环海陆,创业,月线,看涨吞没,Bullish Engulfing,看涨,2026-08-14,100,0.31,28,24.67,1,是
300852,四会富仕,创业,周线,看涨吞没,Bullish Engulfing,看涨,2026-08-07,100,1.22,45.6,24.59,2,否
688337,普源精电,科创,月线,看涨吞没,Bullish Engulfing,看涨,2026-06-30,100,2.56,74.93,24.59,0,是
300648,星云股份,创业,周线,启明星,Morning Star,看涨,2026-08-07,100,1.29,40.3,24.57,0,否
002891,中宠股份,深证,月线,看涨吞没,Bullish Engulfing,看涨,2026-07-31,100,1.94,33.28,24.55,2,是
000503,国新健康,深证,周线,看涨吞没,Bullish Engulfing,看涨,2026-07-31,100,2.73,7.72,24.52,3,是
301603,乔锋智能,创业,周线,看涨吞没,Bullish Engulfing,看涨,2026-08-07,100,0.75,125.23,24.52,1,否
300746,汉嘉数智,创业,月线,启明星,Morning Star,看涨,2026-07-31,100,0.95,13.46,24.51,0,否
603918,金桥信息,上证,周线,看涨吞没,Bullish Engulfing,看涨,2026-07-31,100,4.02,11.38,24.51,2,否
301312,智立方,创业,周线,看涨吞没,Bullish Engulfing,看涨,2026-08-07,100,1.21,69.07,24.5,3,是
688068,热景生物,科创,月线,看涨吞没,Bullish Engulfing,看涨,2026-07-31,100,2.19,107.8,24.48,1,是
688503,聚和材料,科创,周线,看涨吞没,Bullish Engulfing,看涨,2026-08-07,100,1.16,75.89,24.45,1,是
300454,深信服,创业,月线,看涨吞没,Bullish Engulfing,看涨,2026-07-31,100,2.35,119.71,24.44,2,是
300935,盈建科,创业,月线,看涨吞没,Bullish Engulfing,看涨,2026-08-14,100,1.72,31.47,24.44,1,是
002938,鹏鼎控股,深证,周线,看涨吞没,Bullish Engulfing,看涨,2026-08-07,98.9,0.75,101.41,24.43,10,否
300145,南方泵业,创业,月线,看涨吞没,Bullish Engulfing,看涨,2026-06-30,100,2.23,5.45,24.43,1,是
688308,欧科亿,科创,周线,看涨吞没,Bullish Engulfing,看涨,2026-08-07,100,1.09,102.56,24.33,1,是
300063,天龙集团,创业,周线,看涨吞没,Bullish Engulfing,看涨,2026-07-31,100,1.21,9.1,24.32,4,否
688233,神工股份,科创,周线,看涨吞没,Bullish Engulfing,看涨,2026-08-07,91.9,1.45,116.15,24.32,4,否
688727,恒坤新材,科创,周线,看涨吞没,Bullish Engulfing,看涨,2026-08-07,88.3,1.06,47.6,24.28,1,否
000948,南天信息,深证,周线,看涨吞没,Bullish Engulfing,看涨,2026-07-31,100,5.49,15.78,24.25,2,是
002916,深南电路,深证,周线,看涨吞没,Bullish Engulfing,看涨,2026-08-07,98.9,0.95,382.63,24.23,13,否
603533,掌阅科技,上证,周线,看涨吞没,Bullish Engulfing,看涨,2026-07-31,100,1.35,22.26,24.22,12,否
605589,圣泉集团,上证,周线,看涨吞没,Bullish Engulfing,看涨,2026-08-07,91.5,0.97,42.38,24.21,9,否
301393,昊帆生物,创业,周线,看涨吞没,Bullish Engulfing,看涨,2026-08-07,100,1.31,65.67,24.19,0,是
000426,兴业银锡,深证,周线,看涨吞没,Bullish Engulfing,看涨,2026-08-07,100,1.31,39.48,24.15,7,是
300666,江丰电子,创业,周线,看涨吞没,Bullish Engulfing,看涨,2026-08-07,91.3,1.23,252.54,24.15,2,否
301150,中一科技,创业,周线,看涨吞没,Bullish Engulfing,看涨,2026-08-07,100,1.36,40.91,24.04,3,否
002657,中科金财,深证,月线,看涨吞没,Bullish Engulfing,看涨,2026-06-30,100,0.9,21.83,24.03,6,是
300566,激智科技,创业,周线,看涨吞没,Bullish Engulfing,看涨,2026-08-07,100,1.17,26.95,24.02,1,是
688257,新锐股份,科创,周线,看涨吞没,Bullish Engulfing,看涨,2026-08-07,88.8,1.49,63,24.02,0,否
300937,药易购,创业,月线,看涨吞没,Bullish Engulfing,看涨,2026-07-31,100,2.04,23.92,24,3,是
600629,华建集团,上证,周线,看涨吞没,Bullish Engulfing,看涨,2026-07-31,100,1.63,14.63,23.98,21,否
300200,高盟新材,创业,月线,看涨吞没,Bullish Engulfing,看涨,2026-06-30,100,0.94,11.49,23.95,1,否
300909,汇创达,创业,周线,看涨吞没,Bullish Engulfing,看涨,2026-08-07,100,0.91,50.15,23.95,0,是
603256,宏和科技,上证,周线,看涨吞没,Bullish Engulfing,看涨,2026-08-07,89.6,1.49,158.8,23.94,30,否
000506,招金黄金,深证,月线,看涨吞没,Bullish Engulfing,看涨,2026-07-31,100,1.94,14.52,23.89,20,是
301070,开勒股份,创业,周线,看涨吞没,Bullish Engulfing,看涨,2026-08-07,95.8,0.84,67.49,23.88,1,否
600272,开开实业,上证,周线,启明星,Morning Star,看涨,2026-08-07,100,2.44,12.97,23.88,8,是
688689,银河微电,科创,周线,看涨吞没,Bullish Engulfing,看涨,2026-08-07,100,1.59,40.62,23.84,0,是
688620,安凯微,科创,月线,看涨吞没,Bullish Engulfing,看涨,2026-08-14,100,0.66,16.12,23.81,0,是
603678,火炬电子,上证,周线,看涨吞没,Bullish Engulfing,看涨,2026-08-07,100,1.48,50.25,23.71,10,否
002491,通鼎互联,深证,周线,看涨吞没,Bullish Engulfing,看涨,2026-08-07,86.9,0.92,17.26,23.64,26,否
002779,中坚科技,深证,周线,启明星,Morning Star,看涨,2026-08-07,100,1.02,70.96,23.62,6,是
002659,凯文教育,深证,月线,看涨吞没,Bullish Engulfing,看涨,2026-07-31,100,0.9,4.62,23.53,6,是
600588,用友网络,上证,周线,启明星,Morning Star,看涨,2026-07-31,100,1.63,11.08,23.52,4,否
603380,易德龙,上证,月线,看涨吞没,Bullish Engulfing,看涨,2026-06-30,100,1.88,45.09,23.5,7,是
600936,北投科技,上证,月线,看涨吞没,Bullish Engulfing,看涨,2026-07-31,100,2.18,5.31,23.49,13,是
603519,立霸股份,上证,月线,看涨吞没,Bullish Engulfing,看涨,2026-06-30,100,1.91,15.3,23.49,1,否
603618,杭电股份,上证,周线,看涨吞没,Bullish Engulfing,看涨,2026-08-07,100,1.2,27.65,23.49,31,是
000059,华锦股份,深证,月线,看涨吞没,Bullish Engulfing,看涨,2026-07-31,100,1.59,4.63,23.47,0,否
002774,快意电梯,深证,月线,看涨吞没,Bullish Engulfing,看涨,2026-06-30,100,1.1,14.21,23.46,11,是
000892,欢瑞世纪,深证,周线,看涨吞没,Bullish Engulfing,看涨,2026-07-31,100,1.75,3.69,23.41,24,是
300467,迅游科技,创业,月线,看涨吞没,Bullish Engulfing,看涨,2026-08-14,100,0.24,38.32,23.41,0,是
301448,开创电气,创业,月线,看涨吞没,Bullish Engulfing,看涨,2026-08-14,95.7,0.55,48.8,23.39,0,否
688166,博瑞医药,科创,周线,看涨吞没,Bullish Engulfing,看涨,2026-07-17,100,1.83,38.48,23.37,2,否
301252,同星科技,创业,月线,看涨吞没,Bullish Engulfing,看涨,2026-06-30,100,1.2,40.53,23.34,0,是
600549,厦门钨业,上证,周线,看涨吞没,Bullish Engulfing,看涨,2026-08-07,100,1.41,58.03,23.34,7,否
688328,深科达,科创,周线,看涨吞没,Bullish Engulfing,看涨,2026-08-07,79.8,1.05,76.95,23.32,5,否
688025,杰普特,科创,周线,看涨吞没,Bullish Engulfing,看涨,2026-08-07,84.8,0.94,342.81,23.31,3,否
600611,大众交通,上证,月线,启明星,Morning Star,看涨,2026-08-14,100,1.39,5.08,23.3,9,是
603766,隆鑫通用,上证,月线,看涨吞没,Bullish Engulfing,看涨,2026-07-31,100,0.88,14.71,23.3,0,是
002365,永安药业,深证,月线,看涨吞没,Bullish Engulfing,看涨,2026-07-31,100,1.41,12.47,23.22,3,是
600378,昊华科技,上证,周线,看涨吞没,Bullish Engulfing,看涨,2026-08-07,100,1.62,49.09,23.19,8,否
300359,全通教育,创业,月线,看涨吞没,Bullish Engulfing,看涨,2026-07-31,100,1.61,4.41,23.18,1,是
688720,艾森股份,科创,周线,看涨吞没,Bullish Engulfing,看涨,2026-08-07,83.4,1.28,65.7,23.15,2,否
300192,科德教育,创业,周线,启明星,Morning Star,看涨,2026-07-31,100,2.19,12.51,23.13,3,否
300395,菲利华,创业,周线,看涨吞没,Bullish Engulfing,看涨,2026-08-07,96.5,0.82,89.6,23.13,1,否
301071,力量钻石,创业,周线,看涨吞没,Bullish Engulfing,看涨,2026-08-07,81.6,0.83,61.6,23.13,1,否
300975,商络电子,创业,周线,看涨吞没,Bullish Engulfing,看涨,2026-08-07,86.2,0.92,28.22,23.12,2,否
301348,蓝箭电子,创业,月线,看涨吞没,Bullish Engulfing,看涨,2026-06-30,100,1.87,31.58,23.07,2,否
002212,天融信,深证,周线,启明星,Morning Star,看涨,2026-07-31,100,3.08,6.57,23.03,9,否
301389,隆扬电子,创业,周线,看涨吞没,Bullish Engulfing,看涨,2026-08-07,87.7,0.8,53.84,23.01,2,否
603903,中持股份,上证,月线,看涨吞没,Bullish Engulfing,看涨,2026-06-30,100,1.23,13.49,22.97,11,是
688387,信科移动,科创,月线,看涨吞没,Bullish Engulfing,看涨,2026-06-30,95.8,1.47,19.84,22.92,2,否
300599,雄塑科技,创业,月线,看涨吞没,Bullish Engulfing,看涨,2026-08-14,100,0.54,11.64,22.91,1,是
002436,兴森科技,深证,周线,看涨吞没,Bullish Engulfing,看涨,2026-08-07,78.2,0.96,33.8,22.86,7,否
301018,申菱环境,创业,周线,看涨吞没,Bullish Engulfing,看涨,2026-08-07,79.8,1.07,86.68,22.85,0,否
601058,赛轮轮胎,上证,月线,看涨吞没,Bullish Engulfing,看涨,2026-07-31,100,1.65,14.16,22.81,0,否
603079,圣达生物,上证,月线,看涨吞没,Bullish Engulfing,看涨,2026-08-14,100,0.34,13.41,22.8,2,是
301520,万邦医药,创业,周线,看涨吞没,Bullish Engulfing,看涨,2026-08-07,100,3.2,56.33,22.7,5,是
603556,海兴电力,上证,月线,看涨吞没,Bullish Engulfing,看涨,2026-07-31,100,2,26.99,22.68,5,是
600516,方大炭素,上证,月线,看涨吞没,Bullish Engulfing,看涨,2026-06-30,100,2.91,6.17,22.66,9,是
000526,学大教育,深证,周线,看涨吞没,Bullish Engulfing,看涨,2026-07-24,100,3.24,32.48,22.57,2,否
300369,绿盟科技,创业,周线,看涨吞没,Bullish Engulfing,看涨,2026-07-31,100,2.46,7.44,22.57,1,是
300199,翰宇药业,创业,月线,看涨吞没,Bullish Engulfing,看涨,2026-08-14,100,0.55,25.86,22.56,0,否
000011,深物业A,深证,月线,看涨吞没,Bullish Engulfing,看涨,2026-07-31,100,1.82,7.94,22.53,5,是
688218,江苏北人,科创,周线,看涨吞没,Bullish Engulfing,看涨,2026-08-07,83.7,0.71,39.48,22.53,0,否
603127,昭衍新药,上证,周线,看涨吞没,Bullish Engulfing,看涨,2026-08-07,100,1.35,50.89,22.51,12,否
605318,法狮龙,上证,月线,看涨吞没,Bullish Engulfing,看涨,2026-06-30,100,1.49,112.86,22.51,17,是
002134,天津普林,深证,周线,看涨吞没,Bullish Engulfing,看涨,2026-08-07,100,0.77,22.55,22.49,4,是
300863,卡倍亿,创业,周线,看涨吞没,Bullish Engulfing,看涨,2026-08-07,100,1.02,40.65,22.48,0,否
603790,雅运股份,上证,月线,看涨吞没,Bullish Engulfing,看涨,2026-08-14,100,0.57,25.72,22.48,5,否
300875,捷强装备,创业,月线,看涨吞没,Bullish Engulfing,看涨,2026-07-31,100,0.96,34.98,22.44,0,是
688312,燕麦科技,科创,周线,看涨吞没,Bullish Engulfing,看涨,2026-08-07,100,0.92,49.02,22.37,0,是
001328,登康口腔,深证,月线,看涨吞没,Bullish Engulfing,看涨,2026-07-31,100,1.12,31.7,22.35,1,是
003031,中瓷电子,深证,周线,看涨吞没,Bullish Engulfing,看涨,2026-08-07,100,0.88,115.86,22.34,15,是
300319,麦捷科技,创业,周线,看涨吞没,Bullish Engulfing,看涨,2026-08-07,100,1.27,17.25,22.34,1,是
688205,德科立,科创,周线,看涨吞没,Bullish Engulfing,看涨,2026-08-07,100,0.93,141.41,22.32,5,是
688182,灿勤科技,科创,周线,看涨吞没,Bullish Engulfing,看涨,2026-08-07,100,0.87,27.69,22.31,1,是
601003,柳钢股份,上证,月线,看涨吞没,Bullish Engulfing,看涨,2026-07-31,100,0.74,4.12,22.26,2,是
603002,宏昌电子,上证,周线,看涨吞没,Bullish Engulfing,看涨,2026-08-07,89.2,0.86,15.05,22.26,12,否
000721,西安饮食,深证,月线,看涨吞没,Bullish Engulfing,看涨,2026-07-31,100,0.53,6.65,22.24,2,是
002322,理工能科,深证,周线,看涨吞没,Bullish Engulfing,看涨,2026-08-14,100,1.53,13.05,22.19,2,是
301592,六九一二,创业,月线,看涨吞没,Bullish Engulfing,看涨,2026-06-30,94.2,1.19,132.35,22.14,0,否
600367,红星发展,上证,周线,看涨吞没,Bullish Engulfing,看涨,2026-08-07,100,0.97,32.96,22.12,14,是
002957,科瑞技术,深证,周线,看涨吞没,Bullish Engulfing,看涨,2026-08-07,100,0.85,41.31,22.11,17,是
300558,贝达药业,创业,周线,看涨吞没,Bullish Engulfing,看涨,2026-08-07,100,1.06,70.21,22.1,0,是
300798,锦鸡股份,创业,周线,看涨吞没,Bullish Engulfing,看涨,2026-07-31,100,1.72,7.3,22.07,2,是
300798,锦鸡股份,创业,周线,启明星,Morning Star,看涨,2026-07-31,100,1.72,7.3,22.07,2,是
301218,华是科技,创业,月线,看涨吞没,Bullish Engulfing,看涨,2026-06-30,100,1.94,41.2,22.07,1,否
301486,致尚科技,创业,周线,看涨吞没,Bullish Engulfing,看涨,2026-08-07,86.5,0.8,152.11,22.05,6,否
688191,智洋创新,科创,周线,看涨吞没,Bullish Engulfing,看涨,2026-08-07,100,1.37,21.43,22.04,0,否
301571,国科天成,创业,月线,看涨吞没,Bullish Engulfing,看涨,2026-08-14,100,0.65,68.46,22.03,0,是
300271,华宇软件,创业,月线,看涨吞没,Bullish Engulfing,看涨,2026-07-31,99.5,0.71,5.88,21.99,0,否
002966,苏州银行,深证,月线,看涨吞没,Bullish Engulfing,看涨,2026-07-31,100,1.47,8.49,21.98,0,是
001378,德冠新材,深证,周线,启明星,Morning Star,看涨,2026-08-07,100,1.68,20.12,21.94,3,是
301035,润丰股份,创业,月线,看涨吞没,Bullish Engulfing,看涨,2026-07-31,100,1.45,56.58,21.94,0,是
300889,爱克股份,创业,周线,启明星,Morning Star,看涨,2026-08-07,100,0.94,21,21.88,0,否
688108,赛诺医疗,科创,月线,看涨吞没,Bullish Engulfing,看涨,2026-08-14,91.1,0.45,19.16,21.88,3,否
688290,景业智能,科创,月线,看涨吞没,Bullish Engulfing,看涨,2026-08-14,89.6,0.26,67.28,21.88,0,否
600259,中稀有色,上证,月线,看涨吞没,Bullish Engulfing,看涨,2026-06-30,100,1.5,101.61,21.85,8,是
688373,盟科药业,科创,月线,看涨吞没,Bullish Engulfing,看涨,2026-08-14,100,0.6,5.52,21.85,1,是
301231,荣信文化,创业,周线,看涨吞没,Bullish Engulfing,看涨,2026-07-31,94.9,0.94,26.41,21.82,7,否
601609,金田股份,上证,月线,看涨吞没,Bullish Engulfing,看涨,2026-05-29,100,2.46,12.35,21.79,8,否
688584,上海合晶,科创,周线,看涨吞没,Bullish Engulfing,看涨,2026-08-07,99.9,1.25,28.98,21.76,4,是
300878,维康药业,创业,月线,看涨吞没,Bullish Engulfing,看涨,2026-08-14,100,0.58,34.7,21.75,2,是
301186,超达装备,创业,周线,看涨吞没,Bullish Engulfing,看涨,2026-08-07,90.6,0.74,35.67,21.74,0,否
688280,精进电动,科创,周线,看涨吞没,Bullish Engulfing,看涨,2026-07-31,100,1.14,5.32,21.74,2,是
688280,精进电动,科创,周线,启明星,Morning Star,看涨,2026-07-31,100,1.14,5.32,21.74,2,是
600105,永鼎股份,上证,周线,看涨吞没,Bullish Engulfing,看涨,2026-08-07,100,1.44,39,21.72,20,否
002367,康力电梯,深证,月线,看涨吞没,Bullish Engulfing,看涨,2026-06-30,100,1.9,6.91,21.65,1,是
300731,科创新源,创业,周线,看涨吞没,Bullish Engulfing,看涨,2026-08-07,92.6,0.87,38.55,21.65,1,否
000661,长春高新,深证,月线,看涨吞没,Bullish Engulfing,看涨,2026-07-31,100,2.01,81,21.62,3,否
000848,承德露露,深证,月线,看涨吞没,Bullish Engulfing,看涨,2026-07-31,100,1.39,9,21.62,0,是
600869,远东股份,上证,周线,看涨吞没,Bullish Engulfing,看涨,2026-08-07,87.5,1.17,16.16,21.6,15,否
300025,华星创业,创业,月线,启明星,Morning Star,看涨,2026-08-14,100,0.52,5.3,21.56,0,是
300892,品渥食品,创业,周线,看涨吞没,Bullish Engulfing,看涨,2026-07-31,100,5.2,22.06,21.54,0,是
600707,彩虹股份,上证,周线,看涨吞没,Bullish Engulfing,看涨,2026-08-07,87.7,0.77,9.48,21.54,12,否
600665,天地源,上证,月线,看涨吞没,Bullish Engulfing,看涨,2026-08-14,100,0.59,3.45,21.48,4,是
301257,普蕊斯,创业,周线,看涨吞没,Bullish Engulfing,看涨,2026-08-07,100,1.51,47.2,21.46,2,是
600376,首开股份,上证,周线,启明星,Morning Star,看涨,2026-07-31,100,1.68,4.02,21.45,27,否
601728,中国电信,上证,月线,看涨吞没,Bullish Engulfing,看涨,2026-07-31,100,1.13,6.3,21.39,0,是
688418,震有科技,科创,周线,看涨吞没,Bullish Engulfing,看涨,2026-08-07,100,0.7,37.74,21.35,1,是
002463,沪电股份,深证,周线,看涨吞没,Bullish Engulfing,看涨,2026-08-07,94.9,0.84,125.87,21.32,9,否
002607,中公教育,深证,周线,看涨吞没,Bullish Engulfing,看涨,2026-07-31,100,1.98,2.11,21.26,7,是
688597,煜邦电力,科创,月线,启明星,Morning Star,看涨,2026-08-14,100,0.69,7.3,21.26,0,否
300718,长盛轴承,创业,周线,启明星,Morning Star,看涨,2026-07-31,100,1.18,64.38,21.17,1,是
000608,阳光股份,深证,月线,看涨吞没,Bullish Engulfing,看涨,2026-05-29,100,0.81,4.58,21.16,7,否
300331,苏大维格,创业,周线,看涨吞没,Bullish Engulfing,看涨,2026-08-07,100,1.02,47.14,21.15,2,是
000902,新洋丰,深证,月线,看涨吞没,Bullish Engulfing,看涨,2026-07-31,100,1.35,14,21.11,0,是
600552,凯盛科技,上证,周线,看涨吞没,Bullish Engulfing,看涨,2026-08-07,100,0.87,18.2,21.09,9,否
600310,广西能源,上证,月线,看涨吞没,Bullish Engulfing,看涨,2026-05-29,100,3.42,5.98,21.05,7,是
002131,利欧股份,深证,周线,看涨吞没,Bullish Engulfing,看涨,2026-07-31,100,1.32,4.66,21.04,15,否
002131,利欧股份,深证,周线,启明星,Morning Star,看涨,2026-07-31,100,1.32,4.66,21.04,15,否
688002,睿创微纳,科创,月线,看涨吞没,Bullish Engulfing,看涨,2026-06-30,100,1.55,154.69,21.04,2,否
002357,富临运业,深证,月线,看涨吞没,Bullish Engulfing,看涨,2026-08-14,100,0.42,10.43,21,5,是
301171,易点天下,创业,周线,看涨吞没,Bullish Engulfing,看涨,2026-07-31,99.2,0.8,30.49,20.99,5,否
301171,易点天下,创业,周线,启明星,Morning Star,看涨,2026-07-31,100,0.8,30.49,20.99,5,否
605358,立昂微,上证,周线,看涨吞没,Bullish Engulfing,看涨,2026-08-07,84.4,0.95,44.88,20.97,13,否
002659,凯文教育,深证,周线,看涨吞没,Bullish Engulfing,看涨,2026-07-31,100,1.88,4.62,20.94,6,是
301667,纳百川,创业,周线,看涨吞没,Bullish Engulfing,看涨,2026-07-31,100,0.67,66.51,20.93,4,否
301667,纳百川,创业,周线,启明星,Morning Star,看涨,2026-07-31,100,0.67,66.51,20.93,4,否
600120,浙江东方,上证,月线,看涨吞没,Bullish Engulfing,看涨,2026-07-31,100,0.76,5.2,20.93,1,是
603938,三孚股份,上证,周线,看涨吞没,Bullish Engulfing,看涨,2026-08-07,86.1,0.72,43.11,20.93,24,否
688359,三孚新科,科创,周线,看涨吞没,Bullish Engulfing,看涨,2026-08-07,87.7,1.6,104.6,20.92,0,否
301121,紫建电子,创业,月线,看涨吞没,Bullish Engulfing,看涨,2026-08-14,100,0.23,36.92,20.89,1,是
301121,紫建电子,创业,月线,启明星,Morning Star,看涨,2026-08-14,100,0.23,36.92,20.89,1,是
605162,新中港,上证,周线,看涨吞没,Bullish Engulfing,看涨,2026-07-24,100,1.18,8.64,20.84,12,否
603919,金徽酒,上证,月线,看涨吞没,Bullish Engulfing,看涨,2026-05-29,100,2.17,21.46,20.83,5,否
688228,开普云,科创,月线,看涨吞没,Bullish Engulfing,看涨,2026-08-14,100,0.47,79.75,20.82,4,是
688345,博力威,科创,周线,看涨吞没,Bullish Engulfing,看涨,2026-07-31,100,0.85,50.15,20.81,2,是
301408,华人健康,创业,月线,看涨吞没,Bullish Engulfing,看涨,2026-08-14,100,0.79,17.08,20.79,4,否
688307,中润光学,科创,周线,看涨吞没,Bullish Engulfing,看涨,2026-08-07,89.9,0.76,46.5,20.78,1,否
300937,药易购,创业,周线,看涨吞没,Bullish Engulfing,看涨,2026-07-17,100,5.49,23.6,20.72,3,是
301068,大地海洋,创业,月线,启明星,Morning Star,看涨,2026-08-14,100,0.64,29.13,20.67,1,是
300632,光莆股份,创业,周线,看涨吞没,Bullish Engulfing,看涨,2026-08-07,100,0.8,19.17,20.64,3,否
603693,江苏新能,上证,月线,看涨吞没,Bullish Engulfing,看涨,2026-05-29,100,2.65,17.77,20.64,3,是
002279,久其软件,深证,月线,看涨吞没,Bullish Engulfing,看涨,2026-07-31,100,0.77,6.9,20.63,8,是
600198,大唐电信,上证,月线,看涨吞没,Bullish Engulfing,看涨,2026-06-30,100,1.53,9.65,20.63,8,是
688428,诺诚健华,科创,月线,看涨吞没,Bullish Engulfing,看涨,2026-08-14,100,0.81,31.92,20.63,0,是
000506,招金黄金,深证,周线,启明星,Morning Star,看涨,2026-07-31,100,2.01,14.52,20.6,20,是
300346,南大光电,创业,周线,看涨吞没,Bullish Engulfing,看涨,2026-08-07,86.7,1.1,58.32,20.6,1,否
603556,海兴电力,上证,周线,看涨吞没,Bullish Engulfing,看涨,2026-07-31,100,2.46,26.99,20.6,5,是
603655,朗博科技,上证,周线,启明星,Morning Star,看涨,2026-08-07,100,0.58,30.04,20.59,8,是
300624,万兴科技,创业,周线,启明星,Morning Star,看涨,2026-07-31,100,1.48,53.51,20.57,1,否
601121,宝地矿业,上证,月线,看涨吞没,Bullish Engulfing,看涨,2026-07-31,100,1.59,6.8,20.57,3,否
300426,华智数媒,创业,月线,启明星,Morning Star,看涨,2026-08-14,100,1.47,6.75,20.54,2,否
002585,双星新材,深证,周线,看涨吞没,Bullish Engulfing,看涨,2026-07-31,84.8,0.99,9.1,20.53,16,否
688141,杰华特,科创,周线,看涨吞没,Bullish Engulfing,看涨,2026-08-07,81.1,1.03,137.51,20.51,3,否
300170,汉得信息,创业,周线,看涨吞没,Bullish Engulfing,看涨,2026-07-31,100,0.98,16.65,20.48,1,否
300170,汉得信息,创业,周线,启明星,Morning Star,看涨,2026-07-31,100,0.98,16.65,20.48,1,否
300763,锦浪科技,创业,月线,看涨吞没,Bullish Engulfing,看涨,2026-05-29,100,1.07,114.52,20.47,1,是
600398,海澜之家,上证,月线,看涨吞没,Bullish Engulfing,看涨,2026-07-31,100,0.85,6.3,20.46,0,否
600398,海澜之家,上证,月线,启明星,Morning Star,看涨,2026-07-31,100,0.85,6.3,20.46,0,否
002645,华宏科技,深证,周线,看涨吞没,Bullish Engulfing,看涨,2026-08-07,98.6,1.13,19.21,20.44,15,否
300849,锦盛新材,创业,月线,看涨吞没,Bullish Engulfing,看涨,2026-08-14,88.8,0.38,21.74,20.38,1,否
301333,诺思格,创业,周线,看涨吞没,Bullish Engulfing,看涨,2026-08-07,100,1.31,56.81,20.36,2,是
301333,诺思格,创业,周线,启明星,Morning Star,看涨,2026-08-07,100,1.31,56.81,20.36,2,是
301528,多浦乐,创业,月线,看涨吞没,Bullish Engulfing,看涨,2026-06-30,100,3.3,81.9,20.33,1,是
605376,博迁新材,上证,周线,看涨吞没,Bullish Engulfing,看涨,2026-08-07,100,1.47,163.97,20.33,17,否
002793,罗欣药业,深证,月线,看涨吞没,Bullish Engulfing,看涨,2026-07-31,100,2.36,4.62,20.31,5,是
600500,中化国际,上证,周线,看涨吞没,Bullish Engulfing,看涨,2026-08-07,100,0.83,5.51,20.31,10,否
688478,晶升股份,科创,周线,看涨吞没,Bullish Engulfing,看涨,2026-08-07,94.3,0.86,48.94,20.28,4,否
600641,先导基电,上证,周线,看涨吞没,Bullish Engulfing,看涨,2026-08-07,85.8,1.4,31.28,20.26,12,否
601138,工业富联,上证,周线,看涨吞没,Bullish Engulfing,看涨,2026-08-07,100,1.01,68.18,20.25,7,否
301357,北方长龙,创业,月线,看涨吞没,Bullish Engulfing,看涨,2026-07-31,100,0.93,95.1,20.24,3,是
603045,福达合金,上证,周线,看涨吞没,Bullish Engulfing,看涨,2026-08-07,90.5,0.83,56.31,20.24,15,否
603061,金海通,上证,周线,看涨吞没,Bullish Engulfing,看涨,2026-08-07,89.1,1.21,316.7,20.24,18,否
688485,九州一轨,科创,月线,看涨吞没,Bullish Engulfing,看涨,2026-06-30,100,2.33,64.06,20.17,5,是
000823,超声电子,深证,周线,看涨吞没,Bullish Engulfing,看涨,2026-08-07,100,1.2,15.14,20.16,8,否
300606,金太阳,创业,月线,看涨吞没,Bullish Engulfing,看涨,2026-06-30,100,1.34,42.56,20.16,2,是
300322,硕贝德,创业,周线,看涨吞没,Bullish Engulfing,看涨,2026-08-07,100,0.92,18.98,20.13,0,否
301068,大地海洋,创业,周线,启明星,Morning Star,看涨,2026-08-07,100,1.18,29,20.13,1,是
688435,英方软件,科创,周线,看涨吞没,Bullish Engulfing,看涨,2026-07-31,100,1.31,30.43,20.13,2,否
688435,英方软件,科创,周线,启明星,Morning Star,看涨,2026-07-31,100,1.31,30.43,20.13,2,否
600986,浙文互联,上证,周线,看涨吞没,Bullish Engulfing,看涨,2026-07-31,100,1.01,7.82,20.12,11,否
600986,浙文互联,上证,周线,启明星,Morning Star,看涨,2026-07-31,100,1.01,7.82,20.12,11,否
601003,柳钢股份,上证,周线,看涨吞没,Bullish Engulfing,看涨,2026-07-31,100,2.01,4.12,20.12,2,是
002952,亚世光电,深证,月线,启明星,Morning Star,看涨,2026-04-30,100,1.68,27.6,20.1,9,否
603106,恒银科技,上证,周线,看涨吞没,Bullish Engulfing,看涨,2026-07-31,100,1.27,7.47,20.1,9,否
688531,日联科技,科创,周线,看涨吞没,Bullish Engulfing,看涨,2026-08-07,91.5,0.9,136.65,20.09,2,否
002888,惠威科技,深证,月线,看涨吞没,Bullish Engulfing,看涨,2026-06-30,100,1.05,21.98,20.04,6,否
688045,必易微,科创,周线,看涨吞没,Bullish Engulfing,看涨,2026-08-07,100,0.92,56.18,20.04,0,是
688137,近岸蛋白,科创,日线,看涨吞没,Bullish Engulfing,看涨,2026-08-13,100,3.38,64,20.01,2,是
688265,南模生物,科创,日线,看涨吞没,Bullish Engulfing,看涨,2026-08-13,100,2.95,52.42,20.01,2,否
688598,金博股份,科创,周线,看涨吞没,Bullish Engulfing,看涨,2026-08-07,96.4,1.15,30.35,20.01,2,否
301529,福赛科技,创业,日线,看涨吞没,Bullish Engulfing,看涨,2026-08-11,100,2.1,96.16,20,3,是
301550,斯菱智驱,创业,日线,看涨吞没,Bullish Engulfing,看涨,2026-08-11,100,2.32,87.42,20,1,否
688167,炬光科技,科创,日线,启明星,Morning Star,看涨,2026-08-12,100,0.91,245.52,20,5,是
688635,长进光子,科创,日线,启明星,Morning Star,看涨,2026-08-12,100,2.38,300.02,20,2,是
300042,朗科科技,创业,周线,看涨吞没,Bullish Engulfing,看涨,2026-08-07,99.5,0.72,47.1,19.97,3,否
300534,陇神戎发,创业,日线,看涨吞没,Bullish Engulfing,看涨,2026-08-13,100,1.08,18.92,19.97,4,是
301602,超研股份,创业,日线,看涨吞没,Bullish Engulfing,看涨,2026-08-12,100,3.83,18.38,19.97,1,是
603232,格尔软件,上证,周线,看涨吞没,Bullish Engulfing,看涨,2026-07-31,100,1.5,15.5,19.97,14,否
603232,格尔软件,上证,周线,启明星,Morning Star,看涨,2026-07-31,100,1.5,15.5,19.97,14,否
603391,力聚热能,上证,周线,启明星,Morning Star,看涨,2026-08-07,100,1.62,60.38,19.97,2,否
688220,翱捷科技,科创,周线,看涨吞没,Bullish Engulfing,看涨,2026-08-07,79.1,0.92,112.4,19.97,1,否
603203,快克智能,上证,周线,看涨吞没,Bullish Engulfing,看涨,2026-08-07,91.5,1,44.48,19.96,9,否
603989,艾华集团,上证,周线,看涨吞没,Bullish Engulfing,看涨,2026-08-07,100,1.68,29.22,19.95,16,否
603185,弘元绿能,上证,周线,启明星,Morning Star,看涨,2026-07-31,100,1.02,16.08,19.91,6,是
688221,前沿生物,科创,周线,看涨吞没,Bullish Engulfing,看涨,2026-08-07,99.5,0.98,21.22,19.89,2,是
001358,兴欣新材,深证,周线,启明星,Morning Star,看涨,2026-07-31,100,4.3,24.3,19.88,6,否
600594,益佰制药,上证,月线,看涨吞没,Bullish Engulfing,看涨,2026-07-31,99.2,1.71,3.56,19.87,7,否
001287,中电港,深证,月线,看涨吞没,Bullish Engulfing,看涨,2026-06-30,100,1.77,31.15,19.85,6,是
688316,青云科技,科创,月线,看涨吞没,Bullish Engulfing,看涨,2026-08-14,100,0.69,54.77,19.85,3,是
000533,顺钠股份,深证,周线,看涨吞没,Bullish Engulfing,看涨,2026-07-24,91.3,0.33,9.55,19.82,23,否
603118,共进股份,上证,月线,看涨吞没,Bullish Engulfing,看涨,2026-07-31,100,2.88,14.51,19.82,10,否
300131,英唐智控,创业,周线,看涨吞没,Bullish Engulfing,看涨,2026-08-07,96.9,0.64,15.18,19.81,3,是
301571,国科天成,创业,周线,看涨吞没,Bullish Engulfing,看涨,2026-08-07,100,1.18,67.2,19.79,0,是
600997,开滦股份,上证,月线,看涨吞没,Bullish Engulfing,看涨,2026-07-31,100,1.05,5.69,19.79,1,是
300197,节能铁汉,创业,月线,看涨吞没,Bullish Engulfing,看涨,2026-08-14,100,0.94,2.18,19.78,5,是
300801,泰和科技,创业,月线,看涨吞没,Bullish Engulfing,看涨,2026-06-30,100,1.03,32.3,19.76,2,是
001389,广合科技,深证,周线,看涨吞没,Bullish Engulfing,看涨,2026-08-07,84.3,0.93,169.8,19.73,14,否
002647,仁东控股,深证,周线,看涨吞没,Bullish Engulfing,看涨,2026-07-31,96.8,1.15,9.71,19.73,7,是
300454,深信服,创业,周线,看涨吞没,Bullish Engulfing,看涨,2026-07-31,100,1.49,119.71,19.65,2,是
000721,西安饮食,深证,周线,看涨吞没,Bullish Engulfing,看涨,2026-07-31,100,2.95,6.65,19.6,2,是
002907,华森制药,深证,月线,看涨吞没,Bullish Engulfing,看涨,2026-08-14,100,0.39,15.26,19.59,3,是
300103,达刚控股,创业,月线,看涨吞没,Bullish Engulfing,看涨,2026-08-14,90.9,0.32,7.88,19.58,1,否
600750,华润江中,上证,月线,看涨吞没,Bullish Engulfing,看涨,2026-07-31,100,0.89,26.39,19.57,0,是
603486,科沃斯,上证,月线,看涨吞没,Bullish Engulfing,看涨,2026-07-31,100,1.2,60.67,19.55,1,是
001269,欧晶科技,深证,月线,启明星,Morning Star,看涨,2026-05-29,100,1.18,25.77,19.53,7,是
600499,科达制造,上证,月线,看涨吞没,Bullish Engulfing,看涨,2026-07-31,100,1.58,16.49,19.49,3,是
603297,永新光学,上证,周线,看涨吞没,Bullish Engulfing,看涨,2026-08-07,100,1.01,105.16,19.49,7,否
000668,荣丰控股,深证,月线,看涨吞没,Bullish Engulfing,看涨,2026-08-14,100,0.7,23.12,19.48,4,是
688590,新致软件,科创,周线,看涨吞没,Bullish Engulfing,看涨,2026-07-31,100,0.71,13.13,19.47,0,否
300558,贝达药业,创业,月线,看涨吞没,Bullish Engulfing,看涨,2026-08-14,100,0.85,68.69,19.46,0,是
688338,赛科希德,科创,月线,看涨吞没,Bullish Engulfing,看涨,2026-08-14,100,0.7,30.88,19.46,0,是
600366,宁波韵升,上证,月线,看涨吞没,Bullish Engulfing,看涨,2026-06-30,100,1.46,14.68,19.45,2,否
002718,友邦吊顶,深证,月线,看涨吞没,Bullish Engulfing,看涨,2026-04-30,100,0.75,72.38,19.44,18,是
688521,芯原股份,科创,周线,看涨吞没,Bullish Engulfing,看涨,2026-08-07,81.9,0.84,230.5,19.43,2,否
002012,凯恩股份,深证,周线,看涨吞没,Bullish Engulfing,看涨,2026-08-07,100,1.04,6.58,19.42,5,是
002281,光迅科技,深证,周线,看涨吞没,Bullish Engulfing,看涨,2026-08-07,82.7,0.9,193.04,19.42,14,否
603928,兴业股份,上证,周线,看涨吞没,Bullish Engulfing,看涨,2026-08-07,100,2.5,12.67,19.42,11,否
688156,路德科技,科创,月线,看涨吞没,Bullish Engulfing,看涨,2026-06-30,100,1.8,30.25,19.42,0,否
000517,荣安地产,深证,周线,看涨吞没,Bullish Engulfing,看涨,2026-07-31,100,1.93,1.97,19.39,4,是
300684,中石科技,创业,周线,看涨吞没,Bullish Engulfing,看涨,2026-08-07,100,1.01,51.7,19.37,2,是
301611,珂玛科技,创业,周线,看涨吞没,Bullish Engulfing,看涨,2026-08-07,99.1,1.01,100.94,19.31,1,是
002173,创新医疗,深证,月线,看涨吞没,Bullish Engulfing,看涨,2026-07-31,100,1.15,19.54,19.29,16,是
300077,国民技术,创业,周线,看涨吞没,Bullish Engulfing,看涨,2026-08-07,100,1.03,19.31,19.27,0,是
601699,潞安环能,上证,月线,看涨吞没,Bullish Engulfing,看涨,2026-04-30,99.7,0.99,16.16,19.26,3,否
605588,冠石科技,上证,月线,看涨吞没,Bullish Engulfing,看涨,2026-06-30,100,1.18,67.17,19.26,7,否
300961,深水海纳,创业,周线,启明星,Morning Star,看涨,2026-08-07,100,0.75,11.83,19.25,1,否
002703,浙江世宝,深证,周线,看涨吞没,Bullish Engulfing,看涨,2026-07-31,100,1.06,14.57,19.23,14,是
002274,华昌化工,深证,月线,看涨吞没,Bullish Engulfing,看涨,2026-07-31,100,1.78,5.52,19.22,2,是
300321,同大股份,创业,周线,看涨吞没,Bullish Engulfing,看涨,2026-08-07,100,0.94,34.36,19.22,1,是
688625,呈和科技,科创,周线,看涨吞没,Bullish Engulfing,看涨,2026-08-07,85.6,1.17,60.08,19.21,1,否
002992,宝明科技,深证,周线,看涨吞没,Bullish Engulfing,看涨,2026-08-07,100,1.2,37.5,19.2,3,否
688620,安凯微,科创,周线,看涨吞没,Bullish Engulfing,看涨,2026-08-07,100,1.58,15.52,19.2,0,是
002194,武汉凡谷,深证,月线,看涨吞没,Bullish Engulfing,看涨,2026-08-14,100,0.72,10.45,19.16,9,是
000426,兴业银锡,深证,月线,看涨吞没,Bullish Engulfing,看涨,2026-08-14,100,0.7,37.89,19.15,7,是
002121,科陆电子,深证,月线,看涨吞没,Bullish Engulfing,看涨,2026-05-29,100,1.02,8.28,19.14,3,是
300404,博济医药,创业,周线,启明星,Morning Star,看涨,2026-08-07,100,1.97,10.9,19.13,4,否
003036,泰坦股份,深证,周线,看涨吞没,Bullish Engulfing,看涨,2026-08-07,100,0.88,53.66,19.11,24,是
002969,嘉美包装,深证,周线,启明星,Morning Star,看涨,2026-07-31,100,1.74,12.41,19.1,25,否
605006,山东玻纤,上证,周线,看涨吞没,Bullish Engulfing,看涨,2026-08-07,100,0.86,15.09,19.1,18,否
688758,赛分科技,科创,月线,看涨吞没,Bullish Engulfing,看涨,2026-06-30,100,1.41,22.01,19.1,0,是
003013,地铁设计,深证,月线,看涨吞没,Bullish Engulfing,看涨,2026-07-31,100,3.02,17.28,19.09,1,是
600829,人民同泰,上证,月线,看涨吞没,Bullish Engulfing,看涨,2026-07-31,100,1.32,9.24,19.07,13,是
300821,东岳硅材,创业,周线,看涨吞没,Bullish Engulfing,看涨,2026-08-07,91.9,0.96,16.99,19.06,3,否
603650,彤程新材,上证,周线,看涨吞没,Bullish Engulfing,看涨,2026-08-07,95.4,1.13,64.52,19.06,7,是
603663,三祥新材,上证,周线,看涨吞没,Bullish Engulfing,看涨,2026-08-07,89.7,1.81,40.12,19.05,15,否
688001,华兴源创,科创,周线,看涨吞没,Bullish Engulfing,看涨,2026-08-07,97.1,0.79,51.39,19.01,3,是
002632,道明光学,深证,周线,启明星,Morning Star,看涨,2026-07-17,100,1.78,10.59,18.99,11,是
600702,舍得酒业,上证,周线,看涨吞没,Bullish Engulfing,看涨,2026-07-31,100,1.98,38.78,18.99,4,是
603337,杰克科技,上证,月线,看涨吞没,Bullish Engulfing,看涨,2026-07-31,100,1.4,43.11,18.99,4,否
000596,古井贡酒,深证,月线,看涨吞没,Bullish Engulfing,看涨,2026-07-31,100,2.71,94.95,18.98,3,是
300989,蕾奥规划,创业,月线,看涨吞没,Bullish Engulfing,看涨,2026-08-14,100,0.89,13.92,18.97,0,否
300875,捷强装备,创业,周线,看涨吞没,Bullish Engulfing,看涨,2026-07-24,100,1.54,32.81,18.96,0,是
300935,盈建科,创业,周线,看涨吞没,Bullish Engulfing,看涨,2026-07-31,100,1.77,25.29,18.96,1,是
300935,盈建科,创业,周线,启明星,Morning Star,看涨,2026-07-31,100,1.77,25.29,18.96,1,是
600619,海立股份,上证,周线,看涨吞没,Bullish Engulfing,看涨,2026-07-31,100,1.49,14.31,18.95,7,否
600619,海立股份,上证,周线,启明星,Morning Star,看涨,2026-07-31,100,1.49,14.31,18.95,7,否
605198,安德利,上证,月线,看涨吞没,Bullish Engulfing,看涨,2026-08-14,100,0.72,67.75,18.94,7,是
002657,中科金财,深证,周线,启明星,Morning Star,看涨,2026-07-31,100,1.41,15.79,18.9,6,是
300900,广联航空,创业,周线,启明星,Morning Star,看涨,2026-08-07,100,0.65,25.06,18.88,2,否
300740,水羊股份,创业,周线,启明星,Morning Star,看涨,2026-07-31,100,2.64,20.22,18.87,1,是
300486,东杰智能,创业,周线,启明星,Morning Star,看涨,2026-08-07,100,0.79,20.43,18.85,6,是
301211,亨迪药业,创业,月线,看涨吞没,Bullish Engulfing,看涨,2026-08-14,100,0.66,12.18,18.83,1,是
603983,丸美生物,上证,月线,看涨吞没,Bullish Engulfing,看涨,2026-06-30,100,1.16,28.14,18.83,2,是
300785,值得买,创业,周线,看涨吞没,Bullish Engulfing,看涨,2026-07-31,87.2,1.03,38.2,18.82,3,否
603051,鹿山新材,上证,月线,看涨吞没,Bullish Engulfing,看涨,2026-08-14,100,0.4,21.73,18.81,5,是
603051,鹿山新材,上证,月线,启明星,Morning Star,看涨,2026-08-14,100,0.4,21.73,18.81,5,是
688035,德邦科技,科创,周线,看涨吞没,Bullish Engulfing,看涨,2026-08-07,86.6,0.72,64.4,18.8,1,否
301353,普莱得,创业,月线,看涨吞没,Bullish Engulfing,看涨,2026-08-14,100,0.77,19.28,18.79,0,否
688212,澳华内镜,科创,月线,看涨吞没,Bullish Engulfing,看涨,2026-08-14,100,1.08,32.37,18.79,0,是
603365,水星家纺,上证,月线,看涨吞没,Bullish Engulfing,看涨,2026-07-31,100,1.06,18.49,18.75,1,是
301419,阿莱德,创业,周线,看涨吞没,Bullish Engulfing,看涨,2026-08-07,100,0.59,32,18.74,3,是
688117,圣诺生物,科创,月线,看涨吞没,Bullish Engulfing,看涨,2026-08-14,100,0.81,27.03,18.71,0,是
000708,中信特钢,深证,月线,看涨吞没,Bullish Engulfing,看涨,2026-07-31,100,1.03,14.98,18.7,0,是
600285,羚锐制药,上证,月线,看涨吞没,Bullish Engulfing,看涨,2026-07-31,100,1.72,23,18.68,0,否
000517,荣安地产,深证,月线,看涨吞没,Bullish Engulfing,看涨,2026-07-31,100,1.11,1.97,18.67,4,是
002668,TCL智家,深证,月线,看涨吞没,Bullish Engulfing,看涨,2026-06-30,100,1.3,11.08,18.63,0,否
688669,聚石化学,科创,周线,看涨吞没,Bullish Engulfing,看涨,2026-08-07,79.5,1.04,69.5,18.6,1,否
300051,琏升科技,创业,月线,看涨吞没,Bullish Engulfing,看涨,2026-08-14,100,1.22,8.94,18.57,3,是
300920,润阳科技,创业,周线,看涨吞没,Bullish Engulfing,看涨,2026-08-07,100,0.74,32,18.56,0,是
300920,润阳科技,创业,周线,启明星,Morning Star,看涨,2026-08-07,100,0.74,32,18.56,0,是
300136,信维通信,创业,周线,看涨吞没,Bullish Engulfing,看涨,2026-08-07,87.5,0.8,68.12,18.51,0,否
300250,初灵信息,创业,周线,看涨吞没,Bullish Engulfing,看涨,2026-07-31,100,3.25,15.43,18.51,4,否
300250,初灵信息,创业,周线,启明星,Morning Star,看涨,2026-07-31,100,3.25,15.43,18.51,4,否
688135,利扬芯片,科创,周线,看涨吞没,Bullish Engulfing,看涨,2026-08-07,95.4,0.8,24.9,18.51,3,否
600498,烽火通信,上证,周线,看涨吞没,Bullish Engulfing,看涨,2026-08-07,87.1,0.86,39.21,18.5,10,否
301365,矩阵股份,创业,月线,看涨吞没,Bullish Engulfing,看涨,2026-08-14,100,0.33,43.41,18.48,1,否
688409,富创精密,科创,周线,看涨吞没,Bullish Engulfing,看涨,2026-08-07,89.4,1.5,195.51,18.48,2,否
300201,海伦哲,创业,周线,看涨吞没,Bullish Engulfing,看涨,2026-08-07,100,0.73,15.93,18.44,0,否
002301,齐心集团,深证,月线,看涨吞没,Bullish Engulfing,看涨,2026-08-14,100,0.3,7.84,18.43,6,是
688087,英科再生,科创,月线,看涨吞没,Bullish Engulfing,看涨,2026-07-31,99.2,1.15,39.58,18.43,0,否
603110,东方材料,上证,月线,看涨吞没,Bullish Engulfing,看涨,2026-08-14,100,0.53,25.22,18.4,5,否
603181,皇马科技,上证,月线,看涨吞没,Bullish Engulfing,看涨,2026-06-30,100,1.24,16.22,18.39,2,是
002545,东方铁塔,深证,周线,看涨吞没,Bullish Engulfing,看涨,2026-07-24,100,1.5,18.56,18.37,7,是
301080,百普赛斯,创业,月线,看涨吞没,Bullish Engulfing,看涨,2026-06-30,100,1.53,48,18.37,2,是
688329,艾隆科技,科创,周线,启明星,Morning Star,看涨,2026-08-07,100,0.89,19.78,18.37,0,是
600660,福耀玻璃,上证,月线,看涨吞没,Bullish Engulfing,看涨,2026-07-31,100,1.31,59.7,18.36,1,是
688325,赛微微电,科创,月线,看涨吞没,Bullish Engulfing,看涨,2026-06-30,100,1.59,130.41,18.35,2,是
601211,国泰海通,上证,月线,看涨吞没,Bullish Engulfing,看涨,2026-06-30,100,1.97,18.2,18.34,0,否
688136,科兴制药,科创,月线,看涨吞没,Bullish Engulfing,看涨,2026-08-14,100,0.55,20.92,18.33,0,是
601016,节能风电,上证,月线,看涨吞没,Bullish Engulfing,看涨,2026-05-29,100,4.46,5.04,18.31,9,是
603386,骏亚科技,上证,周线,看涨吞没,Bullish Engulfing,看涨,2026-08-07,100,0.6,13.31,18.31,7,否
300112,万讯自控,创业,周线,看涨吞没,Bullish Engulfing,看涨,2026-07-31,100,1.69,7.18,18.29,0,是
002350,北京科锐,深证,周线,看涨吞没,Bullish Engulfing,看涨,2026-08-07,97.2,0.74,16.5,18.28,9,否
688234,天岳先进,科创,周线,看涨吞没,Bullish Engulfing,看涨,2026-08-07,88.1,0.86,102.49,18.28,2,否
002891,中宠股份,深证,周线,看涨吞没,Bullish Engulfing,看涨,2026-07-31,100,2.34,33.28,18.22,2,是
002946,新乳业,深证,周线,看涨吞没,Bullish Engulfing,看涨,2026-07-31,100,2.13,18.24,18.21,0,是
301225,恒勃股份,创业,周线,启明星,Morning Star,看涨,2026-08-07,100,1.29,56.74,18.21,2,是
301568,思泰克,创业,周线,看涨吞没,Bullish Engulfing,看涨,2026-08-07,98.4,0.94,69.1,18.16,0,是
688416,恒烁股份,科创,周线,看涨吞没,Bullish Engulfing,看涨,2026-08-07,90,1.19,74.04,18.14,1,否
301498,乖宝宠物,创业,周线,看涨吞没,Bullish Engulfing,看涨,2026-07-31,100,2.07,44.46,18.12,0,是
603538,美诺华,上证,周线,看涨吞没,Bullish Engulfing,看涨,2026-08-07,100,1.17,29.2,18.12,15,是
300323,华灿光电,创业,周线,看涨吞没,Bullish Engulfing,看涨,2026-08-07,94.5,0.6,12.27,18.09,1,否
600522,中天科技,上证,周线,看涨吞没,Bullish Engulfing,看涨,2026-08-07,100,1.12,33.67,18.06,5,是
002951,金时科技,深证,周线,看涨吞没,Bullish Engulfing,看涨,2026-07-31,90.2,0.88,13.21,18.05,23,否
688811,有研复材,科创,周线,看涨吞没,Bullish Engulfing,看涨,2026-08-07,100,0.48,23.49,18.04,2,否
601339,百隆东方,上证,月线,看涨吞没,Bullish Engulfing,看涨,2026-07-31,100,1.24,7.99,18.02,0,否
688168,安博通,科创,周线,看涨吞没,Bullish Engulfing,看涨,2026-08-07,94.1,1.82,37.06,17.99,0,否
300119,瑞普生物,创业,月线,看涨吞没,Bullish Engulfing,看涨,2026-07-31,100,0.66,17.02,17.95,0,是
301315,威士顿,创业,月线,看涨吞没,Bullish Engulfing,看涨,2026-08-14,100,0.36,43.77,17.95,2,是
301315,威士顿,创业,月线,启明星,Morning Star,看涨,2026-08-14,100,0.36,43.77,17.95,2,是
600028,中国石化,上证,月线,看涨吞没,Bullish Engulfing,看涨,2026-07-31,100,1.69,5.26,17.94,2,否
603097,江苏华辰,上证,周线,启明星,Morning Star,看涨,2026-07-31,100,2.12,18.1,17.92,6,否
002902,铭普光磁,深证,周线,看涨吞没,Bullish Engulfing,看涨,2026-08-07,100,1,24.52,17.88,11,否
300229,拓尔思,创业,周线,看涨吞没,Bullish Engulfing,看涨,2026-07-31,100,1.18,14.04,17.88,1,否
002262,恩华药业,深证,月线,看涨吞没,Bullish Engulfing,看涨,2026-07-31,100,1.53,22.1,17.87,0,否
600712,南宁百货,上证,周线,看涨吞没,Bullish Engulfing,看涨,2026-07-31,100,2.37,5.21,17.87,4,否
601919,中远海控,上证,月线,看涨吞没,Bullish Engulfing,看涨,2026-07-31,100,1.11,15.63,17.87,0,否
002119,康强电子,深证,周线,看涨吞没,Bullish Engulfing,看涨,2026-08-07,89.5,1.05,24.04,17.84,11,否
002153,石基信息,深证,月线,看涨吞没,Bullish Engulfing,看涨,2026-07-31,100,0.81,8.52,17.84,7,是
002541,鸿路钢构,深证,月线,看涨吞没,Bullish Engulfing,看涨,2026-07-31,100,1.78,20.41,17.84,2,否
300259,新天科技,创业,周线,看涨吞没,Bullish Engulfing,看涨,2026-08-07,84.8,1.06,4.56,17.83,0,否
301099,雅创电子,创业,周线,看涨吞没,Bullish Engulfing,看涨,2026-08-07,80,0.85,50.54,17.81,2,否
603688,石英股份,上证,周线,看涨吞没,Bullish Engulfing,看涨,2026-08-07,84.6,0.67,49.45,17.79,8,否
301633,港迪技术,创业,月线,看涨吞没,Bullish Engulfing,看涨,2026-07-31,100,1.69,55.13,17.77,0,是
600520,三佳科技,上证,周线,看涨吞没,Bullish Engulfing,看涨,2026-08-07,88.7,0.82,24.73,17.76,6,否
000510,新金路,深证,月线,看涨吞没,Bullish Engulfing,看涨,2026-05-29,100,1.13,16.65,17.75,23,否
002989,中天精装,深证,月线,看涨吞没,Bullish Engulfing,看涨,2026-06-30,100,2,34,17.73,14,否
002520,日发精机,深证,月线,看涨吞没,Bullish Engulfing,看涨,2026-06-30,100,1.23,6.91,17.72,9,是
603387,基蛋生物,上证,月线,看涨吞没,Bullish Engulfing,看涨,2026-07-31,100,1.68,8.9,17.72,4,是
688505,复旦张江,科创,月线,看涨吞没,Bullish Engulfing,看涨,2026-08-14,100,0.77,8.57,17.72,0,是
601086,国芳集团,上证,周线,看涨吞没,Bullish Engulfing,看涨,2026-07-31,100,2.33,7.91,17.71,4,否
603170,宝立食品,上证,月线,看涨吞没,Bullish Engulfing,看涨,2026-07-31,100,1.24,13.3,17.7,0,是
603991,领先股份,上证,周线,看涨吞没,Bullish Engulfing,看涨,2026-08-07,92.6,0.86,131.39,17.68,8,否
688379,华光新材,科创,周线,看涨吞没,Bullish Engulfing,看涨,2026-08-07,100,0.74,51.42,17.67,0,是
601001,晋控煤业,上证,月线,看涨吞没,Bullish Engulfing,看涨,2026-04-30,100,0.86,19.33,17.65,3,是
300871,回盛生物,创业,月线,看涨吞没,Bullish Engulfing,看涨,2026-08-14,100,0.24,24.37,17.62,1,是
002654,万润科技,深证,周线,看涨吞没,Bullish Engulfing,看涨,2026-08-07,100,0.85,13.09,17.61,10,否
002251,步步高,深证,月线,看涨吞没,Bullish Engulfing,看涨,2026-05-29,100,0.91,4.88,17.59,8,是
300602,飞荣达,创业,周线,看涨吞没,Bullish Engulfing,看涨,2026-08-07,98.8,0.73,37.3,17.59,0,是
601009,南京银行,上证,月线,看涨吞没,Bullish Engulfing,看涨,2026-07-31,100,1.13,11.63,17.59,0,是
301297,富乐德,创业,周线,看涨吞没,Bullish Engulfing,看涨,2026-08-07,100,1.19,34.85,17.58,0,是
600661,昂立教育,上证,周线,看涨吞没,Bullish Engulfing,看涨,2026-07-31,100,2.47,8.83,17.58,1,是
300537,广信材料,创业,周线,看涨吞没,Bullish Engulfing,看涨,2026-08-07,100,0.78,20.23,17.55,0,否
300955,嘉亨家化,创业,月线,看涨吞没,Bullish Engulfing,看涨,2026-05-29,100,1.34,42.99,17.52,3,是
688117,圣诺生物,科创,周线,启明星,Morning Star,看涨,2026-08-07,100,1.4,26.76,17.52,0,是
300182,捷成股份,创业,周线,看涨吞没,Bullish Engulfing,看涨,2026-07-31,94.2,0.85,5.1,17.51,2,否
300576,容大感光,创业,月线,启明星,Morning Star,看涨,2026-05-29,100,2.34,43.53,17.49,0,是
600222,太龙药业,上证,月线,看涨吞没,Bullish Engulfing,看涨,2026-08-14,100,0.41,8.14,17.46,3,是
002839,张家港行,深证,月线,看涨吞没,Bullish Engulfing,看涨,2026-07-31,99.5,0.99,4.58,17.44,0,否
301270,汉仪股份,创业,周线,看涨吞没,Bullish Engulfing,看涨,2026-07-17,100,1.72,30.71,17.44,1,否
603052,可川科技,上证,周线,看涨吞没,Bullish Engulfing,看涨,2026-08-07,85.4,0.57,54.6,17.44,22,否
688702,盛科通信,科创,周线,看涨吞没,Bullish Engulfing,看涨,2026-08-07,100,1.28,402,17.44,2,是
300816,艾可蓝,创业,周线,看涨吞没,Bullish Engulfing,看涨,2026-08-07,100,0.88,52.26,17.41,1,否
688286,敏芯股份,科创,周线,看涨吞没,Bullish Engulfing,看涨,2026-08-07,100,1.31,45.26,17.41,2,否
688767,博拓生物,科创,月线,看涨吞没,Bullish Engulfing,看涨,2026-07-31,100,1.36,38.17,17.41,2,是
300468,四方精创,创业,周线,启明星,Morning Star,看涨,2026-07-31,100,1.2,22.27,17.4,0,是
688701,卓锦股份,科创,月线,看涨吞没,Bullish Engulfing,看涨,2026-08-14,100,0.51,8.1,17.39,0,是
003004,声迅股份,深证,周线,看涨吞没,Bullish Engulfing,看涨,2026-08-07,100,0.73,65.5,17.38,6,否
605060,联德股份,上证,周线,看涨吞没,Bullish Engulfing,看涨,2026-08-07,100,0.71,42.25,17.36,14,否
600199,金种子酒,上证,周线,看涨吞没,Bullish Engulfing,看涨,2026-07-31,100,3.43,7.85,17.34,4,是
600895,张江高科,上证,周线,看涨吞没,Bullish Engulfing,看涨,2026-07-31,100,1.66,32.15,17.34,5,是
601019,山东出版,上证,月线,看涨吞没,Bullish Engulfing,看涨,2026-07-31,98.5,1.04,7.51,17.34,1,否
002815,崇达技术,深证,周线,看涨吞没,Bullish Engulfing,看涨,2026-08-07,100,0.7,13.08,17.31,6,是
300487,蓝晓科技,创业,周线,看涨吞没,Bullish Engulfing,看涨,2026-08-07,100,1.11,68.71,17.31,1,是
000568,泸州老窖,深证,月线,看涨吞没,Bullish Engulfing,看涨,2026-07-31,100,1.66,90.93,17.3,1,是
300986,志特新材,创业,周线,看涨吞没,Bullish Engulfing,看涨,2026-07-31,100,1.31,11.39,17.3,8,是
300986,志特新材,创业,周线,启明星,Morning Star,看涨,2026-07-31,100,1.31,11.39,17.3,8,是
002141,贤丰控股,深证,周线,看涨吞没,Bullish Engulfing,看涨,2026-07-17,100,3.13,6.04,17.28,18,是
301015,百洋医药,创业,月线,看涨吞没,Bullish Engulfing,看涨,2026-07-31,100,1.63,22.35,17.26,0,是
300626,华瑞股份,创业,周线,看涨吞没,Bullish Engulfing,看涨,2026-08-07,100,0.58,31.6,17.25,5,是
301129,瑞纳智能,创业,日线,看涨吞没,Bullish Engulfing,看涨,2026-08-12,100,5.13,24.88,17.25,1,是
002400,省广集团,深证,周线,看涨吞没,Bullish Engulfing,看涨,2026-07-31,100,1.3,6.8,17.24,7,否
002400,省广集团,深证,周线,启明星,Morning Star,看涨,2026-07-31,100,1.3,6.8,17.24,7,否
300013,新宁物流,创业,月线,看涨吞没,Bullish Engulfing,看涨,2026-08-14,93.3,0.45,4.08,17.24,1,否
301290,东星医疗,创业,月线,看涨吞没,Bullish Engulfing,看涨,2026-08-14,100,0.4,29.55,17.22,0,否
688571,杭华股份,科创,月线,看涨吞没,Bullish Engulfing,看涨,2026-04-30,100,1.6,9.12,17.22,1,是
002712,思美传媒,深证,周线,看涨吞没,Bullish Engulfing,看涨,2026-07-31,100,1.54,4.7,17.21,1,否
688118,普元信息,科创,周线,看涨吞没,Bullish Engulfing,看涨,2026-07-31,95.8,0.93,20.23,17.21,2,否
688118,普元信息,科创,周线,启明星,Morning Star,看涨,2026-07-31,100,0.93,20.23,17.21,2,否
688169,石头科技,科创,月线,看涨吞没,Bullish Engulfing,看涨,2026-07-31,100,2.05,111.31,17.21,0,否
300298,三诺生物,创业,月线,看涨吞没,Bullish Engulfing,看涨,2026-07-31,100,1.31,16.35,17.2,0,是
603193,润本股份,上证,周线,看涨吞没,Bullish Engulfing,看涨,2026-07-31,100,1.8,21.96,17.18,2,否
300622,博士眼镜,创业,周线,看涨吞没,Bullish Engulfing,看涨,2026-07-31,100,2.36,15.99,17.14,0,否
002825,纳尔股份,深证,月线,看涨吞没,Bullish Engulfing,看涨,2026-08-14,100,0.27,9.3,17.13,5,是
605111,新洁能,上证,周线,看涨吞没,Bullish Engulfing,看涨,2026-08-07,81.9,0.88,57.03,17.1,6,否
688368,晶丰明源,科创,周线,看涨吞没,Bullish Engulfing,看涨,2026-08-07,88.2,1.4,125.87,17.1,1,否
688818,电科蓝天,科创,周线,看涨吞没,Bullish Engulfing,看涨,2026-08-07,100,0.55,50.55,17.1,1,否
000913,钱江摩托,深证,月线,看涨吞没,Bullish Engulfing,看涨,2026-07-31,100,0.83,12,17.07,1,是
002012,凯恩股份,深证,月线,看涨吞没,Bullish Engulfing,看涨,2026-08-14,100,0.46,6.45,17.06,5,是
301687,新广益,创业,周线,看涨吞没,Bullish Engulfing,看涨,2026-08-07,100,1.22,51.56,17.05,1,否
603358,华达科技,上证,月线,看涨吞没,Bullish Engulfing,看涨,2026-08-14,100,0.86,43.93,17.02,6,是
688106,金宏气体,科创,周线,看涨吞没,Bullish Engulfing,看涨,2026-08-07,96.4,0.6,30.39,17.02,1,是
603716,塞力医疗,上证,周线,看涨吞没,Bullish Engulfing,看涨,2026-07-31,100,1.8,15.89,17.01,12,否
002889,东方嘉盛,深证,月线,看涨吞没,Bullish Engulfing,看涨,2026-07-31,100,1.07,12.12,16.99,1,是
002568,百润股份,深证,周线,看涨吞没,Bullish Engulfing,看涨,2026-07-31,100,1.46,20.6,16.98,5,否
300398,飞凯材料,创业,周线,看涨吞没,Bullish Engulfing,看涨,2026-08-07,100,0.8,36.81,16.97,0,否
300760,迈瑞医疗,创业,月线,看涨吞没,Bullish Engulfing,看涨,2026-07-31,100,1.96,158.88,16.97,0,是
600597,光明乳业,上证,月线,看涨吞没,Bullish Engulfing,看涨,2026-07-31,95.3,1.03,7.1,16.97,0,否
301630,同宇新材,创业,周线,看涨吞没,Bullish Engulfing,看涨,2026-08-07,88.2,0.95,175.33,16.96,3,否
002213,大为股份,深证,周线,看涨吞没,Bullish Engulfing,看涨,2026-08-07,100,0.73,30.17,16.94,17,否
300643,万通智控,创业,周线,看涨吞没,Bullish Engulfing,看涨,2026-07-24,100,2.53,19.9,16.92,1,是
603116,红蜻蜓,上证,月线,看涨吞没,Bullish Engulfing,看涨,2026-08-14,100,0.35,6.22,16.92,2,是
600162,香江控股,上证,周线,看涨吞没,Bullish Engulfing,看涨,2026-07-31,100,1.36,3.18,16.91,23,否
300293,蓝英装备,创业,月线,看涨吞没,Bullish Engulfing,看涨,2026-06-30,100,0.68,20.35,16.89,0,是
603883,老百姓,上证,月线,看涨吞没,Bullish Engulfing,看涨,2026-07-31,100,0.68,12.81,16.88,1,是
301237,和顺科技,创业,周线,看涨吞没,Bullish Engulfing,看涨,2026-08-07,100,0.8,54.23,16.87,2,是
300591,万里马,创业,周线,看涨吞没,Bullish Engulfing,看涨,2026-07-31,100,2.11,7.07,16.86,1,否
603879,永悦科技,上证,周线,启明星,Morning Star,看涨,2026-07-31,100,2.32,4.99,16.86,4,是
603598,引力传媒,上证,周线,看涨吞没,Bullish Engulfing,看涨,2026-07-31,100,0.72,17.07,16.76,14,否
603598,引力传媒,上证,周线,启明星,Morning Star,看涨,2026-07-31,100,0.72,17.07,16.76,14,否
300049,福瑞医科,创业,月线,看涨吞没,Bullish Engulfing,看涨,2026-07-31,100,1.4,45.38,16.72,3,是
300972,万辰集团,创业,周线,看涨吞没,Bullish Engulfing,看涨,2026-07-31,100,1.53,218.5,16.72,1,是
301275,汉朔科技,创业,周线,看涨吞没,Bullish Engulfing,看涨,2026-07-31,100,1.07,46.45,16.71,1,否
603669,灵康药业,上证,月线,看涨吞没,Bullish Engulfing,看涨,2026-08-14,100,0.56,6.29,16.7,4,否
300661,圣邦股份,创业,周线,看涨吞没,Bullish Engulfing,看涨,2026-08-07,100,0.64,111.68,16.66,1,否
688069,德林海,科创,周线,看涨吞没,Bullish Engulfing,看涨,2026-08-07,100,0.71,38.67,16.65,2,否
003043,华亚智能,深证,周线,看涨吞没,Bullish Engulfing,看涨,2026-08-07,78.7,1.07,67.5,16.64,7,否
688302,海创药业,科创,月线,看涨吞没,Bullish Engulfing,看涨,2026-08-14,100,0.4,38.21,16.64,0,是
300902,国安达,创业,月线,看涨吞没,Bullish Engulfing,看涨,2026-08-14,100,0.52,17.11,16.63,0,是
300161,华中数控,创业,月线,看涨吞没,Bullish Engulfing,看涨,2026-08-14,100,0.73,29.56,16.61,0,是
301085,亚康股份,创业,周线,看涨吞没,Bullish Engulfing,看涨,2026-07-31,100,1.38,59.77,16.6,2,是
301509,金凯生科,创业,周线,启明星,Morning Star,看涨,2026-08-07,100,0.86,31.34,16.59,0,是
301055,张小泉,创业,周线,看涨吞没,Bullish Engulfing,看涨,2026-08-07,90.6,0.73,30.03,16.58,1,否
688219,会通股份,科创,月线,看涨吞没,Bullish Engulfing,看涨,2026-06-30,100,1.34,12.94,16.58,0,是
002078,太阳纸业,深证,月线,看涨吞没,Bullish Engulfing,看涨,2026-07-31,100,1.48,14.56,16.57,0,是
300580,贝斯特,创业,周线,看涨吞没,Bullish Engulfing,看涨,2026-07-31,100,1.2,20.96,16.57,1,是
000908,石药景峰,深证,周线,启明星,Morning Star,看涨,2026-08-07,100,1.2,6.97,16.56,5,否
301459,丰茂股份,创业,月线,启明星,Morning Star,看涨,2026-08-14,100,0.37,37.57,16.53,0,否
603317,天味食品,上证,月线,看涨吞没,Bullish Engulfing,看涨,2026-07-31,100,2.09,15.16,16.53,3,是
300341,麦克奥迪,创业,周线,看涨吞没,Bullish Engulfing,看涨,2026-07-31,100,1.51,13.33,16.52,0,否
300341,麦克奥迪,创业,周线,启明星,Morning Star,看涨,2026-07-31,100,1.51,13.33,16.52,0,否
600095,湘财股份,上证,周线,看涨吞没,Bullish Engulfing,看涨,2026-07-17,100,2.19,8.69,16.49,2,是
600545,卓郎智能,上证,周线,看涨吞没,Bullish Engulfing,看涨,2026-08-07,100,0.57,4.45,16.49,22,是
300291,百纳千成,创业,周线,看涨吞没,Bullish Engulfing,看涨,2026-07-31,100,1.85,5.16,16.48,4,是
000989,九芝堂,深证,月线,看涨吞没,Bullish Engulfing,看涨,2026-07-31,100,2.42,9.05,16.47,2,是
688401,路维光电,科创,周线,看涨吞没,Bullish Engulfing,看涨,2026-08-07,87.4,0.8,70.38,16.47,1,否
603170,宝立食品,上证,周线,看涨吞没,Bullish Engulfing,看涨,2026-07-31,100,2.46,13.3,16.46,0,是
688235,百济神州,科创,周线,看涨吞没,Bullish Engulfing,看涨,2026-08-07,100,1.72,299.33,16.45,0,是
688702,盛科通信,科创,月线,看涨吞没,Bullish Engulfing,看涨,2026-08-14,100,0.93,398.6,16.45,2,是
300253,卫宁健康,创业,周线,看涨吞没,Bullish Engulfing,看涨,2026-07-31,100,1.22,7.59,16.41,1,否
603558,健盛集团,上证,月线,看涨吞没,Bullish Engulfing,看涨,2026-07-31,100,0.82,12.91,16.41,1,是
688520,神州细胞,科创,月线,看涨吞没,Bullish Engulfing,看涨,2026-08-14,100,0.52,39.4,16.4,0,是
600686,金龙汽车,上证,周线,启明星,Morning Star,看涨,2026-07-31,100,1.46,12.22,16.38,4,是
603005,晶方科技,上证,周线,看涨吞没,Bullish Engulfing,看涨,2026-08-07,100,0.86,33.79,16.36,6,否
002746,仙坛股份,深证,周线,看涨吞没,Bullish Engulfing,看涨,2026-07-17,100,2.4,6.19,16.35,0,否
601949,中国出版,上证,月线,看涨吞没,Bullish Engulfing,看涨,2026-07-31,99.2,0.69,5.41,16.34,1,否
300983,尤安设计,创业,月线,看涨吞没,Bullish Engulfing,看涨,2026-08-14,100,0.7,39.55,16.32,0,否
603159,上海亚虹,上证,周线,启明星,Morning Star,看涨,2026-08-07,100,0.94,20.54,16.31,7,否
603920,世运电路,上证,周线,看涨吞没,Bullish Engulfing,看涨,2026-08-07,100,0.81,36.66,16.31,8,是
000408,藏格矿业,深证,月线,看涨吞没,Bullish Engulfing,看涨,2026-07-31,100,1.35,80.62,16.3,0,是
600129,太极集团,上证,月线,看涨吞没,Bullish Engulfing,看涨,2026-07-31,100,3.77,15.78,16.29,2,是
600373,中文传媒,上证,月线,看涨吞没,Bullish Engulfing,看涨,2026-07-31,100,0.98,7.71,16.29,0,是
688535,华海诚科,科创,周线,看涨吞没,Bullish Engulfing,看涨,2026-08-07,79.9,1.13,103.6,16.27,0,否
600094,大名城,上证,周线,启明星,Morning Star,看涨,2026-07-31,100,0.95,4.15,16.25,4,否
603719,良品铺子,上证,周线,看涨吞没,Bullish Engulfing,看涨,2026-07-31,100,2.53,9.52,16.24,1,是
600234,科新发展,上证,周线,看涨吞没,Bullish Engulfing,看涨,2026-08-07,100,0.66,20.63,16.23,17,否
300026,红日药业,创业,月线,看涨吞没,Bullish Engulfing,看涨,2026-07-31,100,1.5,3.37,16.21,0,否
600800,渤海化学,上证,月线,看涨吞没,Bullish Engulfing,看涨,2026-08-14,100,0.39,3.59,16.18,9,是
002058,威尔泰,深证,月线,看涨吞没,Bullish Engulfing,看涨,2026-04-30,88.8,0.46,25.1,16.15,2,否
003005,竞业达,深证,周线,看涨吞没,Bullish Engulfing,看涨,2026-07-31,87.9,1.19,13.23,16.15,3,否
603175,超颖电子,上证,周线,看涨吞没,Bullish Engulfing,看涨,2026-08-07,100,0.55,85.94,16.14,7,是
002027,分众传媒,深证,月线,看涨吞没,Bullish Engulfing,看涨,2026-07-31,100,1.64,5.62,16.12,0,是
688138,清溢光电,科创,周线,看涨吞没,Bullish Engulfing,看涨,2026-08-07,88.8,0.86,32.05,16.12,0,否
300497,富祥股份,创业,周线,看涨吞没,Bullish Engulfing,看涨,2026-08-07,100,0.74,19.05,16.09,2,是
001359,平安电工,深证,周线,看涨吞没,Bullish Engulfing,看涨,2026-08-07,97.4,2.12,89,16.08,12,否
603351,威尔药业,上证,月线,看涨吞没,Bullish Engulfing,看涨,2026-08-14,100,0.57,26.93,16.08,1,是
300692,中赋科技,创业,周线,启明星,Morning Star,看涨,2026-08-07,100,1.44,9.32,16.06,1,是
300915,海融科技,创业,周线,看涨吞没,Bullish Engulfing,看涨,2026-07-31,100,2.27,20.54,16.05,0,否
300546,雄帝科技,创业,周线,看涨吞没,Bullish Engulfing,看涨,2026-07-31,100,2.2,15.84,16.04,0,否
600673,东阳光,上证,周线,看涨吞没,Bullish Engulfing,看涨,2026-08-07,100,0.74,32.91,16.04,13,是
000895,双汇发展,深证,月线,看涨吞没,Bullish Engulfing,看涨,2026-07-31,100,1.52,25.99,16.03,0,是
300585,奥联电子,创业,周线,看涨吞没,Bullish Engulfing,看涨,2026-07-31,91.4,1.19,14.13,16.01,0,否
605303,园林股份,上证,周线,看涨吞没,Bullish Engulfing,看涨,2026-08-07,100,0.61,21.66,16.01,22,否
300766,每日互动,创业,周线,看涨吞没,Bullish Engulfing,看涨,2026-07-31,100,1.32,23.64,16,1,否
300112,万讯自控,创业,月线,看涨吞没,Bullish Engulfing,看涨,2026-07-31,100,1.93,7.18,15.99,0,是
301317,鑫磊股份,创业,周线,看涨吞没,Bullish Engulfing,看涨,2026-08-07,100,0.68,45.82,15.97,2,是
601827,三峰环境,上证,月线,看涨吞没,Bullish Engulfing,看涨,2026-07-31,94.6,1.38,8.43,15.96,0,否
600151,航天机电,上证,周线,看涨吞没,Bullish Engulfing,看涨,2026-07-31,100,0.73,10.11,15.94,13,否
600151,航天机电,上证,周线,启明星,Morning Star,看涨,2026-07-31,98.8,0.73,10.11,15.94,13,否
000997,新 大 陆,深证,周线,看涨吞没,Bullish Engulfing,看涨,2026-07-31,100,1.2,18.79,15.92,1,否
301387,光大同创,创业,周线,看涨吞没,Bullish Engulfing,看涨,2026-08-07,100,0.69,55.93,15.92,1,是
603288,海天味业,上证,月线,看涨吞没,Bullish Engulfing,看涨,2026-07-31,100,1.71,38.44,15.92,0,是
689009,九号公司,科创,月线,看涨吞没,Bullish Engulfing,看涨,2026-07-31,100,1.61,44.22,15.91,0,是
002403,爱仕达,深证,周线,看涨吞没,Bullish Engulfing,看涨,2026-07-31,91.9,1.42,9.12,15.88,3,否
002587,奥拓电子,深证,月线,看涨吞没,Bullish Engulfing,看涨,2026-06-30,100,1.49,7.81,15.88,2,是
000681,视觉中国,深证,周线,看涨吞没,Bullish Engulfing,看涨,2026-07-31,100,1.04,17.96,15.87,9,否
000681,视觉中国,深证,周线,启明星,Morning Star,看涨,2026-07-31,100,1.04,17.96,15.87,9,否
603536,惠发食品,上证,周线,看涨吞没,Bullish Engulfing,看涨,2026-07-31,100,1.97,8.98,15.87,3,是
301110,青木科技,创业,周线,看涨吞没,Bullish Engulfing,看涨,2026-07-31,89.8,1.49,36.6,15.86,0,否
600191,华资实业,上证,周线,看涨吞没,Bullish Engulfing,看涨,2026-07-31,100,2.26,9.86,15.86,6,否
688295,中复神鹰,科创,周线,看涨吞没,Bullish Engulfing,看涨,2026-08-07,100,0.57,44.71,15.86,2,否
000950,重药控股,深证,周线,看涨吞没,Bullish Engulfing,看涨,2026-08-14,100,1.02,6.29,15.84,8,否
603004,鼎龙科技,上证,周线,启明星,Morning Star,看涨,2026-08-07,100,1.5,20.93,15.83,3,是
688230,芯导科技,科创,月线,看涨吞没,Bullish Engulfing,看涨,2026-06-30,100,1.15,78.81,15.83,0,是
688711,宏微科技,科创,周线,看涨吞没,Bullish Engulfing,看涨,2026-08-07,100,0.69,25.68,15.83,1,否
001388,信通电子,深证,周线,启明星,Morning Star,看涨,2026-08-07,100,3.54,22.99,15.82,6,否
601026,道生天合,上证,月线,启明星,Morning Star,看涨,2026-08-14,100,0.43,17.35,15.82,3,否
689009,九号公司,科创,周线,看涨吞没,Bullish Engulfing,看涨,2026-07-31,100,1.31,44.22,15.82,0,是
600095,湘财股份,上证,月线,看涨吞没,Bullish Engulfing,看涨,2026-07-31,100,1.04,8.72,15.8,2,是
600575,淮河能源,上证,月线,看涨吞没,Bullish Engulfing,看涨,2026-05-29,100,1.67,4.18,15.79,0,是
000676,智度股份,深证,周线,看涨吞没,Bullish Engulfing,看涨,2026-07-31,100,4.75,7.49,15.77,7,是
300434,金石亚药,创业,周线,看涨吞没,Bullish Engulfing,看涨,2026-08-07,100,1.19,11.45,15.77,1,是
300840,酷特智能,创业,周线,看涨吞没,Bullish Engulfing,看涨,2026-07-31,81.6,0.88,17.25,15.77,1,否
603057,紫燕食品,上证,周线,启明星,Morning Star,看涨,2026-07-31,100,1.04,22.4,15.76,6,是
000001,平安银行,深证,月线,看涨吞没,Bullish Engulfing,看涨,2026-07-31,100,1.24,11.63,15.72,0,是
002693,双成药业,深证,月线,看涨吞没,Bullish Engulfing,看涨,2026-08-14,100,0.69,9.94,15.72,5,否
601139,深圳燃气,上证,月线,看涨吞没,Bullish Engulfing,看涨,2026-07-31,99.3,1.41,6.55,15.72,1,否
603225,新凤鸣,上证,月线,看涨吞没,Bullish Engulfing,看涨,2026-06-30,100,2.21,19.65,15.72,2,是
002958,青农商行,深证,月线,看涨吞没,Bullish Engulfing,看涨,2026-07-31,100,1.29,3.17,15.69,0,是
002162,悦心健康,深证,月线,看涨吞没,Bullish Engulfing,看涨,2026-07-31,100,0.64,3.91,15.68,4,是
300056,中创环保,创业,周线,看涨吞没,Bullish Engulfing,看涨,2026-07-31,100,0.66,8.19,15.68,1,是
600993,马应龙,上证,月线,看涨吞没,Bullish Engulfing,看涨,2026-07-31,100,1.39,25.01,15.68,0,是
603859,能科科技,上证,周线,看涨吞没,Bullish Engulfing,看涨,2026-07-31,84.1,0.77,40.2,15.68,8,否
688373,盟科药业,科创,周线,启明星,Morning Star,看涨,2026-08-07,100,1.18,5.24,15.67,1,是
603997,继峰股份,上证,周线,看涨吞没,Bullish Engulfing,看涨,2026-07-31,100,1.12,13.16,15.64,2,否
603382,海阳科技,上证,月线,启明星,Morning Star,看涨,2026-08-14,100,0.69,20.94,15.63,6,是
300238,冠昊生物,创业,月线,看涨吞没,Bullish Engulfing,看涨,2026-08-14,100,0.29,12.52,15.6,1,否
688311,盟升电子,科创,周线,启明星,Morning Star,看涨,2026-08-07,100,1.05,24.48,15.58,1,否
603960,克来机电,上证,周线,启明星,Morning Star,看涨,2026-07-31,100,0.65,16.11,15.57,3,是
688310,迈得医疗,科创,周线,看涨吞没,Bullish Engulfing,看涨,2026-08-07,100,0.85,15.15,15.56,0,否
300429,强力新材,创业,周线,看涨吞没,Bullish Engulfing,看涨,2026-08-07,100,0.95,10.7,15.55,0,是
000070,特发信息,深证,周线,看涨吞没,Bullish Engulfing,看涨,2026-08-07,100,0.62,14.65,15.54,27,是
300196,长海股份,创业,周线,看涨吞没,Bullish Engulfing,看涨,2026-08-07,100,0.8,18.36,15.54,1,是
300621,维业股份,创业,周线,看涨吞没,Bullish Engulfing,看涨,2026-07-31,100,1.14,6.84,15.54,0,是
300380,安硕信息,创业,周线,看涨吞没,Bullish Engulfing,看涨,2026-07-31,100,1.1,30.35,15.53,0,否
300634,彩讯股份,创业,周线,看涨吞没,Bullish Engulfing,看涨,2026-07-31,100,0.69,20.16,15.53,1,否
300634,彩讯股份,创业,周线,启明星,Morning Star,看涨,2026-07-31,100,0.69,20.16,15.53,1,否
300679,电连技术,创业,周线,看涨吞没,Bullish Engulfing,看涨,2026-08-07,84.5,0.75,42.19,15.53,1,否
002517,恺英网络,深证,周线,看涨吞没,Bullish Engulfing,看涨,2026-07-31,100,1.5,17.19,15.52,2,是
300373,扬杰科技,创业,周线,看涨吞没,Bullish Engulfing,看涨,2026-08-07,88.2,0.86,96.93,15.5,0,否
600846,同济科技,上证,月线,看涨吞没,Bullish Engulfing,看涨,2026-07-31,100,1,11.55,15.5,5,是
300146,汤臣倍健,创业,月线,看涨吞没,Bullish Engulfing,看涨,2026-07-31,100,1.54,10.44,15.49,0,是
600039,四川路桥,上证,月线,看涨吞没,Bullish Engulfing,看涨,2026-07-31,100,0.78,9.03,15.47,0,是
601858,中国科传,上证,周线,启明星,Morning Star,看涨,2026-07-31,100,1.5,19.78,15.47,8,否
002195,岩山科技,深证,周线,启明星,Morning Star,看涨,2026-07-31,100,1.79,6.8,15.45,10,否
300261,雅本化学,创业,月线,看涨吞没,Bullish Engulfing,看涨,2026-07-31,94.9,1.04,5.16,15.44,0,否
301004,嘉益股份,创业,周线,看涨吞没,Bullish Engulfing,看涨,2026-07-31,100,1.6,37.6,15.44,0,否
300603,立昂技术,创业,月线,启明星,Morning Star,看涨,2026-08-14,100,0.46,8.9,15.43,0,否
301399,英特科技,创业,月线,看涨吞没,Bullish Engulfing,看涨,2026-08-14,100,0.46,17.22,15.42,0,否
601083,锦江航运,上证,月线,看涨吞没,Bullish Engulfing,看涨,2026-07-31,100,0.54,11.47,15.39,2,是
002100,天康生物,深证,月线,看涨吞没,Bullish Engulfing,看涨,2026-07-31,100,0.99,7.28,15.37,1,是
688023,安恒信息,科创,周线,看涨吞没,Bullish Engulfing,看涨,2026-07-31,100,1.22,39.55,15.37,0,否
600850,电科数字,上证,周线,看涨吞没,Bullish Engulfing,看涨,2026-07-31,100,1.38,15.71,15.35,3,否
603283,赛腾股份,上证,周线,看涨吞没,Bullish Engulfing,看涨,2026-08-07,80.3,1.06,44.41,15.35,6,否
000006,深振业Ａ,深证,月线,看涨吞没,Bullish Engulfing,看涨,2026-08-14,100,0.29,7.52,15.34,9,是
688181,八亿时空,科创,周线,看涨吞没,Bullish Engulfing,看涨,2026-08-07,100,0.72,40,15.34,0,是
000070,特发信息,深证,月线,看涨吞没,Bullish Engulfing,看涨,2026-06-30,100,1.84,20.84,15.33,27,是
605566,福莱蒽特,上证,周线,看涨吞没,Bullish Engulfing,看涨,2026-08-07,100,0.73,25.81,15.33,7,否
603330,天洋新材,上证,周线,看涨吞没,Bullish Engulfing,看涨,2026-07-31,99.8,1.22,6.93,15.31,11,是
002642,荣联科技,深证,周线,看涨吞没,Bullish Engulfing,看涨,2026-07-31,89.4,1.5,7.39,15.29,6,否
600058,五矿发展,上证,月线,看涨吞没,Bullish Engulfing,看涨,2026-06-30,100,1.51,11.55,15.27,9,否
688399,硕世生物,科创,周线,看涨吞没,Bullish Engulfing,看涨,2026-08-07,100,1.33,30.19,15.27,0,否
688399,硕世生物,科创,周线,启明星,Morning Star,看涨,2026-08-07,100,1.33,30.19,15.27,0,否
300759,康龙化成,创业,月线,看涨吞没,Bullish Engulfing,看涨,2026-06-30,97,1.44,28.93,15.26,0,否
688372,伟测科技,科创,周线,看涨吞没,Bullish Engulfing,看涨,2026-08-07,84.1,1.01,125.48,15.26,0,否
002201,九鼎新材,深证,月线,看涨吞没,Bullish Engulfing,看涨,2026-04-30,100,2.68,13.39,15.23,13,是
600345,长江通信,上证,周线,看涨吞没,Bullish Engulfing,看涨,2026-08-07,100,0.56,47.29,15.23,16,是
605287,德才股份,上证,周线,看涨吞没,Bullish Engulfing,看涨,2026-07-31,91.4,0.71,34.72,15.23,18,否
601916,浙商银行,上证,月线,看涨吞没,Bullish Engulfing,看涨,2026-07-31,89.2,1.14,3.03,15.21,0,否
603183,建研院,上证,月线,看涨吞没,Bullish Engulfing,看涨,2026-07-31,100,2.66,4.09,15.21,1,否
300050,世纪鼎利,创业,月线,看涨吞没,Bullish Engulfing,看涨,2026-08-14,97,0.31,6.29,15.2,0,否
600460,士兰微,上证,周线,看涨吞没,Bullish Engulfing,看涨,2026-08-07,87.6,1.22,32.55,15.18,2,否
688004,博汇科技,科创,周线,看涨吞没,Bullish Engulfing,看涨,2026-07-24,100,1.76,19.73,15.18,0,是
002948,青岛银行,深证,月线,看涨吞没,Bullish Engulfing,看涨,2026-07-31,100,1.03,5.85,15.16,1,是
301262,海看股份,创业,周线,看涨吞没,Bullish Engulfing,看涨,2026-07-31,100,2.8,20.59,15.16,2,否
688160,步科股份,科创,周线,看涨吞没,Bullish Engulfing,看涨,2026-07-31,82,0.8,109.4,15.16,2,否
002695,煌上煌,深证,周线,看涨吞没,Bullish Engulfing,看涨,2026-07-31,100,1.78,9.74,15.13,1,是
000810,创维数字,深证,月线,看涨吞没,Bullish Engulfing,看涨,2026-06-30,98.9,0.77,13.25,15.12,2,否
300328,宜安科技,创业,月线,看涨吞没,Bullish Engulfing,看涨,2026-08-14,92.3,0.35,14.77,15.12,1,否
603819,神力股份,上证,周线,启明星,Morning Star,看涨,2026-07-31,100,0.79,12.87,15.12,3,否
002484,江海股份,深证,周线,看涨吞没,Bullish Engulfing,看涨,2026-08-07,89.7,1.11,67.58,15.11,14,否
001266,宏英智能,深证,周线,看涨吞没,Bullish Engulfing,看涨,2026-08-07,100,1.08,34.59,15.07,12,否
002795,永和智控,深证,周线,看涨吞没,Bullish Engulfing,看涨,2026-07-31,91.5,1.01,6.04,15.05,10,否
605108,同庆楼,上证,周线,看涨吞没,Bullish Engulfing,看涨,2026-07-31,100,3.51,12.77,15.05,3,是
300505,川金诺,创业,周线,看涨吞没,Bullish Engulfing,看涨,2026-07-31,97.1,0.9,18.89,15.04,2,否
300505,川金诺,创业,周线,启明星,Morning Star,看涨,2026-07-31,94.4,0.9,18.89,15.04,2,否
002333,罗普斯金,深证,月线,看涨吞没,Bullish Engulfing,看涨,2026-07-31,100,0.78,5.36,15.02,4,是
002988,豪美新材,深证,月线,看涨吞没,Bullish Engulfing,看涨,2026-08-14,100,0.34,23.3,15,6,是
601318,中国平安,上证,月线,看涨吞没,Bullish Engulfing,看涨,2026-07-31,100,1.55,54.9,15,0,否
301105,鸿铭股份,创业,周线,看涨吞没,Bullish Engulfing,看涨,2026-07-31,96.4,0.9,44.96,14.99,0,否
002493,荣盛石化,深证,月线,看涨吞没,Bullish Engulfing,看涨,2026-07-31,100,1.95,12.36,14.98,0,是
688262,国芯科技,科创,周线,看涨吞没,Bullish Engulfing,看涨,2026-08-07,100,0.89,27.42,14.97,0,否
300105,龙源技术,创业,月线,看涨吞没,Bullish Engulfing,看涨,2026-06-30,100,2.09,7.07,14.96,1,否
600333,长春燃气,上证,月线,看涨吞没,Bullish Engulfing,看涨,2026-07-31,100,0.61,5.77,14.94,3,是
300782,卓胜微,创业,周线,看涨吞没,Bullish Engulfing,看涨,2026-08-07,100,0.65,78.02,14.87,0,否
688188,柏楚电子,科创,月线,启明星,Morning Star,看涨,2026-05-29,100,2.47,162.84,14.85,0,否
001311,多利科技,深证,月线,看涨吞没,Bullish Engulfing,看涨,2026-08-14,100,0.67,18.19,14.84,4,是
688719,爱科赛博,科创,周线,看涨吞没,Bullish Engulfing,看涨,2026-08-07,79.9,0.87,48.7,14.83,1,否
000966,长源电力,深证,周线,看涨吞没,Bullish Engulfing,看涨,2026-07-17,100,0.7,4.34,14.81,1,否
002853,皮阿诺,深证,周线,启明星,Morning Star,看涨,2026-08-07,100,0.63,21.72,14.8,9,是
002653,海思科,深证,周线,看涨吞没,Bullish Engulfing,看涨,2026-08-07,100,1.19,71.6,14.78,2,是
301577,美信科技,创业,周线,看涨吞没,Bullish Engulfing,看涨,2026-08-07,92.6,0.85,54.98,14.78,0,否
000967,盈峰环境,深证,周线,看涨吞没,Bullish Engulfing,看涨,2026-07-31,84.4,0.61,7.85,14.77,9,否
300217,东方电热,创业,周线,看涨吞没,Bullish Engulfing,看涨,2026-07-31,96.6,0.78,4.51,14.76,0,否
688136,科兴制药,科创,周线,启明星,Morning Star,看涨,2026-08-07,100,0.77,20.29,14.76,0,是
688356,键凯科技,科创,周线,看涨吞没,Bullish Engulfing,看涨,2026-08-07,100,1.31,74.5,14.74,0,是
002820,桂发祥,深证,月线,启明星,Morning Star,看涨,2026-08-14,100,0.25,10.14,14.71,4,是
600829,人民同泰,上证,周线,看涨吞没,Bullish Engulfing,看涨,2026-07-17,100,3.1,9.36,14.71,13,是
601528,瑞丰银行,上证,月线,看涨吞没,Bullish Engulfing,看涨,2026-07-31,100,1.2,5.07,14.71,0,否
300925,法本信息,创业,周线,看涨吞没,Bullish Engulfing,看涨,2026-07-31,100,0.93,15.46,14.69,0,否
601825,沪农商行,上证,月线,看涨吞没,Bullish Engulfing,看涨,2026-07-31,100,1.22,8.59,14.69,0,是
688173,希荻微,科创,周线,看涨吞没,Bullish Engulfing,看涨,2026-08-07,100,0.83,13.9,14.69,0,否
688301,奕瑞科技,科创,周线,看涨吞没,Bullish Engulfing,看涨,2026-08-07,100,1.02,96.39,14.67,0,是
000598,兴蓉环境,深证,月线,看涨吞没,Bullish Engulfing,看涨,2026-07-31,100,1.5,7.36,14.64,0,否
002425,凯撒文化,深证,周线,看涨吞没,Bullish Engulfing,看涨,2026-07-31,100,2.25,2.82,14.63,4,是
300655,晶瑞电材,创业,周线,看涨吞没,Bullish Engulfing,看涨,2026-08-07,100,1.07,13.48,14.63,0,否
000736,中交发展,深证,周线,看涨吞没,Bullish Engulfing,看涨,2026-07-31,100,1.79,4.39,14.62,3,是
300792,壹网壹创,创业,周线,启明星,Morning Star,看涨,2026-07-31,100,1.23,24.55,14.61,2,是
688820,盛合晶微,科创,周线,看涨吞没,Bullish Engulfing,看涨,2026-08-07,79.2,0.49,140.84,14.6,1,否
002627,三峡旅游,深证,周线,看涨吞没,Bullish Engulfing,看涨,2026-07-31,100,1.06,6.44,14.59,5,否
300645,正元智慧,创业,周线,看涨吞没,Bullish Engulfing,看涨,2026-07-31,100,1.27,12.72,14.59,1,否
603955,大千生态,上证,周线,看涨吞没,Bullish Engulfing,看涨,2026-07-31,100,1.57,19.4,14.59,4,否
600886,国投电力,上证,月线,看涨吞没,Bullish Engulfing,看涨,2026-07-31,100,1.78,15.25,14.58,0,否
603776,永安行,上证,月线,看涨吞没,Bullish Engulfing,看涨,2026-08-14,100,0.23,21.64,14.56,0,是
688386,泛亚微透,科创,月线,看涨吞没,Bullish Engulfing,看涨,2026-06-30,100,1.88,89.84,14.55,0,是
300407,凯发电气,创业,周线,看涨吞没,Bullish Engulfing,看涨,2026-07-24,100,2.14,10.87,14.54,0,否
600267,海正药业,上证,月线,看涨吞没,Bullish Engulfing,看涨,2026-07-31,100,2.63,11.58,14.54,3,是
000995,皇台酒业,深证,周线,看涨吞没,Bullish Engulfing,看涨,2026-07-31,100,1.16,10.56,14.53,6,否
605028,世茂能源,上证,周线,看涨吞没,Bullish Engulfing,看涨,2026-07-17,93.3,1.57,24.37,14.52,14,否
300726,宏达电子,创业,周线,看涨吞没,Bullish Engulfing,看涨,2026-08-07,100,1.12,54.45,14.51,3,是
688593,新相微,科创,周线,看涨吞没,Bullish Engulfing,看涨,2026-08-07,100,1.29,32.05,14.51,2,否
600350,山东高速,上证,月线,看涨吞没,Bullish Engulfing,看涨,2026-05-29,100,0.58,12.25,14.49,1,否
600971,恒源煤电,上证,月线,看涨吞没,Bullish Engulfing,看涨,2026-07-31,100,1.3,7.9,14.49,1,是
301091,深城交,创业,月线,启明星,Morning Star,看涨,2026-08-14,100,0.6,18.98,14.48,0,是
688721,龙图光罩,科创,周线,看涨吞没,Bullish Engulfing,看涨,2026-08-07,100,1.03,39.99,14.45,0,是
002029,七 匹 狼,深证,周线,看涨吞没,Bullish Engulfing,看涨,2026-07-31,100,1.4,8.32,14.44,11,是
002580,圣阳股份,深证,月线,看涨吞没,Bullish Engulfing,看涨,2026-08-14,100,1.05,22.28,14.43,17,否
603707,健友股份,上证,月线,看涨吞没,Bullish Engulfing,看涨,2026-07-31,100,1.39,8.09,14.43,0,是
688175,高凌信息,科创,周线,启明星,Morning Star,看涨,2026-08-07,100,1.47,19.03,14.43,0,是
688337,普源精电,科创,周线,看涨吞没,Bullish Engulfing,看涨,2026-08-07,100,0.71,44.33,14.4,0,是
600775,南京熊猫,上证,周线,启明星,Morning Star,看涨,2026-07-31,100,1.91,9.78,14.39,8,是
688515,裕太微,科创,周线,看涨吞没,Bullish Engulfing,看涨,2026-08-07,100,1.09,155.87,14.39,1,否
000534,万泽股份,深证,月线,看涨吞没,Bullish Engulfing,看涨,2026-08-14,100,0.32,28.25,14.37,11,是
688565,力源科技,科创,周线,看涨吞没,Bullish Engulfing,看涨,2026-07-24,100,1.63,9.95,14.37,0,否
301458,钧崴电子,创业,周线,看涨吞没,Bullish Engulfing,看涨,2026-08-07,100,0.73,38.16,14.35,0,是
002343,慈文传媒,深证,周线,看涨吞没,Bullish Engulfing,看涨,2026-07-31,93.6,1.15,4.95,14.32,2,否
300783,三只松鼠,创业,周线,看涨吞没,Bullish Engulfing,看涨,2026-07-31,100,2.02,18.22,14.3,0,是
603889,新澳股份,上证,月线,看涨吞没,Bullish Engulfing,看涨,2026-07-31,100,1.38,5.84,14.29,3,是
688123,聚辰股份,科创,周线,看涨吞没,Bullish Engulfing,看涨,2026-08-07,79.8,0.82,128.72,14.29,1,否
300606,金太阳,创业,周线,看涨吞没,Bullish Engulfing,看涨,2026-08-07,100,0.97,34.34,14.28,2,是
300302,同有科技,创业,周线,看涨吞没,Bullish Engulfing,看涨,2026-08-07,91.9,0.62,30.99,14.27,3,否
301153,中科江南,创业,周线,看涨吞没,Bullish Engulfing,看涨,2026-07-31,100,1.03,18.02,14.27,1,否
600419,天润乳业,上证,月线,看涨吞没,Bullish Engulfing,看涨,2026-07-31,100,1.26,8.65,14.27,1,是
601777,千里科技,上证,周线,启明星,Morning Star,看涨,2026-07-31,100,1.13,8.33,14.27,1,否
603043,广州酒家,上证,月线,看涨吞没,Bullish Engulfing,看涨,2026-07-31,100,0.93,14.17,14.27,0,是
301285,鸿日达,创业,周线,看涨吞没,Bullish Engulfing,看涨,2026-08-07,84.2,0.84,75,14.26,0,否
603607,京华激光,上证,月线,看涨吞没,Bullish Engulfing,看涨,2026-06-30,95.5,0.62,24.6,14.26,7,否
603615,茶花股份,上证,月线,看涨吞没,Bullish Engulfing,看涨,2026-08-14,100,0.45,17.15,14.26,5,是
688380,中微半导,科创,周线,看涨吞没,Bullish Engulfing,看涨,2026-08-07,99.1,0.92,40.3,14.26,2,是
603580,XD艾艾精,上证,周线,看涨吞没,Bullish Engulfing,看涨,2026-07-31,100,6.81,52.9,14.25,12,是
300121,阳谷华泰,创业,月线,看涨吞没,Bullish Engulfing,看涨,2026-06-30,100,1.35,12.6,14.23,1,是
002766,索菱股份,深证,月线,启明星,Morning Star,看涨,2026-08-14,100,0.79,4.5,14.21,11,是
688200,华峰测控,科创,周线,看涨吞没,Bullish Engulfing,看涨,2026-08-07,100,1.56,408.47,14.2,0,否
001296,长江材料,深证,月线,看涨吞没,Bullish Engulfing,看涨,2026-08-14,91.1,0.33,19.63,14.19,11,否
301299,卓创资讯,创业,周线,看涨吞没,Bullish Engulfing,看涨,2026-07-31,100,0.64,43.37,14.19,0,是
688071,华依科技,科创,月线,看涨吞没,Bullish Engulfing,看涨,2026-06-30,100,1.34,36.44,14.16,0,是
688695,中创股份,科创,周线,看涨吞没,Bullish Engulfing,看涨,2026-07-31,100,1.24,18.22,14.16,0,是
002624,完美世界,深证,周线,看涨吞没,Bullish Engulfing,看涨,2026-07-31,100,0.98,10.97,14.15,6,是
300532,今天国际,创业,周线,看涨吞没,Bullish Engulfing,看涨,2026-07-17,100,4.44,7.18,14.15,1,是
601166,兴业银行,上证,月线,看涨吞没,Bullish Engulfing,看涨,2026-07-31,100,1.61,18.9,14.13,0,否
688244,永信至诚,科创,周线,看涨吞没,Bullish Engulfing,看涨,2026-07-31,100,1.07,14.78,14.13,1,是
002920,德赛西威,深证,周线,看涨吞没,Bullish Engulfing,看涨,2026-07-31,100,1.08,92.45,14.11,2,否
002920,德赛西威,深证,周线,启明星,Morning Star,看涨,2026-07-31,100,1.08,92.45,14.11,2,否
300399,天利科技,创业,周线,看涨吞没,Bullish Engulfing,看涨,2026-07-31,100,0.94,17.23,14.11,1,是
300399,天利科技,创业,周线,启明星,Morning Star,看涨,2026-07-31,100,0.94,17.23,14.11,1,是
688691,灿芯股份,科创,周线,看涨吞没,Bullish Engulfing,看涨,2026-08-07,87.1,0.74,68.35,14.11,1,否
600728,佳都科技,上证,月线,看涨吞没,Bullish Engulfing,看涨,2026-07-31,88.5,0.71,4.86,14.08,2,否
601187,厦门银行,上证,月线,看涨吞没,Bullish Engulfing,看涨,2026-07-31,100,1.02,7.79,14.06,1,否
003010,若羽臣,深证,周线,看涨吞没,Bullish Engulfing,看涨,2026-07-31,93.5,1.79,26.65,14.04,4,否
600562,国睿科技,上证,月线,看涨吞没,Bullish Engulfing,看涨,2026-07-31,89.7,1.2,24.2,14.04,2,否
688131,皓元医药,科创,周线,看涨吞没,Bullish Engulfing,看涨,2026-07-31,100,1.01,77.72,14.04,0,是
002240,盛新锂能,深证,周线,看涨吞没,Bullish Engulfing,看涨,2026-08-07,100,0.77,32.05,14.02,13,否
000014,沙河股份,深证,周线,看涨吞没,Bullish Engulfing,看涨,2026-07-31,97.6,1.29,10.02,13.99,7,否
601928,凤凰传媒,上证,月线,看涨吞没,Bullish Engulfing,看涨,2026-07-31,100,0.79,10.02,13.99,0,否
601928,凤凰传媒,上证,月线,启明星,Morning Star,看涨,2026-07-31,100,0.79,10.02,13.99,0,否
300832,新产业,创业,月线,看涨吞没,Bullish Engulfing,看涨,2026-07-31,100,2.33,47.87,13.98,0,是
688553,汇宇制药,科创,周线,启明星,Morning Star,看涨,2026-08-07,100,0.86,11.91,13.97,1,否
300457,赢合科技,创业,周线,启明星,Morning Star,看涨,2026-07-31,100,0.98,20.73,13.96,1,是
001872,招商港口,深证,月线,看涨吞没,Bullish Engulfing,看涨,2026-07-31,100,1.1,22.14,13.95,0,是
300204,舒泰神,创业,月线,看涨吞没,Bullish Engulfing,看涨,2026-08-14,100,0.66,25.03,13.93,3,是
600519,贵州茅台,上证,月线,看涨吞没,Bullish Engulfing,看涨,2026-07-31,100,1.58,1350.6,13.93,0,是
000980,众泰汽车,深证,周线,看涨吞没,Bullish Engulfing,看涨,2026-07-31,100,0.89,1.72,13.91,11,是
002862,实丰文化,深证,周线,看涨吞没,Bullish Engulfing,看涨,2026-07-31,100,1.01,13.43,13.91,2,否
300458,全志科技,创业,月线,看涨吞没,Bullish Engulfing,看涨,2026-06-30,100,1.21,39.46,13.91,0,是
600076,康欣新材,上证,周线,看涨吞没,Bullish Engulfing,看涨,2026-07-31,92,0.74,3.03,13.91,14,否
000859,国风新材,深证,周线,看涨吞没,Bullish Engulfing,看涨,2026-07-31,100,1.06,8.28,13.89,21,是
600085,同仁堂,上证,月线,看涨吞没,Bullish Engulfing,看涨,2026-07-31,100,1.91,26.32,13.89,0,是
002847,盐津铺子,深证,周线,看涨吞没,Bullish Engulfing,看涨,2026-07-31,100,1.98,52.03,13.88,2,是
300487,蓝晓科技,创业,月线,看涨吞没,Bullish Engulfing,看涨,2026-08-14,100,0.7,66.7,13.88,1,是
600556,天下秀,上证,周线,看涨吞没,Bullish Engulfing,看涨,2026-07-31,100,1.17,4.68,13.87,10,否
600556,天下秀,上证,周线,启明星,Morning Star,看涨,2026-07-31,100,1.17,4.68,13.87,10,否
688052,纳芯微,科创,周线,看涨吞没,Bullish Engulfing,看涨,2026-08-07,100,0.75,211.92,13.87,0,是
600316,洪都航空,上证,月线,看涨吞没,Bullish Engulfing,看涨,2026-08-14,91.3,0.53,28.59,13.86,1,否
600025,华能水电,上证,月线,看涨吞没,Bullish Engulfing,看涨,2026-07-31,100,1.43,10.12,13.84,0,是
600926,杭州银行,上证,月线,看涨吞没,Bullish Engulfing,看涨,2026-07-31,100,1.11,16.45,13.84,0,是
603382,海阳科技,上证,周线,看涨吞没,Bullish Engulfing,看涨,2026-07-31,100,2.18,18.11,13.83,6,是
603486,科沃斯,上证,周线,看涨吞没,Bullish Engulfing,看涨,2026-07-31,100,1.36,60.67,13.83,1,是
300456,赛微电子,创业,周线,看涨吞没,Bullish Engulfing,看涨,2026-08-07,100,0.58,31.96,13.82,0,否
001230,劲旅环境,深证,周线,启明星,Morning Star,看涨,2026-08-07,100,1.45,19.78,13.81,3,是
300883,龙利得,创业,月线,看涨吞没,Bullish Engulfing,看涨,2026-08-14,88.5,0.51,6.11,13.78,0,否
301390,经纬股份,创业,周线,看涨吞没,Bullish Engulfing,看涨,2026-07-31,100,1.01,29,13.77,0,是
600326,西藏天路,上证,周线,看涨吞没,Bullish Engulfing,看涨,2026-07-31,100,3.08,6.94,13.77,3,是
300244,迪安诊断,创业,月线,看涨吞没,Bullish Engulfing,看涨,2026-08-14,100,0.67,20.76,13.75,2,否
002546,新联电子,深证,月线,看涨吞没,Bullish Engulfing,看涨,2026-07-31,100,1.4,8.28,13.74,8,否
688226,威腾电气,科创,周线,看涨吞没,Bullish Engulfing,看涨,2026-08-07,100,0.54,30.14,13.74,1,否
300682,朗新科技,创业,周线,启明星,Morning Star,看涨,2026-07-31,100,0.99,11.1,13.73,0,否
301151,冠龙节能,创业,周线,看涨吞没,Bullish Engulfing,看涨,2026-08-07,100,1.38,17.4,13.73,2,是
603988,中电电机,上证,周线,看涨吞没,Bullish Engulfing,看涨,2026-07-24,100,1.86,16.4,13.73,13,是
000524,岭南控股,深证,周线,启明星,Morning Star,看涨,2026-07-31,100,1.24,9.2,13.72,2,是
300584,海辰药业,创业,周线,看涨吞没,Bullish Engulfing,看涨,2026-08-07,100,0.91,35.98,13.72,2,否
600583,海油工程,上证,月线,看涨吞没,Bullish Engulfing,看涨,2026-07-31,90.5,0.88,5.72,13.72,3,否
001318,阳光乳业,深证,周线,看涨吞没,Bullish Engulfing,看涨,2026-07-31,100,3.59,10.87,13.7,4,是
002310,东方新能,深证,周线,看涨吞没,Bullish Engulfing,看涨,2026-07-31,99.2,1.32,2.49,13.7,14,否
301197,工大科雅,创业,周线,看涨吞没,Bullish Engulfing,看涨,2026-07-31,99.8,1.02,22.76,13.69,1,否
601288,农业银行,上证,月线,看涨吞没,Bullish Engulfing,看涨,2026-07-31,100,1.27,6.9,13.67,0,否
688206,概伦电子,科创,周线,看涨吞没,Bullish Engulfing,看涨,2026-08-07,100,0.76,36.14,13.65,1,是
002622,皓宸医疗,深证,周线,看涨吞没,Bullish Engulfing,看涨,2026-07-31,93.7,1.44,2.25,13.64,5,否
300485,赛升药业,创业,月线,看涨吞没,Bullish Engulfing,看涨,2026-08-14,100,0.31,10,13.64,0,是
000567,海德股份,深证,周线,看涨吞没,Bullish Engulfing,看涨,2026-07-31,100,1.19,6.17,13.63,5,否
002188,中天服务,深证,周线,看涨吞没,Bullish Engulfing,看涨,2026-07-31,88.3,0.91,4.92,13.63,5,否
003023,彩虹集团,深证,周线,看涨吞没,Bullish Engulfing,看涨,2026-07-31,92.9,0.84,20.09,13.63,3,否
600644,乐山电力,上证,周线,看涨吞没,Bullish Engulfing,看涨,2026-07-17,94.8,0.57,9.01,13.62,5,否
605177,东亚药业,上证,月线,看涨吞没,Bullish Engulfing,看涨,2026-05-29,100,1.96,23.77,13.62,2,是
002104,恒宝股份,深证,周线,看涨吞没,Bullish Engulfing,看涨,2026-07-31,100,1.62,10.27,13.61,7,否
002104,恒宝股份,深证,周线,启明星,Morning Star,看涨,2026-07-31,100,1.62,10.27,13.61,7,否
301556,托普云农,创业,周线,启明星,Morning Star,看涨,2026-07-31,100,1.11,59.28,13.61,0,否
002161,远 望 谷,深证,周线,看涨吞没,Bullish Engulfing,看涨,2026-07-31,100,1.06,5.43,13.6,3,是
300223,君正股份,创业,周线,看涨吞没,Bullish Engulfing,看涨,2026-08-07,84.5,1.25,144.05,13.6,2,否
688767,博拓生物,科创,周线,看涨吞没,Bullish Engulfing,看涨,2026-07-31,100,1.73,38.17,13.6,2,是
002316,亚联发展,深证,周线,看涨吞没,Bullish Engulfing,看涨,2026-07-31,100,0.82,4.18,13.59,4,是
605188,国光连锁,上证,周线,看涨吞没,Bullish Engulfing,看涨,2026-07-31,100,2.47,12.45,13.59,19,否
600962,国投中鲁,上证,周线,看涨吞没,Bullish Engulfing,看涨,2026-07-31,100,1.27,24.34,13.58,11,否
000720,新能泰山,深证,月线,看涨吞没,Bullish Engulfing,看涨,2026-08-14,95,0.92,3.85,13.57,19,否
688302,海创药业,科创,周线,看涨吞没,Bullish Engulfing,看涨,2026-08-07,100,0.98,37.2,13.55,0,是
688302,海创药业,科创,周线,启明星,Morning Star,看涨,2026-08-07,100,0.98,37.2,13.55,0,是
688110,东芯股份,科创,周线,看涨吞没,Bullish Engulfing,看涨,2026-08-07,100,1.01,115.98,13.54,5,是
688621,阳光诺和,科创,周线,启明星,Morning Star,看涨,2026-08-07,100,1.15,64.88,13.53,0,否
603038,华立股份,上证,周线,启明星,Morning Star,看涨,2026-08-07,100,0.83,13.69,13.52,6,否
688449,联芸科技,科创,周线,看涨吞没,Bullish Engulfing,看涨,2026-08-07,100,0.76,59.54,13.52,1,是
300052,中青宝,创业,月线,启明星,Morning Star,看涨,2026-06-30,100,1.93,13.54,13.5,3,是
301062,上海艾录,创业,月线,启明星,Morning Star,看涨,2026-08-14,100,0.42,6.98,13.5,0,是
688126,沪硅产业,科创,周线,看涨吞没,Bullish Engulfing,看涨,2026-08-07,86.8,0.89,26.65,13.5,2,否
002767,先锋电子,深证,月线,看涨吞没,Bullish Engulfing,看涨,2026-08-14,100,0.21,18.18,13.48,5,是
300907,康平科技,创业,周线,看涨吞没,Bullish Engulfing,看涨,2026-08-07,87.2,0.73,41.01,13.48,1,否
600731,湖南海利,上证,月线,看涨吞没,Bullish Engulfing,看涨,2026-07-31,100,0.75,5.81,13.48,0,是
601601,中国太保,上证,月线,看涨吞没,Bullish Engulfing,看涨,2026-07-31,100,1.91,32.36,13.46,0,否
600303,曙光股份,上证,周线,看涨吞没,Bullish Engulfing,看涨,2026-07-31,100,1.18,2.7,13.45,5,是
002319,乐通股份,深证,周线,看涨吞没,Bullish Engulfing,看涨,2026-08-07,100,1.89,11.48,13.44,4,是
603528,多伦科技,上证,周线,看涨吞没,Bullish Engulfing,看涨,2026-07-31,100,1.54,6.16,13.44,4,是
600429,三元股份,上证,周线,看涨吞没,Bullish Engulfing,看涨,2026-07-31,100,1.51,4.56,13.43,5,否
603899,晨光股份,上证,月线,看涨吞没,Bullish Engulfing,看涨,2026-07-31,100,0.86,23.4,13.43,0,是
688039,当虹科技,科创,周线,看涨吞没,Bullish Engulfing,看涨,2026-07-31,84.9,0.87,33.96,13.43,3,否
688091,上海谊众,科创,月线,看涨吞没,Bullish Engulfing,看涨,2026-08-14,100,0.47,41.18,13.41,0,是
603980,吉华集团,上证,周线,看涨吞没,Bullish Engulfing,看涨,2026-07-31,100,2.71,6.6,13.4,6,是
688426,康为世纪,科创,月线,看涨吞没,Bullish Engulfing,看涨,2026-08-14,100,0.48,19.12,13.4,0,是
688163,赛伦生物,科创,周线,看涨吞没,Bullish Engulfing,看涨,2026-08-07,99,0.55,32.68,13.39,1,否
002597,金禾实业,深证,周线,看涨吞没,Bullish Engulfing,看涨,2026-07-31,100,1.3,21.02,13.38,3,是
600126,杭钢股份,上证,周线,看涨吞没,Bullish Engulfing,看涨,2026-08-14,100,1.51,7.38,13.36,7,是
603108,润达医疗,上证,周线,看涨吞没,Bullish Engulfing,看涨,2026-07-31,87.7,1.13,10.01,13.36,4,否
600033,福建高速,上证,月线,看涨吞没,Bullish Engulfing,看涨,2026-07-31,89.2,0.7,3.65,13.35,2,否
301276,嘉曼服饰,创业,周线,启明星,Morning Star,看涨,2026-08-07,97.9,0.73,20.48,13.34,0,否
002791,坚朗五金,深证,周线,看涨吞没,Bullish Engulfing,看涨,2026-07-31,90.2,1.11,15.17,13.29,2,否
603683,晶华新材,上证,周线,看涨吞没,Bullish Engulfing,看涨,2026-08-07,100,1.68,15.87,13.28,4,是
603809,豪能股份,上证,周线,看涨吞没,Bullish Engulfing,看涨,2026-07-31,100,1.14,9.47,13.28,3,否
301629,矽电股份,创业,周线,看涨吞没,Bullish Engulfing,看涨,2026-08-07,81.8,0.69,255.41,13.26,2,否
601816,京沪高铁,上证,月线,看涨吞没,Bullish Engulfing,看涨,2026-07-31,100,1.46,5.13,13.25,0,否
688109,品茗科技,科创,月线,看涨吞没,Bullish Engulfing,看涨,2026-08-14,94.2,0.33,75.49,13.25,2,否
300061,旗天科技,创业,周线,看涨吞没,Bullish Engulfing,看涨,2026-07-31,100,0.91,6.5,13.24,1,否
300987,川网传媒,创业,周线,看涨吞没,Bullish Engulfing,看涨,2026-07-31,100,1.09,13.34,13.24,1,是
000970,中科三环,深证,周线,看涨吞没,Bullish Engulfing,看涨,2026-08-07,100,1.4,13.69,13.23,5,是
301595,太力科技,创业,月线,看涨吞没,Bullish Engulfing,看涨,2026-08-14,93,0.16,41.25,13.23,0,否
301566,达利凯普,创业,日线,看涨吞没,Bullish Engulfing,看涨,2026-08-11,100,2.79,28.19,13.21,2,否
600267,海正药业,上证,周线,看涨吞没,Bullish Engulfing,看涨,2026-08-07,100,1.8,13.11,13.21,3,是
300054,鼎龙股份,创业,周线,看涨吞没,Bullish Engulfing,看涨,2026-08-07,89.7,1.02,77.74,13.19,0,否
300348,长亮科技,创业,周线,启明星,Morning Star,看涨,2026-07-31,100,1.16,9.62,13.18,0,否
605011,杭州热电,上证,周线,看涨吞没,Bullish Engulfing,看涨,2026-07-17,100,1.04,18.48,13.17,1,是
688010,福光股份,科创,周线,看涨吞没,Bullish Engulfing,看涨,2026-08-07,100,0.7,27.61,13.16,1,否
603107,上海汽配,上证,周线,看涨吞没,Bullish Engulfing,看涨,2026-07-31,100,2.13,12.56,13.15,0,是
603352,至信股份,上证,周线,看涨吞没,Bullish Engulfing,看涨,2026-07-31,100,1.42,26.94,13.15,1,是
688716,中研股份,科创,周线,启明星,Morning Star,看涨,2026-08-07,100,1.05,29.52,13.15,0,否
002127,南极电商,深证,月线,看涨吞没,Bullish Engulfing,看涨,2026-07-31,99.2,1.01,3.1,13.14,2,否
600354,敦煌种业,上证,周线,看涨吞没,Bullish Engulfing,看涨,2026-07-17,100,1.32,5.6,13.13,4,否
688698,伟创电气,科创,周线,看涨吞没,Bullish Engulfing,看涨,2026-07-31,83.9,0.85,47.64,13.13,0,否
000534,万泽股份,深证,周线,看涨吞没,Bullish Engulfing,看涨,2026-08-07,100,0.61,27.94,13.12,11,是
300535,达威股份,创业,月线,看涨吞没,Bullish Engulfing,看涨,2026-08-14,100,0.46,15.26,13.12,0,否
002416,爱施德,深证,周线,看涨吞没,Bullish Engulfing,看涨,2026-07-31,100,0.9,10.01,13.11,0,否
603025,大豪科技,上证,周线,看涨吞没,Bullish Engulfing,看涨,2026-08-14,100,0.99,15.18,13.11,5,是
603630,拉芳家化,上证,周线,看涨吞没,Bullish Engulfing,看涨,2026-07-31,99.2,3.83,14.84,13.11,5,否
002611,东方精工,深证,周线,看涨吞没,Bullish Engulfing,看涨,2026-07-31,100,1.05,15.97,13.1,4,否
300804,广康生化,创业,月线,看涨吞没,Bullish Engulfing,看涨,2026-04-30,100,1.9,51.8,13.1,0,是
605100,华丰股份,上证,周线,看涨吞没,Bullish Engulfing,看涨,2026-08-07,100,0.95,33.06,13.1,7,是
301563,云汉芯城,创业,周线,看涨吞没,Bullish Engulfing,看涨,2026-08-07,100,0.74,129,13.09,5,否
300174,元力股份,创业,周线,看涨吞没,Bullish Engulfing,看涨,2026-08-07,89.6,0.68,19.28,13.08,1,否
600184,光电股份,上证,周线,看涨吞没,Bullish Engulfing,看涨,2026-08-07,100,0.45,18.24,13.08,8,否
688132,邦彦技术,科创,周线,看涨吞没,Bullish Engulfing,看涨,2026-07-31,100,0.94,12.9,13.06,0,是
688143,长盈通,科创,日线,启明星,Morning Star,看涨,2026-08-12,100,1.7,117.99,13.06,1,是
688261,东微半导,科创,周线,看涨吞没,Bullish Engulfing,看涨,2026-08-07,86.7,0.82,73.4,13.06,2,否
603338,浙江鼎力,上证,周线,看涨吞没,Bullish Engulfing,看涨,2026-07-24,100,1.54,57,13.05,3,否
688314,康拓医疗,科创,周线,启明星,Morning Star,看涨,2026-08-07,100,0.64,34.49,13.04,1,否
002368,太极股份,深证,周线,看涨吞没,Bullish Engulfing,看涨,2026-07-31,100,1.05,14.75,13.03,0,是
002368,太极股份,深证,周线,启明星,Morning Star,看涨,2026-07-31,100,1.05,14.75,13.03,0,是
301097,天益医疗,创业,周线,看涨吞没,Bullish Engulfing,看涨,2026-08-07,100,0.91,34.7,13.03,1,是
301097,天益医疗,创业,周线,启明星,Morning Star,看涨,2026-08-07,100,0.91,34.7,13.03,1,是
688611,杭州柯林,科创,周线,看涨吞没,Bullish Engulfing,看涨,2026-08-07,99.2,1.14,60.1,13.03,0,否
601069,西部黄金,上证,周线,启明星,Morning Star,看涨,2026-07-31,100,1.42,25.45,13.01,14,否
601398,工商银行,上证,月线,看涨吞没,Bullish Engulfing,看涨,2026-07-31,100,1.53,7.99,13.01,0,是
301178,天亿马,创业,周线,启明星,Morning Star,看涨,2026-08-07,100,1.19,35.82,13,0,否
600482,中国动力,上证,周线,看涨吞没,Bullish Engulfing,看涨,2026-08-07,86.1,0.68,30.24,13,5,否
300947,德必集团,创业,周线,看涨吞没,Bullish Engulfing,看涨,2026-07-31,100,0.92,13.49,12.98,1,是
301551,无线传媒,创业,周线,看涨吞没,Bullish Engulfing,看涨,2026-07-31,100,1.56,21.41,12.98,0,是
002364,中恒电气,深证,周线,看涨吞没,Bullish Engulfing,看涨,2026-08-07,100,0.7,40.08,12.97,21,是
300451,创业慧康,创业,周线,看涨吞没,Bullish Engulfing,看涨,2026-07-31,100,1.22,3.57,12.97,0,是
688697,纽威数控,科创,月线,看涨吞没,Bullish Engulfing,看涨,2026-08-14,100,0.88,14.55,12.97,1,否
002192,融捷股份,深证,周线,看涨吞没,Bullish Engulfing,看涨,2026-08-07,100,0.55,69.49,12.96,11,是
300508,维宏股份,创业,周线,看涨吞没,Bullish Engulfing,看涨,2026-07-31,82.7,0.72,38.52,12.96,1,否
300778,新城市,创业,周线,看涨吞没,Bullish Engulfing,看涨,2026-07-31,86.8,0.73,10.11,12.96,0,否
603051,鹿山新材,上证,周线,启明星,Morning Star,看涨,2026-08-07,100,0.96,20.66,12.96,5,是
300459,汤姆猫,创业,周线,启明星,Morning Star,看涨,2026-07-31,100,1.76,3.84,12.94,0,是
688046,药康生物,科创,周线,看涨吞没,Bullish Engulfing,看涨,2026-07-24,100,2.44,26.2,12.93,1,是
688058,宝兰德,科创,周线,看涨吞没,Bullish Engulfing,看涨,2026-07-31,100,0.85,21.57,12.93,0,是
688058,宝兰德,科创,周线,启明星,Morning Star,看涨,2026-07-31,100,0.85,21.57,12.93,0,是
688605,先锋精科,科创,周线,看涨吞没,Bullish Engulfing,看涨,2026-08-07,100,1.1,75.9,12.93,0,否
002738,中矿资源,深证,周线,看涨吞没,Bullish Engulfing,看涨,2026-08-07,100,0.8,53.14,12.92,3,否
688127,蓝特光学,科创,周线,看涨吞没,Bullish Engulfing,看涨,2026-08-07,100,0.95,66.95,12.92,0,是
300773,拉卡拉,创业,周线,看涨吞没,Bullish Engulfing,看涨,2026-07-31,100,1.04,16,12.91,1,否
300773,拉卡拉,创业,周线,启明星,Morning Star,看涨,2026-07-31,100,1.04,16,12.91,1,否
300226,上海钢联,创业,周线,看涨吞没,Bullish Engulfing,看涨,2026-07-31,96.5,1.08,16.45,12.9,0,否
300830,金现代,创业,周线,看涨吞没,Bullish Engulfing,看涨,2026-07-31,100,0.78,8.14,12.9,2,否
300830,金现代,创业,周线,启明星,Morning Star,看涨,2026-07-31,100,0.78,8.14,12.9,2,否
300115,长盈精密,创业,周线,看涨吞没,Bullish Engulfing,看涨,2026-07-31,100,0.93,27.58,12.89,1,是
600019,宝钢股份,上证,月线,看涨吞没,Bullish Engulfing,看涨,2026-07-31,100,1.15,6.13,12.89,0,是
688536,思瑞浦,科创,周线,看涨吞没,Bullish Engulfing,看涨,2026-08-07,97,0.68,251.75,12.89,0,是
300191,潜能恒信,创业,月线,看涨吞没,Bullish Engulfing,看涨,2026-04-30,100,1.82,43.38,12.88,4,否
301211,亨迪药业,创业,周线,启明星,Morning Star,看涨,2026-08-07,100,1.29,11.57,12.88,1,是
600812,华北制药,上证,月线,看涨吞没,Bullish Engulfing,看涨,2026-07-31,100,1.27,4.82,12.88,0,否
002387,维信诺,深证,周线,看涨吞没,Bullish Engulfing,看涨,2026-07-31,100,0.99,6.93,12.87,5,是
002507,涪陵榨菜,深证,月线,看涨吞没,Bullish Engulfing,看涨,2026-07-31,100,1.08,12.19,12.87,0,是
600623,华谊集团,上证,月线,看涨吞没,Bullish Engulfing,看涨,2026-04-30,100,1.25,10.88,12.86,2,是
002821,凯莱英,深证,周线,看涨吞没,Bullish Engulfing,看涨,2026-08-07,100,1.1,172.26,12.85,8,是
601998,中信银行,上证,月线,看涨吞没,Bullish Engulfing,看涨,2026-07-31,100,1.08,7.82,12.84,0,是
688172,燕东微,科创,周线,看涨吞没,Bullish Engulfing,看涨,2026-08-07,80.6,0.83,56.5,12.84,1,否
300933,中辰股份,创业,周线,看涨吞没,Bullish Engulfing,看涨,2026-07-31,100,1.91,6.42,12.83,0,否
300933,中辰股份,创业,周线,启明星,Morning Star,看涨,2026-07-31,100,1.91,6.42,12.83,0,否
603316,诚邦股份,上证,周线,看涨吞没,Bullish Engulfing,看涨,2026-08-07,100,0.68,14.25,12.83,18,否
000837,秦川机床,深证,周线,看涨吞没,Bullish Engulfing,看涨,2026-07-31,97.1,0.64,9.68,12.82,2,否
002869,金溢科技,深证,周线,看涨吞没,Bullish Engulfing,看涨,2026-07-31,100,1.11,15.49,12.82,2,是
002869,金溢科技,深证,周线,启明星,Morning Star,看涨,2026-07-31,100,1.11,15.49,12.82,2,是
603163,圣晖集成,上证,周线,看涨吞没,Bullish Engulfing,看涨,2026-08-07,100,1.12,82.6,12.8,28,是
603229,奥翔药业,上证,月线,看涨吞没,Bullish Engulfing,看涨,2026-08-14,100,0.31,8.37,12.8,0,是
688472,阿特斯,科创,周线,启明星,Morning Star,看涨,2026-07-31,100,0.91,10.49,12.8,2,是
300771,智莱科技,创业,周线,看涨吞没,Bullish Engulfing,看涨,2026-07-31,100,1.57,11.64,12.79,0,是
300771,智莱科技,创业,月线,看涨吞没,Bullish Engulfing,看涨,2026-07-31,100,0.62,11.64,12.79,0,是
300002,神州泰岳,创业,周线,看涨吞没,Bullish Engulfing,看涨,2026-07-31,100,1.5,8.56,12.78,0,否
688426,康为世纪,科创,周线,看涨吞没,Bullish Engulfing,看涨,2026-07-31,100,0.83,16.86,12.78,0,是
600360,华微电子,上证,周线,看涨吞没,Bullish Engulfing,看涨,2026-08-07,91.3,1.03,10.51,12.77,5,否
688208,道通科技,科创,周线,看涨吞没,Bullish Engulfing,看涨,2026-07-31,100,1.05,29.33,12.76,0,否
600323,瀚蓝环境,上证,月线,看涨吞没,Bullish Engulfing,看涨,2026-07-31,94.9,1.25,30.96,12.75,0,否
000680,山推股份,深证,月线,看涨吞没,Bullish Engulfing,看涨,2026-07-31,98.5,0.98,11.33,12.74,0,否
688396,华润微,科创,周线,看涨吞没,Bullish Engulfing,看涨,2026-08-07,80.7,0.83,61.21,12.73,0,否
300113,顺网科技,创业,周线,看涨吞没,Bullish Engulfing,看涨,2026-07-31,100,0.65,18,12.71,2,是
300702,天宇股份,创业,月线,看涨吞没,Bullish Engulfing,看涨,2026-08-14,100,0.54,22.37,12.7,0,是
688633,星球石墨,科创,周线,看涨吞没,Bullish Engulfing,看涨,2026-07-31,87.3,0.81,23.51,12.7,1,否
300543,朗科智能,创业,周线,看涨吞没,Bullish Engulfing,看涨,2026-07-31,100,0.96,7.46,12.69,0,否
300542,新晨科技,创业,周线,看涨吞没,Bullish Engulfing,看涨,2026-07-31,100,1.41,11.91,12.68,0,是
601939,建设银行,上证,月线,看涨吞没,Bullish Engulfing,看涨,2026-07-31,100,1.42,10.85,12.67,0,否
600726,华电能源,上证,周线,看涨吞没,Bullish Engulfing,看涨,2026-08-07,100,0.67,6.32,12.66,22,否
688410,山外山,科创,周线,看涨吞没,Bullish Engulfing,看涨,2026-07-31,100,1.87,10.59,12.66,0,是
002073,软控股份,深证,月线,看涨吞没,Bullish Engulfing,看涨,2026-07-31,100,0.6,5.79,12.65,1,是
600828,茂业商业,上证,周线,看涨吞没,Bullish Engulfing,看涨,2026-07-31,100,1.03,3.83,12.65,17,是
000408,藏格矿业,深证,周线,启明星,Morning Star,看涨,2026-07-24,100,1.18,77.27,12.64,0,是
002215,诺 普 信,深证,月线,看涨吞没,Bullish Engulfing,看涨,2026-07-31,100,0.79,9.27,12.64,1,是
002423,中粮资本,深证,月线,看涨吞没,Bullish Engulfing,看涨,2026-07-31,100,0.61,9.27,12.64,3,是
002577,雷柏科技,深证,周线,看涨吞没,Bullish Engulfing,看涨,2026-07-31,100,1.54,18.1,12.63,1,是
688561,奇安信,科创,周线,看涨吞没,Bullish Engulfing,看涨,2026-07-31,98.2,1.46,27.03,12.63,0,否
300255,常山药业,创业,周线,看涨吞没,Bullish Engulfing,看涨,2026-08-07,100,1.47,28.11,12.62,1,否
300255,常山药业,创业,周线,启明星,Morning Star,看涨,2026-08-07,100,1.47,28.11,12.62,1,否
002820,桂发祥,深证,周线,看涨吞没,Bullish Engulfing,看涨,2026-07-31,100,1.44,8.84,12.61,4,是
600783,鲁信创投,上证,周线,看涨吞没,Bullish Engulfing,看涨,2026-07-31,100,0.81,16.07,12.61,16,否
603339,四方科技,上证,月线,看涨吞没,Bullish Engulfing,看涨,2026-06-30,100,1.41,14.29,12.61,4,是
002603,以岭药业,深证,月线,看涨吞没,Bullish Engulfing,看涨,2026-07-31,100,1.77,16.89,12.6,0,否
300315,掌趣科技,创业,周线,看涨吞没,Bullish Engulfing,看涨,2026-07-31,100,1.39,4.38,12.6,0,是
001212,中旗新材,深证,周线,看涨吞没,Bullish Engulfing,看涨,2026-08-07,100,0.78,35.68,12.59,4,否
002129,TCL中环,深证,月线,启明星,Morning Star,看涨,2026-05-29,100,1.75,9.75,12.59,8,否
688408,中信博,科创,周线,看涨吞没,Bullish Engulfing,看涨,2026-07-31,100,0.85,27.02,12.58,0,否
688408,中信博,科创,周线,启明星,Morning Star,看涨,2026-07-31,100,0.85,27.02,12.58,0,否
300293,蓝英装备,创业,周线,看涨吞没,Bullish Engulfing,看涨,2026-07-31,100,2.35,15.52,12.55,0,是
600373,中文传媒,上证,周线,看涨吞没,Bullish Engulfing,看涨,2026-07-31,100,1.54,7.71,12.55,0,是
300523,辰安科技,创业,周线,看涨吞没,Bullish Engulfing,看涨,2026-07-31,100,0.93,19.84,12.54,0,是
300669,沪宁股份,创业,周线,启明星,Morning Star,看涨,2026-08-07,100,0.81,22.79,12.54,1,是
603380,易德龙,上证,周线,看涨吞没,Bullish Engulfing,看涨,2026-08-07,96.2,0.75,33.29,12.54,7,是
301316,慧博云通,创业,月线,看涨吞没,Bullish Engulfing,看涨,2026-08-14,95,0.29,40.85,12.53,0,否
688091,上海谊众,科创,周线,看涨吞没,Bullish Engulfing,看涨,2026-08-07,100,0.64,40.86,12.53,0,是
600351,亚宝药业,上证,月线,看涨吞没,Bullish Engulfing,看涨,2026-07-31,91.1,1.16,6.47,12.52,0,否
300992,泰福泵业,创业,周线,启明星,Morning Star,看涨,2026-08-07,100,0.47,23.93,12.51,1,是
300275,梅安森,创业,月线,启明星,Morning Star,看涨,2026-08-14,100,0.27,9.27,12.5,1,是
301126,达嘉维康,创业,周线,看涨吞没,Bullish Engulfing,看涨,2026-07-31,87.7,1.23,9,12.5,0,否
001269,欧晶科技,深证,周线,启明星,Morning Star,看涨,2026-07-31,100,0.55,19.01,12.49,7,是
002553,南方精工,深证,周线,看涨吞没,Bullish Engulfing,看涨,2026-07-31,97.5,0.9,15.76,12.49,2,否
600446,金证股份,上证,周线,看涨吞没,Bullish Engulfing,看涨,2026-07-31,100,1.17,11.08,12.49,3,否
603068,博通集成,上证,月线,看涨吞没,Bullish Engulfing,看涨,2026-08-14,100,1.09,41.44,12.49,6,是
601595,上海电影,上证,周线,看涨吞没,Bullish Engulfing,看涨,2026-07-31,98.1,1.67,17.85,12.48,3,否
603683,晶华新材,上证,月线,看涨吞没,Bullish Engulfing,看涨,2026-06-30,100,1.43,30.82,12.48,4,是
688247,宣泰医药,科创,周线,启明星,Morning Star,看涨,2026-08-07,100,2.85,9.29,12.47,1,否
301031,中熔电气,创业,周线,看涨吞没,Bullish Engulfing,看涨,2026-08-07,100,0.78,87.82,12.45,2,否
000151,中成股份,深证,月线,看涨吞没,Bullish Engulfing,看涨,2026-05-29,100,0.95,13.31,12.42,2,是
600016,民生银行,上证,月线,看涨吞没,Bullish Engulfing,看涨,2026-07-31,96.2,1.18,3.62,12.42,0,否
301133,金钟股份,创业,周线,看涨吞没,Bullish Engulfing,看涨,2026-08-07,87.6,0.86,26.9,12.41,0,否
688321,微芯生物,科创,周线,看涨吞没,Bullish Engulfing,看涨,2026-08-07,100,1.06,29.74,12.4,0,是
301159,三维天地,创业,周线,看涨吞没,Bullish Engulfing,看涨,2026-07-31,91.7,0.99,29.14,12.38,3,否
688030,山石网科,科创,周线,看涨吞没,Bullish Engulfing,看涨,2026-07-31,100,1.2,15.79,12.38,0,否
688030,山石网科,科创,周线,启明星,Morning Star,看涨,2026-07-31,100,1.2,15.79,12.38,0,否
003041,真爱美家,深证,周线,看涨吞没,Bullish Engulfing,看涨,2026-07-31,84.1,0.72,38,12.36,17,否
300531,优博讯,创业,月线,看涨吞没,Bullish Engulfing,看涨,2026-07-31,100,1.3,17.02,12.34,0,是
000563,陕国投Ａ,深证,月线,看涨吞没,Bullish Engulfing,看涨,2026-07-31,100,0.73,3.1,12.32,0,是
300703,创源股份,创业,周线,看涨吞没,Bullish Engulfing,看涨,2026-07-31,100,1,13.13,12.32,1,是
600513,联环药业,上证,周线,看涨吞没,Bullish Engulfing,看涨,2026-07-31,100,1.5,17.32,12.32,10,否
603339,四方科技,上证,周线,看涨吞没,Bullish Engulfing,看涨,2026-07-31,100,1.07,12.76,12.32,4,是
688793,倍轻松,科创,月线,启明星,Morning Star,看涨,2026-08-14,100,0.6,18.8,12.31,0,否
000917,电广传媒,深证,周线,启明星,Morning Star,看涨,2026-07-31,100,0.82,7.03,12.3,6,否
000504,南华生物,深证,周线,启明星,Morning Star,看涨,2026-08-07,100,1.25,8.5,12.29,2,否
000691,亚太实业,深证,月线,看涨吞没,Bullish Engulfing,看涨,2026-05-28,100,0.42,8.59,12.29,1,是
603833,欧派家居,上证,周线,看涨吞没,Bullish Engulfing,看涨,2026-07-31,100,1.93,34.8,12.29,1,是
002745,木林森,深证,周线,看涨吞没,Bullish Engulfing,看涨,2026-08-07,100,0.99,11.43,12.28,4,是
002972,科安达,深证,周线,看涨吞没,Bullish Engulfing,看涨,2026-08-07,98.4,1.08,13.81,12.28,1,是
001337,四川黄金,深证,周线,看涨吞没,Bullish Engulfing,看涨,2026-07-24,88.1,1.26,37.05,12.27,14,否
002242,九阳股份,深证,周线,看涨吞没,Bullish Engulfing,看涨,2026-07-31,100,1.4,9.06,12.27,5,是
300448,浩云科技,创业,周线,看涨吞没,Bullish Engulfing,看涨,2026-07-31,100,0.7,5.4,12.27,0,是
300448,浩云科技,创业,周线,启明星,Morning Star,看涨,2026-07-31,100,0.7,5.4,12.27,0,是
688618,三旺通信,科创,周线,看涨吞没,Bullish Engulfing,看涨,2026-08-07,88,0.82,29.09,12.27,2,否
301336,趣睡科技,创业,月线,看涨吞没,Bullish Engulfing,看涨,2026-08-14,100,0.43,43.5,12.23,0,否
600928,西安银行,上证,月线,看涨吞没,Bullish Engulfing,看涨,2026-07-31,100,1.06,3.67,12.23,1,是
000848,承德露露,深证,周线,看涨吞没,Bullish Engulfing,看涨,2026-07-31,100,2.25,9,12.22,0,是
603166,福达股份,上证,周线,看涨吞没,Bullish Engulfing,看涨,2026-07-31,100,0.94,10.76,12.2,4,是
002777,久远银海,深证,周线,看涨吞没,Bullish Engulfing,看涨,2026-07-31,100,1.39,13.26,12.18,2,是
301091,深城交,创业,周线,启明星,Morning Star,看涨,2026-07-31,100,1.19,16.58,12.18,0,是
603015,弘讯科技,上证,周线,看涨吞没,Bullish Engulfing,看涨,2026-07-31,99.8,0.69,10.13,12.18,6,是
002291,遥望科技,深证,周线,看涨吞没,Bullish Engulfing,看涨,2026-07-31,100,1.06,5.16,12.17,8,是
002037,保利联合,深证,周线,看涨吞没,Bullish Engulfing,看涨,2026-07-31,100,1.53,6.55,12.16,3,否
600178,东安动力,上证,周线,看涨吞没,Bullish Engulfing,看涨,2026-07-24,90.3,1.15,9.5,12.16,5,否
603801,志邦家居,上证,周线,看涨吞没,Bullish Engulfing,看涨,2026-07-31,100,2.09,5.81,12.16,1,否
002821,凯莱英,深证,月线,看涨吞没,Bullish Engulfing,看涨,2026-08-14,100,1.02,171.2,12.15,8,是
688185,康希诺,科创,月线,看涨吞没,Bullish Engulfing,看涨,2026-08-14,100,0.59,56.29,12.15,0,是
000710,贝瑞基因,深证,周线,看涨吞没,Bullish Engulfing,看涨,2026-07-31,100,1.22,8.5,12.14,5,是
300818,耐普矿机,创业,周线,看涨吞没,Bullish Engulfing,看涨,2026-08-07,100,1.41,21.28,12.12,1,否
000417,合百集团,深证,月线,看涨吞没,Bullish Engulfing,看涨,2026-05-29,100,2.59,7.5,12.11,11,否
600865,百大集团,上证,周线,看涨吞没,Bullish Engulfing,看涨,2026-07-31,100,1.62,8.61,12.11,9,是
300678,中科信息,创业,周线,启明星,Morning Star,看涨,2026-07-31,100,2.35,23.71,12.1,0,否
688660,电气风电,科创,周线,看涨吞没,Bullish Engulfing,看涨,2026-07-31,100,1.93,8.62,12.09,1,是
688660,电气风电,科创,周线,启明星,Morning Star,看涨,2026-07-31,100,1.93,8.62,12.09,1,是
002387,维信诺,深证,月线,看涨吞没,Bullish Engulfing,看涨,2026-06-30,100,1.59,9,12.08,5,是
300596,利安隆,创业,周线,看涨吞没,Bullish Engulfing,看涨,2026-08-07,100,0.65,42.2,12.08,0,否
600018,上港集团,上证,月线,看涨吞没,Bullish Engulfing,看涨,2026-07-31,100,1.63,5.29,12.08,0,是
000921,海信家电,深证,周线,看涨吞没,Bullish Engulfing,看涨,2026-07-31,100,1.26,27.39,12.07,1,否
300860,锋尚文化,创业,月线,看涨吞没,Bullish Engulfing,看涨,2026-08-14,100,0.28,27.12,12.07,0,是
688657,浩辰软件,科创,周线,启明星,Morning Star,看涨,2026-08-07,100,1.51,32.52,12.06,1,否
688115,思林杰,科创,日线,看涨吞没,Bullish Engulfing,看涨,2026-08-12,100,1.43,59.9,12.05,1,是
301678,新恒汇,创业,周线,看涨吞没,Bullish Engulfing,看涨,2026-08-07,100,0.85,45.7,12.04,0,是
603027,千禾味业,上证,周线,看涨吞没,Bullish Engulfing,看涨,2026-07-31,100,1.49,7.91,12.04,0,是
601326,秦港股份,上证,月线,看涨吞没,Bullish Engulfing,看涨,2026-07-31,100,1.04,3.54,12.03,2,是
300520,科大国创,创业,周线,启明星,Morning Star,看涨,2026-07-31,99.8,0.99,24.99,12.01,3,否
688382,益方生物,科创,月线,看涨吞没,Bullish Engulfing,看涨,2026-07-31,100,2.17,20.16,12,0,是
300180,华峰超纤,创业,周线,启明星,Morning Star,看涨,2026-07-31,100,0.98,4.39,11.99,0,否
300923,研奥股份,创业,周线,看涨吞没,Bullish Engulfing,看涨,2026-07-31,96.9,0.9,21.5,11.98,0,否
688799,华纳药厂,科创,周线,看涨吞没,Bullish Engulfing,看涨,2026-08-07,93.3,0.65,47.03,11.98,0,否
002595,豪迈科技,深证,月线,看涨吞没,Bullish Engulfing,看涨,2026-07-31,100,1.66,52.18,11.97,2,是
600831,广电网络,上证,周线,看涨吞没,Bullish Engulfing,看涨,2026-07-31,100,0.77,3.18,11.97,3,是
688013,天臣医疗,科创,月线,看涨吞没,Bullish Engulfing,看涨,2026-08-14,100,0.41,26.21,11.96,0,是
688385,复旦微电,科创,周线,看涨吞没,Bullish Engulfing,看涨,2026-08-07,100,0.79,54.47,11.96,0,否
603444,吉比特,上证,周线,启明星,Morning Star,看涨,2026-07-31,100,1.53,389.35,11.95,3,是
000717,中南股份,深证,月线,看涨吞没,Bullish Engulfing,看涨,2026-07-31,95,0.47,2.25,11.94,0,否
002991,甘源食品,深证,周线,看涨吞没,Bullish Engulfing,看涨,2026-07-31,100,1.48,43.61,11.94,0,是
300390,天华新能,创业,周线,看涨吞没,Bullish Engulfing,看涨,2026-08-07,87.2,0.56,60.7,11.93,2,否
300685,艾德生物,创业,月线,启明星,Morning Star,看涨,2026-08-14,100,0.65,19.53,11.92,0,否
688283,坤恒顺维,科创,周线,启明星,Morning Star,看涨,2026-08-07,100,0.76,28.18,11.91,0,否
688363,华熙生物,科创,月线,看涨吞没,Bullish Engulfing,看涨,2026-07-31,100,1.62,40.03,11.91,0,否
688363,华熙生物,科创,月线,启明星,Morning Star,看涨,2026-07-31,100,1.62,40.03,11.91,0,否
300204,舒泰神,创业,周线,看涨吞没,Bullish Engulfing,看涨,2026-08-07,100,0.9,24.58,11.88,3,是
300204,舒泰神,创业,周线,启明星,Morning Star,看涨,2026-08-07,100,0.9,24.58,11.88,3,是
002807,江阴银行,深证,月线,看涨吞没,Bullish Engulfing,看涨,2026-07-31,100,1.22,4.15,11.86,0,是
002858,力盛体育,深证,周线,看涨吞没,Bullish Engulfing,看涨,2026-07-31,100,0.89,11.32,11.86,2,是
301162,国能日新,创业,周线,看涨吞没,Bullish Engulfing,看涨,2026-07-31,100,0.65,39.15,11.86,0,是
301162,国能日新,创业,周线,启明星,Morning Star,看涨,2026-07-31,100,0.65,39.15,11.86,0,是
301226,祥明智能,创业,周线,看涨吞没,Bullish Engulfing,看涨,2026-07-31,100,0.5,27.56,11.85,4,是
300304,云意电气,创业,月线,看涨吞没,Bullish Engulfing,看涨,2026-05-29,89,0.84,13.23,11.83,0,否
688038,中科通达,科创,月线,看涨吞没,Bullish Engulfing,看涨,2026-08-14,100,0.35,18.08,11.81,0,是
000415,渤海租赁,深证,月线,看涨吞没,Bullish Engulfing,看涨,2026-07-31,100,0.84,4.55,11.79,1,是
300838,浙江力诺,创业,月线,看涨吞没,Bullish Engulfing,看涨,2026-08-14,100,0.48,13.75,11.79,0,是
600449,宁夏建材,上证,周线,看涨吞没,Bullish Engulfing,看涨,2026-07-31,100,0.81,13.08,11.79,5,否
002660,茂硕电源,深证,月线,启明星,Morning Star,看涨,2026-08-14,100,0.25,7.31,11.77,2,是
688237,超卓航科,科创,月线,看涨吞没,Bullish Engulfing,看涨,2026-04-30,100,0.84,56.33,11.77,1,否
688306,均普智能,科创,周线,看涨吞没,Bullish Engulfing,看涨,2026-07-31,99.2,0.81,9.21,11.77,1,是
301095,广立微,创业,周线,看涨吞没,Bullish Engulfing,看涨,2026-08-07,90.8,0.74,73.76,11.76,0,否
002248,华东数控,深证,周线,看涨吞没,Bullish Engulfing,看涨,2026-07-31,100,0.65,8.75,11.75,10,是
002248,华东数控,深证,周线,启明星,Morning Star,看涨,2026-07-31,100,0.65,8.75,11.75,10,是
300829,金丹科技,创业,周线,看涨吞没,Bullish Engulfing,看涨,2026-07-31,100,0.55,14.55,11.75,0,是
601666,平煤股份,上证,月线,看涨吞没,Bullish Engulfing,看涨,2026-07-31,100,1.25,7.99,11.75,3,是
002878,元隆雅图,深证,周线,看涨吞没,Bullish Engulfing,看涨,2026-07-31,100,0.65,12.18,11.74,4,是
300036,超图软件,创业,周线,看涨吞没,Bullish Engulfing,看涨,2026-07-31,100,1.15,11.52,11.74,0,否
300036,超图软件,创业,周线,启明星,Morning Star,看涨,2026-07-31,100,1.15,11.52,11.74,0,否
300814,中富电路,创业,日线,看涨吞没,Bullish Engulfing,看涨,2026-08-14,100,1.61,155.88,11.74,3,是
600327,大东方,上证,周线,看涨吞没,Bullish Engulfing,看涨,2026-08-14,100,4.29,4,11.73,3,是
688520,神州细胞,科创,周线,启明星,Morning Star,看涨,2026-08-07,100,1.13,37.82,11.73,0,是
300065,海兰信,创业,周线,看涨吞没,Bullish Engulfing,看涨,2026-08-07,100,0.71,17.16,11.72,2,否
688518,联赢激光,科创,月线,看涨吞没,Bullish Engulfing,看涨,2026-06-30,100,1.9,30.9,11.71,0,否
300633,开立医疗,创业,周线,看涨吞没,Bullish Engulfing,看涨,2026-07-31,100,1.01,20.24,11.7,0,否
301009,可靠股份,创业,周线,看涨吞没,Bullish Engulfing,看涨,2026-07-31,92.5,1.33,8.88,11.7,0,否
301151,冠龙节能,创业,月线,看涨吞没,Bullish Engulfing,看涨,2026-08-14,100,0.54,17.09,11.7,2,是
601098,中南传媒,上证,月线,看涨吞没,Bullish Engulfing,看涨,2026-07-31,95.5,1.13,10.99,11.69,0,否
300047,天源迪科,创业,周线,启明星,Morning Star,看涨,2026-07-31,100,1.29,10.04,11.68,0,否
688182,灿勤科技,科创,日线,启明星,Morning Star,看涨,2026-08-12,100,1.57,29.1,11.67,1,是
601328,交通银行,上证,月线,看涨吞没,Bullish Engulfing,看涨,2026-07-31,100,1.59,7.18,11.66,0,否
603529,爱玛科技,上证,月线,看涨吞没,Bullish Engulfing,看涨,2026-07-31,100,0.96,21.78,11.64,1,是
002813,路畅科技,深证,周线,看涨吞没,Bullish Engulfing,看涨,2026-07-31,100,1.03,20.63,11.63,6,否
301315,威士顿,创业,周线,看涨吞没,Bullish Engulfing,看涨,2026-07-31,100,1,37.11,11.61,2,是
600761,安徽合力,上证,月线,看涨吞没,Bullish Engulfing,看涨,2026-07-31,100,0.87,18.26,11.61,2,是
300070,碧水源,创业,月线,看涨吞没,Bullish Engulfing,看涨,2026-07-31,100,1.29,3.56,11.6,0,是
300288,朗玛信息,创业,周线,看涨吞没,Bullish Engulfing,看涨,2026-07-31,100,1.29,9.83,11.58,0,是
002181,粤 传 媒,深证,周线,看涨吞没,Bullish Engulfing,看涨,2026-07-31,100,0.48,8.58,11.57,20,是
301087,可孚医疗,创业,周线,看涨吞没,Bullish Engulfing,看涨,2026-07-24,100,1.38,53.73,11.57,0,否
301087,可孚医疗,创业,周线,启明星,Morning Star,看涨,2026-07-24,100,1.38,53.73,11.57,0,否
600674,川投能源,上证,月线,看涨吞没,Bullish Engulfing,看涨,2026-07-31,100,1.81,15.81,11.57,0,是
688621,阳光诺和,科创,周线,看涨吞没,Bullish Engulfing,看涨,2026-07-17,100,3.08,57.58,11.57,0,否
002132,恒星科技,深证,月线,看涨吞没,Bullish Engulfing,看涨,2026-06-30,100,2.28,5.41,11.55,3,是
300548,长芯博创,创业,月线,看涨吞没,Bullish Engulfing,看涨,2026-06-30,100,0.84,278,11.55,1,是
301632,广东建科,创业,周线,看涨吞没,Bullish Engulfing,看涨,2026-07-31,100,1.96,15.64,11.55,2,是
688299,长阳科技,科创,周线,启明星,Morning Star,看涨,2026-08-07,100,0.84,13.04,11.55,0,是
601116,三江购物,上证,周线,看涨吞没,Bullish Engulfing,看涨,2026-07-31,100,1.33,10.34,11.54,13,否
002936,郑州银行,深证,月线,看涨吞没,Bullish Engulfing,看涨,2026-07-31,100,0.97,1.84,11.52,0,是
301581,黄山谷捷,创业,月线,启明星,Morning Star,看涨,2026-05-29,100,0.75,52.33,11.51,0,是
300168,万达信息,创业,周线,看涨吞没,Bullish Engulfing,看涨,2026-07-31,100,1.21,5.04,11.5,0,否
301078,孩子王,创业,周线,看涨吞没,Bullish Engulfing,看涨,2026-07-31,100,1.04,7.56,11.5,0,否
600050,中国联通,上证,月线,看涨吞没,Bullish Engulfing,看涨,2026-07-31,100,0.59,4.46,11.5,0,是
001382,新亚电缆,深证,周线,启明星,Morning Star,看涨,2026-07-24,100,1.01,16.9,11.48,1,否
002177,御银股份,深证,周线,启明星,Morning Star,看涨,2026-07-31,100,0.73,5.73,11.48,11,否
300043,星辉娱乐,创业,周线,看涨吞没,Bullish Engulfing,看涨,2026-07-31,93.1,1.27,4.76,11.48,1,否
603196,璞源材料,上证,周线,启明星,Morning Star,看涨,2026-08-07,100,0.5,21.37,11.48,4,否
688513,苑东生物,科创,周线,看涨吞没,Bullish Engulfing,看涨,2026-08-07,91,1.03,49.81,11.48,0,否
002455,百川股份,深证,月线,看涨吞没,Bullish Engulfing,看涨,2026-08-14,100,0.58,7.2,11.46,12,是
002861,瀛通通讯,深证,周线,看涨吞没,Bullish Engulfing,看涨,2026-08-07,100,1,16.24,11.46,1,是
300386,飞天诚信,创业,周线,启明星,Morning Star,看涨,2026-07-31,100,0.97,10.21,11.46,2,是
600403,大有能源,上证,周线,看涨吞没,Bullish Engulfing,看涨,2026-07-24,100,2.45,5.35,11.46,30,是
300188,国投智能,创业,周线,启明星,Morning Star,看涨,2026-07-31,100,1.23,10.9,11.45,0,否
002041,登海种业,深证,月线,看涨吞没,Bullish Engulfing,看涨,2026-07-31,94.8,0.82,8.77,11.44,1,否
300551,古鳌科技,创业,周线,看涨吞没,Bullish Engulfing,看涨,2026-07-31,100,1.34,9.35,11.44,1,是
002094,青岛金王,深证,周线,看涨吞没,Bullish Engulfing,看涨,2026-07-31,100,1.37,4.68,11.43,0,是
002164,宁波东力,深证,月线,看涨吞没,Bullish Engulfing,看涨,2026-08-14,100,0.23,12.28,11.43,6,是
300803,指南针,创业,周线,看涨吞没,Bullish Engulfing,看涨,2026-07-31,100,1.03,82.41,11.43,1,是
002633,申科股份,深证,周线,启明星,Morning Star,看涨,2026-08-07,100,0.79,14.73,11.42,3,否
300774,倍杰特,创业,月线,看涨吞没,Bullish Engulfing,看涨,2026-08-14,100,0.35,10.83,11.42,1,是
301308,江波龙,创业,周线,看涨吞没,Bullish Engulfing,看涨,2026-08-07,92.3,1.14,386.6,11.42,2,否
002077,大港股份,深证,周线,看涨吞没,Bullish Engulfing,看涨,2026-08-07,100,1.07,12.79,11.41,4,是
603500,祥和实业,上证,月线,看涨吞没,Bullish Engulfing,看涨,2026-06-30,100,3.24,11.62,11.41,4,否
688084,晶品特装,科创,周线,启明星,Morning Star,看涨,2026-08-07,100,0.97,44.34,11.41,0,否
002575,群兴玩具,深证,周线,启明星,Morning Star,看涨,2026-07-31,100,0.7,5.08,11.4,14,否
002716,湖南白银,深证,月线,看涨吞没,Bullish Engulfing,看涨,2026-08-14,100,0.77,8.9,11.39,15,是
603198,迎驾贡酒,上证,周线,看涨吞没,Bullish Engulfing,看涨,2026-08-14,100,1.54,41.27,11.39,2,是
002093,国脉科技,深证,周线,看涨吞没,Bullish Engulfing,看涨,2026-07-31,100,1.41,6.95,11.38,2,否
300941,创识科技,创业,周线,看涨吞没,Bullish Engulfing,看涨,2026-07-31,100,1.25,14.48,11.38,0,否
301202,朗威股份,创业,月线,看涨吞没,Bullish Engulfing,看涨,2026-08-14,98.8,0.27,34.46,11.38,1,否
000429,粤高速Ａ,深证,月线,看涨吞没,Bullish Engulfing,看涨,2026-05-29,100,0.57,14.01,11.37,0,是
301043,绿岛风,创业,周线,看涨吞没,Bullish Engulfing,看涨,2026-08-07,100,0.74,42.87,11.35,4,是
301208,中亦科技,创业,周线,看涨吞没,Bullish Engulfing,看涨,2026-07-31,95.7,0.87,29.13,11.35,0,否
600137,浪莎股份,上证,周线,看涨吞没,Bullish Engulfing,看涨,2026-07-31,100,0.76,16.88,11.35,2,是
600580,卧龙电驱,上证,周线,启明星,Morning Star,看涨,2026-07-31,97.4,0.77,31.69,11.35,7,否
002103,广博股份,深证,周线,看涨吞没,Bullish Engulfing,看涨,2026-07-31,100,1.29,6.58,11.34,2,否
300317,珈伟新能,创业,周线,看涨吞没,Bullish Engulfing,看涨,2026-07-17,100,0.61,4.13,11.32,1,是
001311,多利科技,深证,周线,看涨吞没,Bullish Engulfing,看涨,2026-07-31,100,1.28,15.84,11.31,4,是
605300,佳禾食品,上证,周线,看涨吞没,Bullish Engulfing,看涨,2026-07-31,100,1.32,9.75,11.3,3,否
001287,中电港,深证,周线,看涨吞没,Bullish Engulfing,看涨,2026-08-07,100,0.59,23.17,11.29,6,是
301166,优宁维,创业,周线,启明星,Morning Star,看涨,2026-08-07,100,0.95,27.99,11.29,0,否
600571,信雅达,上证,周线,看涨吞没,Bullish Engulfing,看涨,2026-07-31,100,1.39,10.45,11.29,0,否
603355,莱克电气,上证,周线,启明星,Morning Star,看涨,2026-07-31,100,1,27.9,11.29,3,否
300078,思创智联,创业,周线,启明星,Morning Star,看涨,2026-07-31,100,1.13,2.96,11.28,2,否
300600,国瑞科技,创业,周线,启明星,Morning Star,看涨,2026-07-31,100,1.62,9.96,11.28,0,否
600711,盛屯矿业,上证,周线,看涨吞没,Bullish Engulfing,看涨,2026-08-07,100,1.07,11.84,11.28,4,是
603103,横店影视,上证,周线,看涨吞没,Bullish Engulfing,看涨,2026-07-31,100,0.6,14.5,11.28,8,是
603103,横店影视,上证,周线,启明星,Morning Star,看涨,2026-07-31,100,0.6,14.5,11.28,8,是
300488,恒锋工具,创业,周线,看涨吞没,Bullish Engulfing,看涨,2026-08-07,100,0.68,31.49,11.27,1,是
301167,建研设计,创业,周线,看涨吞没,Bullish Engulfing,看涨,2026-07-31,100,1.02,12.84,11.27,0,是
301638,南网数字,创业,周线,看涨吞没,Bullish Engulfing,看涨,2026-07-24,100,0.63,23,11.27,3,是
688296,和达科技,科创,周线,看涨吞没,Bullish Engulfing,看涨,2026-07-24,100,2.46,13.66,11.24,0,否
600409,三友化工,上证,周线,看涨吞没,Bullish Engulfing,看涨,2026-07-24,100,1.04,6.24,11.23,4,是
600409,三友化工,上证,周线,启明星,Morning Star,看涨,2026-07-24,100,1.04,6.24,11.23,4,是
603993,洛阳钼业,上证,月线,看涨吞没,Bullish Engulfing,看涨,2026-07-31,100,1.27,19.52,11.23,2,是
002653,海思科,深证,月线,看涨吞没,Bullish Engulfing,看涨,2026-08-14,100,0.85,69.38,11.22,2,是
002900,哈三联,深证,周线,看涨吞没,Bullish Engulfing,看涨,2026-07-17,100,3.12,10.9,11.22,9,是
301062,上海艾录,创业,周线,看涨吞没,Bullish Engulfing,看涨,2026-07-31,100,0.95,6.15,11.21,0,是
600892,大晟文化,上证,月线,看涨吞没,Bullish Engulfing,看涨,2026-08-14,100,1.96,3.77,11.21,3,否
301323,新莱福,创业,周线,看涨吞没,Bullish Engulfing,看涨,2026-08-07,99.5,0.74,77,11.18,3,是
301596,瑞迪智驱,创业,月线,启明星,Morning Star,看涨,2026-05-29,100,1.46,76.2,11.18,2,否
600332,白云山,上证,月线,看涨吞没,Bullish Engulfing,看涨,2026-07-31,100,1.48,22.28,11.18,0,是
603328,依顿电子,上证,周线,看涨吞没,Bullish Engulfing,看涨,2026-07-31,89.1,0.58,9.46,11.16,3,否
300482,万孚生物,创业,周线,看涨吞没,Bullish Engulfing,看涨,2026-07-31,90.2,0.99,17.44,11.15,0,否
003015,日久光电,深证,周线,启明星,Morning Star,看涨,2026-08-07,100,1.06,11.59,11.12,0,是
605339,南侨食品,上证,周线,看涨吞没,Bullish Engulfing,看涨,2026-07-31,100,2.34,12.69,11.12,4,是
300443,金雷股份,创业,周线,看涨吞没,Bullish Engulfing,看涨,2026-07-24,90.6,0.76,20.6,11.11,0,否
603013,亚普股份,上证,周线,看涨吞没,Bullish Engulfing,看涨,2026-07-31,100,0.94,17.24,11.08,4,是
688088,虹软科技,科创,周线,看涨吞没,Bullish Engulfing,看涨,2026-07-31,86.2,1.06,33.38,11.08,0,否
601702,华峰铝业,上证,月线,看涨吞没,Bullish Engulfing,看涨,2026-05-29,100,1.4,20.57,11.07,4,否
603871,嘉友国际,上证,周线,看涨吞没,Bullish Engulfing,看涨,2026-07-24,100,1.35,12.44,11.07,2,是
002875,安奈儿,深证,周线,看涨吞没,Bullish Engulfing,看涨,2026-07-31,93.3,0.71,12.45,11.06,4,否
603636,南威软件,上证,周线,看涨吞没,Bullish Engulfing,看涨,2026-07-31,100,1.01,6.73,11.06,6,是
688338,赛科希德,科创,周线,启明星,Morning Star,看涨,2026-08-07,100,0.84,28.71,11.06,0,是
688710,益诺思,科创,月线,看涨吞没,Bullish Engulfing,看涨,2026-06-30,100,1.33,67.2,11.06,2,是
600960,渤海汽车,上证,周线,启明星,Morning Star,看涨,2026-07-31,100,0.68,3.92,11.05,5,是
603068,博通集成,上证,周线,看涨吞没,Bullish Engulfing,看涨,2026-08-07,100,3.62,40.91,11.05,6,是
603351,威尔药业,上证,周线,启明星,Morning Star,看涨,2026-08-07,100,1.08,25.76,11.03,1,是
603767,中马传动,上证,周线,看涨吞没,Bullish Engulfing,看涨,2026-07-31,100,0.49,14.49,11.03,5,是
688758,赛分科技,科创,周线,看涨吞没,Bullish Engulfing,看涨,2026-07-17,100,3.06,23.56,11.03,0,是
300479,神思电子,创业,周线,看涨吞没,Bullish Engulfing,看涨,2026-07-31,100,1.07,13.7,11.02,0,否
603000,人民网,上证,周线,看涨吞没,Bullish Engulfing,看涨,2026-07-31,100,1.02,16.83,11.02,5,否
300075,数字政通,创业,周线,看涨吞没,Bullish Engulfing,看涨,2026-07-31,100,1.3,11.39,11.01,0,是
301277,新天地,创业,周线,启明星,Morning Star,看涨,2026-08-07,100,1.73,10.79,11.01,0,否
300339,润和软件,创业,周线,看涨吞没,Bullish Engulfing,看涨,2026-07-31,100,0.98,37.74,11,0,否
300339,润和软件,创业,周线,启明星,Morning Star,看涨,2026-07-31,100,0.98,37.74,11,0,否
603373,安邦护卫,上证,月线,看涨吞没,Bullish Engulfing,看涨,2026-05-29,100,1.58,43.79,11,7,否
688759,必贝特,科创,周线,启明星,Morning Star,看涨,2026-08-14,100,1.54,28.16,11,2,否
300795,米奥会展,创业,日线,看涨吞没,Bullish Engulfing,看涨,2026-08-12,100,1.29,16.87,10.99,5,是
603049,中策橡胶,上证,月线,看涨吞没,Bullish Engulfing,看涨,2026-07-31,100,0.82,49.73,10.98,0,是
600638,新黄浦,上证,周线,看涨吞没,Bullish Engulfing,看涨,2026-07-31,100,1.37,4.86,10.96,1,是
601696,中银证券,上证,月线,看涨吞没,Bullish Engulfing,看涨,2026-06-30,100,1.37,12.65,10.96,3,是
688152,麒麟信安,科创,周线,启明星,Morning Star,看涨,2026-07-31,100,0.96,27.13,10.96,0,是
688677,海泰新光,科创,周线,看涨吞没,Bullish Engulfing,看涨,2026-08-07,82.1,0.99,75.95,10.96,2,否
002394,联发股份,深证,周线,看涨吞没,Bullish Engulfing,看涨,2026-07-31,100,0.79,8.92,10.95,5,是
002394,联发股份,深证,周线,启明星,Morning Star,看涨,2026-07-31,100,0.79,8.92,10.95,5,是
301129,瑞纳智能,创业,周线,看涨吞没,Bullish Engulfing,看涨,2026-07-31,100,0.61,20.36,10.95,1,是
301129,瑞纳智能,创业,周线,启明星,Morning Star,看涨,2026-07-31,100,0.61,20.36,10.95,1,是
300310,宜通世纪,创业,周线,看涨吞没,Bullish Engulfing,看涨,2026-07-31,100,0.76,4.36,10.94,0,是
600064,南京高科,上证,月线,看涨吞没,Bullish Engulfing,看涨,2026-07-31,100,1.03,7.91,10.94,0,是
603280,南方路机,上证,月线,看涨吞没,Bullish Engulfing,看涨,2026-08-14,100,0.25,27.6,10.93,7,是
688607,康众医疗,科创,周线,看涨吞没,Bullish Engulfing,看涨,2026-07-31,90.5,1.15,38.68,10.93,1,否
300184,力源信息,创业,周线,看涨吞没,Bullish Engulfing,看涨,2026-08-07,97.9,0.6,12.8,10.92,0,否
603227,雪峰科技,上证,周线,看涨吞没,Bullish Engulfing,看涨,2026-07-31,100,0.49,7.72,10.92,1,否
301006,迈拓股份,创业,周线,看涨吞没,Bullish Engulfing,看涨,2026-07-31,87.3,0.89,12.61,10.91,0,否
601567,三星电气,上证,月线,看涨吞没,Bullish Engulfing,看涨,2026-07-31,100,1.33,16.57,10.91,4,是
603929,亚翔集成,上证,周线,看涨吞没,Bullish Engulfing,看涨,2026-08-07,93.8,1.16,164.8,10.91,27,是
688766,普冉股份,科创,周线,看涨吞没,Bullish Engulfing,看涨,2026-08-07,98.9,2.14,393.63,10.91,5,否
300640,德艺文创,创业,周线,看涨吞没,Bullish Engulfing,看涨,2026-07-31,97.2,1.15,6.31,10.9,1,否
603200,上海洗霸,上证,周线,看涨吞没,Bullish Engulfing,看涨,2026-07-31,100,1.64,35.71,10.9,5,否
603890,春秋电子,上证,周线,看涨吞没,Bullish Engulfing,看涨,2026-08-07,79.7,0.59,19.13,10.9,10,否
002474,榕基软件,深证,周线,看涨吞没,Bullish Engulfing,看涨,2026-07-31,100,1.31,6.21,10.89,14,是
300949,奥雅股份,创业,周线,看涨吞没,Bullish Engulfing,看涨,2026-07-31,100,1.18,20.58,10.88,1,是
301101,明月镜片,创业,周线,看涨吞没,Bullish Engulfing,看涨,2026-07-31,91.2,1.08,29.97,10.88,0,否
300579,数字认证,创业,周线,看涨吞没,Bullish Engulfing,看涨,2026-07-31,100,1.34,22.16,10.86,0,否
688232,新点软件,科创,周线,看涨吞没,Bullish Engulfing,看涨,2026-07-31,100,1.53,18.79,10.86,1,否
688320,禾川科技,科创,周线,看涨吞没,Bullish Engulfing,看涨,2026-07-31,79.7,0.84,29.09,10.86,0,否
300213,佳讯飞鸿,创业,周线,看涨吞没,Bullish Engulfing,看涨,2026-07-31,100,1.35,6.13,10.85,0,是
300213,佳讯飞鸿,创业,周线,启明星,Morning Star,看涨,2026-07-31,100,1.35,6.13,10.85,0,是
002114,罗平锌电,深证,月线,看涨吞没,Bullish Engulfing,看涨,2026-08-14,100,0.25,7.26,10.84,9,是
300161,华中数控,创业,周线,看涨吞没,Bullish Engulfing,看涨,2026-07-31,97.2,0.64,25.35,10.84,0,是
301008,宏昌科技,创业,日线,看涨吞没,Bullish Engulfing,看涨,2026-08-11,100,3.28,42.45,10.84,6,是
000058,深 赛 格,深证,周线,看涨吞没,Bullish Engulfing,看涨,2026-07-31,100,1.36,6.65,10.83,2,否
600336,澳柯玛,上证,周线,看涨吞没,Bullish Engulfing,看涨,2026-07-31,100,0.69,6.14,10.83,1,否
603286,日盈电子,上证,周线,启明星,Morning Star,看涨,2026-08-07,100,1.08,41.84,10.83,14,是
002716,湖南白银,深证,周线,启明星,Morning Star,看涨,2026-07-31,100,1.04,7.99,10.82,15,是
301239,普瑞眼科,创业,月线,启明星,Morning Star,看涨,2026-08-14,100,0.98,36.05,10.82,0,是
301601,惠通科技,创业,周线,看涨吞没,Bullish Engulfing,看涨,2026-07-31,100,1.28,15.68,10.81,0,是
000957,中通客车,深证,月线,看涨吞没,Bullish Engulfing,看涨,2026-07-31,100,0.49,10.37,10.79,1,是
600505,西昌电力,上证,周线,看涨吞没,Bullish Engulfing,看涨,2026-07-17,100,0.69,11.6,10.79,2,是
603385,惠达卫浴,上证,周线,看涨吞没,Bullish Engulfing,看涨,2026-07-31,87.2,1.01,5.03,10.79,0,否
300871,回盛生物,创业,周线,启明星,Morning Star,看涨,2026-08-07,100,0.59,22.95,10.76,1,是
301263,泰恩康,创业,周线,看涨吞没,Bullish Engulfing,看涨,2026-07-31,96.8,0.94,20.49,10.76,0,否
300879,大叶股份,创业,周线,看涨吞没,Bullish Engulfing,看涨,2026-07-31,100,0.81,16.2,10.73,0,是
300879,大叶股份,创业,周线,启明星,Morning Star,看涨,2026-07-31,100,0.81,16.2,10.73,0,是
002643,万润股份,深证,周线,看涨吞没,Bullish Engulfing,看涨,2026-08-07,100,1,14.15,10.72,3,是
603956,威派格,上证,月线,看涨吞没,Bullish Engulfing,看涨,2026-06-30,100,1.41,6.3,10.72,10,是
300529,健帆生物,创业,周线,看涨吞没,Bullish Engulfing,看涨,2026-07-31,100,1.38,18.6,10.71,0,否
301121,紫建电子,创业,周线,看涨吞没,Bullish Engulfing,看涨,2026-08-07,100,1.05,33.81,10.71,1,是
301121,紫建电子,创业,周线,启明星,Morning Star,看涨,2026-08-07,100,1.05,33.81,10.71,1,是
600572,康恩贝,上证,月线,看涨吞没,Bullish Engulfing,看涨,2026-07-31,100,1.71,4.34,10.71,2,是
002095,生 意 宝,深证,月线,看涨吞没,Bullish Engulfing,看涨,2026-07-31,100,0.32,14.17,10.7,1,是
688350,富淼科技,科创,周线,看涨吞没,Bullish Engulfing,看涨,2026-07-31,100,0.86,27.54,10.69,1,否
300177,中海达,创业,周线,看涨吞没,Bullish Engulfing,看涨,2026-07-31,100,0.81,6.22,10.68,0,是
300177,中海达,创业,周线,启明星,Morning Star,看涨,2026-07-31,100,0.81,6.22,10.68,0,是
300324,旋极信息,创业,周线,启明星,Morning Star,看涨,2026-07-31,100,0.88,3.73,10.68,1,是
601360,三六零,上证,周线,看涨吞没,Bullish Engulfing,看涨,2026-07-31,100,1.23,9.33,10.68,5,否
601360,三六零,上证,周线,启明星,Morning Star,看涨,2026-07-31,100,1.23,9.33,10.68,5,否
603589,口子窖,上证,周线,看涨吞没,Bullish Engulfing,看涨,2026-07-31,100,2.01,20.84,10.67,1,是
002866,传艺科技,深证,周线,看涨吞没,Bullish Engulfing,看涨,2026-07-31,87.1,0.77,14.95,10.66,4,否
601519,大智慧,上证,周线,看涨吞没,Bullish Engulfing,看涨,2026-07-31,100,0.88,8.41,10.66,4,否
002017,东信和平,深证,周线,启明星,Morning Star,看涨,2026-07-31,100,1.37,13.61,10.65,5,否
002044,美年健康,深证,周线,看涨吞没,Bullish Engulfing,看涨,2026-07-31,100,0.76,4.78,10.65,8,是
300278,华昌达,创业,周线,看涨吞没,Bullish Engulfing,看涨,2026-07-31,96,0.82,3.74,10.65,0,否
301216,万凯新材,创业,周线,启明星,Morning Star,看涨,2026-08-07,100,0.87,17.45,10.65,0,否
300725,药石科技,创业,日线,看涨吞没,Bullish Engulfing,看涨,2026-08-13,100,2.15,54.79,10.64,0,是
601077,渝农商行,上证,月线,看涨吞没,Bullish Engulfing,看涨,2026-07-31,91.3,1.11,6.76,10.64,0,否
603985,恒润股份,上证,周线,看涨吞没,Bullish Engulfing,看涨,2026-08-07,100,0.48,16.84,10.64,5,否
002028,思源电气,深证,周线,启明星,Morning Star,看涨,2026-07-24,98.9,1.18,162.68,10.63,3,否
002570,贝因美,深证,周线,看涨吞没,Bullish Engulfing,看涨,2026-07-31,100,1.09,4.37,10.63,1,是
301428,世纪恒通,创业,周线,看涨吞没,Bullish Engulfing,看涨,2026-07-31,87.4,0.58,28.09,10.63,2,否
301076,新瀚新材,创业,周线,启明星,Morning Star,看涨,2026-08-07,100,1.31,22.82,10.62,1,是
002540,亚太科技,深证,周线,看涨吞没,Bullish Engulfing,看涨,2026-07-31,95.7,1.19,5.01,10.6,1,否
600572,康恩贝,上证,周线,看涨吞没,Bullish Engulfing,看涨,2026-08-14,100,3.18,4.8,10.6,2,是
688357,建龙微纳,科创,周线,看涨吞没,Bullish Engulfing,看涨,2026-07-31,100,0.69,25.87,10.6,0,否
688357,建龙微纳,科创,周线,启明星,Morning Star,看涨,2026-07-31,100,0.69,25.87,10.6,0,否
600987,航民股份,上证,月线,看涨吞没,Bullish Engulfing,看涨,2026-07-31,100,0.68,6.69,10.58,2,是
688701,卓锦股份,科创,周线,看涨吞没,Bullish Engulfing,看涨,2026-07-31,100,0.96,6.9,10.58,0,是
600559,老白干酒,上证,周线,看涨吞没,Bullish Engulfing,看涨,2026-07-31,100,1.78,12.55,10.57,1,是
603208,江山欧派,上证,周线,看涨吞没,Bullish Engulfing,看涨,2026-07-31,99.1,0.89,10.46,10.57,0,是
600872,中炬高新,上证,周线,看涨吞没,Bullish Engulfing,看涨,2026-07-31,100,1.21,20.31,10.56,1,否
300896,爱美客,创业,周线,看涨吞没,Bullish Engulfing,看涨,2026-07-31,100,2.38,109,10.55,0,否
600250,南京商旅,上证,周线,看涨吞没,Bullish Engulfing,看涨,2026-07-31,94.6,0.61,8.38,10.55,7,否
688509,正元地信,科创,周线,看涨吞没,Bullish Engulfing,看涨,2026-07-31,100,0.48,4.09,10.54,1,是
688509,正元地信,科创,周线,启明星,Morning Star,看涨,2026-07-31,100,0.48,4.09,10.54,1,是
605099,共创草坪,上证,月线,看涨吞没,Bullish Engulfing,看涨,2026-04-30,100,1.58,48.42,10.52,7,否
300813,泰林生物,创业,周线,启明星,Morning Star,看涨,2026-08-07,100,0.68,19.98,10.51,0,否
301115,联检科技,创业,日线,看涨吞没,Bullish Engulfing,看涨,2026-08-14,91.3,1.48,33.32,10.51,1,是
300345,华民股份,创业,周线,启明星,Morning Star,看涨,2026-08-07,100,0.63,5.79,10.5,3,是
000403,派林生物,深证,周线,看涨吞没,Bullish Engulfing,看涨,2026-07-31,100,1.02,10.43,10.49,1,是
300598,诚迈科技,创业,周线,看涨吞没,Bullish Engulfing,看涨,2026-07-31,100,1.1,29.18,10.49,1,否
300598,诚迈科技,创业,周线,启明星,Morning Star,看涨,2026-07-31,100,1.1,29.18,10.49,1,否
300887,谱尼测试,创业,周线,看涨吞没,Bullish Engulfing,看涨,2026-07-31,100,1.15,7.06,10.49,4,否
300887,谱尼测试,创业,周线,启明星,Morning Star,看涨,2026-07-31,100,1.15,7.06,10.49,4,否
688393,安必平,科创,周线,看涨吞没,Bullish Engulfing,看涨,2026-07-31,89.9,1.21,17.91,10.49,0,否
003029,吉大正元,深证,周线,启明星,Morning Star,看涨,2026-07-31,100,1.07,16.55,10.48,4,否
601018,宁波港,上证,月线,看涨吞没,Bullish Engulfing,看涨,2026-07-31,100,1.16,3.48,10.48,0,是
001323,慕思股份,深证,周线,看涨吞没,Bullish Engulfing,看涨,2026-08-14,100,2.64,18.67,10.47,1,是
002690,美亚光电,深证,月线,看涨吞没,Bullish Engulfing,看涨,2026-07-31,93,1.15,15.83,10.47,1,否
300248,新开普,创业,周线,看涨吞没,Bullish Engulfing,看涨,2026-07-31,100,1.1,8.23,10.47,1,是
002410,广联达,深证,周线,看涨吞没,Bullish Engulfing,看涨,2026-07-31,100,1.07,9.4,10.46,1,否
600000,浦发银行,上证,月线,看涨吞没,Bullish Engulfing,看涨,2026-07-31,100,1.26,9.51,10.45,0,是
000415,渤海租赁,深证,周线,看涨吞没,Bullish Engulfing,看涨,2026-07-31,100,0.9,4.55,10.44,1,是
002238,天威视讯,深证,周线,看涨吞没,Bullish Engulfing,看涨,2026-07-31,100,0.87,6.03,10.44,1,是
300449,汉邦高科,创业,月线,看涨吞没,Bullish Engulfing,看涨,2026-08-14,100,0.46,7.3,10.44,3,是
000796,凯撒旅业,深证,周线,看涨吞没,Bullish Engulfing,看涨,2026-07-31,100,1.01,3.81,10.43,6,否
000796,凯撒旅业,深证,周线,启明星,Morning Star,看涨,2026-07-31,100,1.01,3.81,10.43,6,否
300098,高新兴,创业,周线,看涨吞没,Bullish Engulfing,看涨,2026-07-31,100,1.05,4.66,10.43,0,否
300098,高新兴,创业,周线,启明星,Morning Star,看涨,2026-07-31,100,1.05,4.66,10.43,0,否
002987,京北方,深证,周线,看涨吞没,Bullish Engulfing,看涨,2026-07-24,100,2.62,10.49,10.42,3,否
003040,楚天龙,深证,周线,启明星,Morning Star,看涨,2026-07-31,100,2.05,11.13,10.42,2,否
300169,天晟新材,创业,月线,看涨吞没,Bullish Engulfing,看涨,2026-07-31,100,0.74,5.51,10.42,1,是
600748,上实发展,上证,周线,看涨吞没,Bullish Engulfing,看涨,2026-07-31,100,1.01,3.71,10.42,9,是
600851,海欣股份,上证,月线,看涨吞没,Bullish Engulfing,看涨,2026-06-30,100,2.16,9.01,10.42,6,否
603369,今世缘,上证,月线,启明星,Morning Star,看涨,2026-05-29,100,1.66,30.3,10.42,2,是
300807,天迈科技,创业,周线,启明星,Morning Star,看涨,2026-07-31,100,0.73,37.53,10.41,1,否
603192,汇得科技,上证,周线,看涨吞没,Bullish Engulfing,看涨,2026-08-07,100,2.13,21.96,10.41,10,否
603505,金石资源,上证,月线,看涨吞没,Bullish Engulfing,看涨,2026-06-30,100,2.73,20.15,10.41,3,否
601665,齐鲁银行,上证,月线,看涨吞没,Bullish Engulfing,看涨,2026-07-31,100,1.12,6.37,10.4,0,是
603225,新凤鸣,上证,周线,看涨吞没,Bullish Engulfing,看涨,2026-07-31,100,0.59,19.54,10.4,2,是
603879,永悦科技,上证,月线,看涨吞没,Bullish Engulfing,看涨,2026-07-31,100,1.23,4.99,10.4,4,是
002414,高德红外,深证,月线,看涨吞没,Bullish Engulfing,看涨,2026-08-14,100,0.56,13.92,10.39,4,否
600356,恒丰纸业,上证,周线,看涨吞没,Bullish Engulfing,看涨,2026-07-31,100,1.05,8.18,10.39,2,是
002762,金发拉比,深证,周线,看涨吞没,Bullish Engulfing,看涨,2026-07-24,98.1,1.47,7.98,10.37,3,是
600171,上海贝岭,上证,月线,看涨吞没,Bullish Engulfing,看涨,2026-06-30,100,0.77,31.94,10.37,2,否
603577,汇金通,上证,周线,启明星,Morning Star,看涨,2026-08-07,100,1.35,9.9,10.37,3,否
688486,龙迅股份,科创,周线,看涨吞没,Bullish Engulfing,看涨,2026-08-07,100,1,46.5,10.37,1,否
002739,儒意电影,深证,月线,看涨吞没,Bullish Engulfing,看涨,2026-08-14,100,1.81,9.59,10.36,5,是
002766,索菱股份,深证,周线,看涨吞没,Bullish Engulfing,看涨,2026-07-17,100,0.88,3.94,10.36,11,是
605117,德业股份,上证,周线,看涨吞没,Bullish Engulfing,看涨,2026-07-24,91.2,1.08,88.45,10.36,5,否
688575,亚辉龙,科创,月线,启明星,Morning Star,看涨,2026-08-14,100,0.91,10.12,10.36,0,是
300240,飞力达,创业,周线,看涨吞没,Bullish Engulfing,看涨,2026-07-31,100,0.91,5.44,10.34,0,是
600715,文投控股,上证,周线,看涨吞没,Bullish Engulfing,看涨,2026-07-31,100,1.14,1.6,10.34,7,是
600715,文投控股,上证,周线,启明星,Morning Star,看涨,2026-07-31,100,1.14,1.6,10.34,7,是
002253,川大智胜,深证,周线,看涨吞没,Bullish Engulfing,看涨,2026-07-31,83.1,0.94,9.29,10.33,1,否
688528,秦川物联,科创,周线,看涨吞没,Bullish Engulfing,看涨,2026-07-31,85,0.96,8.44,10.33,0,否
002083,孚日股份,深证,周线,看涨吞没,Bullish Engulfing,看涨,2026-07-17,83.4,1.14,10.26,10.32,21,否
603010,万盛股份,上证,周线,看涨吞没,Bullish Engulfing,看涨,2026-08-07,100,0.6,10.9,10.32,4,否
000678,襄阳轴承,深证,周线,看涨吞没,Bullish Engulfing,看涨,2026-07-31,100,0.55,8.45,10.31,5,否
002628,成都路桥,深证,周线,启明星,Morning Star,看涨,2026-08-07,100,0.7,4.92,10.31,8,否
002324,普利特,深证,周线,看涨吞没,Bullish Engulfing,看涨,2026-07-31,88.4,1.3,9.1,10.3,6,否
300003,乐普医疗,创业,月线,看涨吞没,Bullish Engulfing,看涨,2026-07-31,100,1.21,13.07,10.3,1,是
600288,大恒科技,上证,周线,启明星,Morning Star,看涨,2026-08-07,100,1.79,11.03,10.3,4,否
600570,恒生电子,上证,周线,启明星,Morning Star,看涨,2026-07-31,100,1.58,22.92,10.3,0,否
605567,春雪食品,上证,周线,看涨吞没,Bullish Engulfing,看涨,2026-07-31,100,1.03,8.46,10.3,0,是
688210,统联精密,科创,周线,启明星,Morning Star,看涨,2026-08-07,100,0.84,28.27,10.3,0,否
600030,中信证券,上证,月线,看涨吞没,Bullish Engulfing,看涨,2026-06-30,100,1.63,28.73,10.29,0,否
002582,好想你,深证,周线,看涨吞没,Bullish Engulfing,看涨,2026-08-14,100,2.34,11.05,10.28,1,是
300291,百纳千成,创业,月线,看涨吞没,Bullish Engulfing,看涨,2026-05-29,100,0.74,6.98,10.27,4,是
000656,金科股份,深证,日线,看涨吞没,Bullish Engulfing,看涨,2026-08-10,100,2.26,1.29,10.26,4,是
300056,中创环保,创业,月线,启明星,Morning Star,看涨,2026-08-14,100,0.34,9.03,10.26,1,是
300510,金冠股份,创业,周线,看涨吞没,Bullish Engulfing,看涨,2026-07-24,100,2.02,3.44,10.26,1,是
002100,天康生物,深证,周线,看涨吞没,Bullish Engulfing,看涨,2026-07-17,100,1.25,7.11,10.23,1,是
603613,国联股份,上证,周线,启明星,Morning Star,看涨,2026-07-31,100,1.08,19.28,10.23,2,否
688230,芯导科技,科创,周线,看涨吞没,Bullish Engulfing,看涨,2026-08-07,100,0.93,55.36,10.23,0,是
688796,百奥赛图,科创,日线,看涨吞没,Bullish Engulfing,看涨,2026-08-13,100,1.58,148.2,10.22,1,否
000411,英特集团,深证,月线,看涨吞没,Bullish Engulfing,看涨,2026-05-29,100,1.82,11.68,10.19,4,否
002855,捷荣技术,深证,周线,看涨吞没,Bullish Engulfing,看涨,2026-07-31,100,0.9,9.52,10.19,1,是
300411,金盾股份,创业,周线,看涨吞没,Bullish Engulfing,看涨,2026-07-31,100,0.92,7.14,10.19,1,否
600643,爱建集团,上证,周线,看涨吞没,Bullish Engulfing,看涨,2026-07-31,89.5,0.55,4.11,10.19,2,否
002190,成飞集成,深证,月线,看涨吞没,Bullish Engulfing,看涨,2026-08-14,100,0.21,25.21,10.18,8,是
600315,上海家化,上证,周线,看涨吞没,Bullish Engulfing,看涨,2026-07-31,100,1.28,18.4,10.18,1,是
000902,新洋丰,深证,周线,看涨吞没,Bullish Engulfing,看涨,2026-07-17,100,1.17,13.22,10.17,0,是
000725,京东方Ａ,深证,周线,看涨吞没,Bullish Engulfing,看涨,2026-08-07,100,0.96,6.07,10.16,4,是
002329,皇氏集团,深证,日线,看涨吞没,Bullish Engulfing,看涨,2026-08-10,100,1.76,3.47,10.16,10,否
002573,清新环境,深证,日线,看涨吞没,Bullish Engulfing,看涨,2026-08-12,100,4.64,3.58,10.15,1,是
003000,劲仔食品,深证,月线,看涨吞没,Bullish Engulfing,看涨,2026-07-31,100,0.65,10.86,10.14,0,是
603766,隆鑫通用,上证,周线,看涨吞没,Bullish Engulfing,看涨,2026-07-17,100,0.95,13.05,10.13,0,是
600779,水井坊,上证,月线,看涨吞没,Bullish Engulfing,看涨,2026-05-29,100,0.96,35.8,10.12,3,否
600779,水井坊,上证,月线,启明星,Morning Star,看涨,2026-05-29,100,0.96,35.8,10.12,3,否
300132,诺斯贝尔,创业,周线,启明星,Morning Star,看涨,2026-07-24,100,1.9,6.1,10.11,0,是
603818,曲美家居,上证,月线,看涨吞没,Bullish Engulfing,看涨,2026-07-31,100,1.75,3.27,10.1,1,是
002251,步步高,深证,周线,看涨吞没,Bullish Engulfing,看涨,2026-07-31,100,1.09,3.71,10.09,8,是
600390,五矿资本,上证,月线,启明星,Morning Star,看涨,2026-07-31,100,0.68,5.02,10.09,0,是
601162,天风证券,上证,月线,启明星,Morning Star,看涨,2026-07-31,100,0.95,3.71,10.09,2,是
300236,上海新阳,创业,周线,看涨吞没,Bullish Engulfing,看涨,2026-08-07,100,0.84,92.91,10.08,0,是
000045,深纺织Ａ,深证,周线,看涨吞没,Bullish Engulfing,看涨,2026-07-31,100,1.17,9.62,10.07,6,是
000045,深纺织Ａ,深证,周线,启明星,Morning Star,看涨,2026-07-31,100,1.17,9.62,10.07,6,是
000571,新大洲A,深证,月线,看涨吞没,Bullish Engulfing,看涨,2026-08-14,100,0.92,6.45,10.07,12,是
688566,吉贝尔,科创,月线,看涨吞没,Bullish Engulfing,看涨,2026-08-14,95.9,0.49,26.8,10.06,0,否
000859,国风新材,深证,日线,看涨吞没,Bullish Engulfing,看涨,2026-08-10,100,1.75,9.53,10.05,21,是
001313,粤海饲料,深证,日线,看涨吞没,Bullish Engulfing,看涨,2026-08-12,100,1.69,8,10.04,6,是
002369,卓翼科技,深证,月线,启明星,Morning Star,看涨,2026-08-14,100,0.3,5.92,10.04,3,是
600143,金发科技,上证,周线,启明星,Morning Star,看涨,2026-07-31,100,0.74,15.46,10.04,5,否
600192,长城电工,上证,日线,看涨吞没,Bullish Engulfing,看涨,2026-08-10,100,2.08,7.89,10.04,12,是
600379,宝光股份,上证,日线,看涨吞没,Bullish Engulfing,看涨,2026-08-12,85.4,1.39,14.8,10.04,13,否
000607,华媒控股,深证,周线,看涨吞没,Bullish Engulfing,看涨,2026-07-31,100,0.95,3.51,10.03,2,否
002658,雪迪龙,深证,日线,看涨吞没,Bullish Engulfing,看涨,2026-08-14,100,3.73,8.23,10.03,4,否
002762,金发拉比,深证,日线,看涨吞没,Bullish Engulfing,看涨,2026-08-11,100,3.55,10.31,10.03,3,是
002774,快意电梯,深证,日线,看涨吞没,Bullish Engulfing,看涨,2026-08-14,100,0.78,17.55,10.03,11,是
002833,弘亚数控,深证,周线,看涨吞没,Bullish Engulfing,看涨,2026-07-31,100,1.16,17.77,10.03,3,否
003009,中天火箭,深证,周线,看涨吞没,Bullish Engulfing,看涨,2026-08-07,99.9,0.75,50.67,10.03,13,是
300074,华平股份,创业,周线,看涨吞没,Bullish Engulfing,看涨,2026-07-31,100,1.04,3.51,10.03,0,是
300702,天宇股份,创业,周线,启明星,Morning Star,看涨,2026-08-07,100,1.23,21.84,10.03,0,是
600835,上海机电,上证,周线,看涨吞没,Bullish Engulfing,看涨,2026-07-31,83.8,0.89,19.19,10.03,4,否
000799,酒鬼酒,深证,周线,看涨吞没,Bullish Engulfing,看涨,2026-07-31,100,1.25,41.85,10.02,5,是
002766,索菱股份,深证,日线,看涨吞没,Bullish Engulfing,看涨,2026-08-14,100,1.83,4.5,10.02,11,是
002963,豪尔赛,深证,日线,看涨吞没,Bullish Engulfing,看涨,2026-08-11,100,2.77,20.09,10.02,10,是
002963,豪尔赛,深证,日线,启明星,Morning Star,看涨,2026-08-11,100,2.77,20.09,10.02,10,是
600667,太极实业,上证,日线,看涨吞没,Bullish Engulfing,看涨,2026-08-11,100,0.98,21.2,10.02,18,否
603277,银都股份,上证,日线,看涨吞没,Bullish Engulfing,看涨,2026-08-12,100,2.52,11.64,10.02,1,是
603711,香飘飘,上证,日线,看涨吞没,Bullish Engulfing,看涨,2026-08-10,100,1.54,12.19,10.02,3,是
688228,开普云,科创,周线,看涨吞没,Bullish Engulfing,看涨,2026-07-31,100,0.96,66.01,10.02,4,是
002988,豪美新材,深证,日线,看涨吞没,Bullish Engulfing,看涨,2026-08-14,100,1.76,23.3,10.01,6,是
300946,恒而达,创业,周线,看涨吞没,Bullish Engulfing,看涨,2026-07-31,100,0.95,38.7,10.01,1,否
300946,恒而达,创业,周线,启明星,Morning Star,看涨,2026-07-31,100,0.95,38.7,10.01,1,否
603079,圣达生物,上证,日线,看涨吞没,Bullish Engulfing,看涨,2026-08-14,100,2.53,13.41,10.01,2,是
603095,越剑智能,上证,日线,看涨吞没,Bullish Engulfing,看涨,2026-08-14,81.1,1.89,14.94,10.01,12,否
603137,恒尚节能,上证,日线,看涨吞没,Bullish Engulfing,看涨,2026-08-11,100,1.12,30.34,10.01,14,是
002075,沙钢股份,深证,周线,看涨吞没,Bullish Engulfing,看涨,2026-07-31,100,1.1,3.74,10,1,否
002474,榕基软件,深证,日线,看涨吞没,Bullish Engulfing,看涨,2026-08-10,100,1.9,7.04,10,14,是
002644,佛慈制药,深证,日线,看涨吞没,Bullish Engulfing,看涨,2026-08-13,100,5.01,8.8,10,2,否
002670,国盛证券,深证,月线,看涨吞没,Bullish Engulfing,看涨,2026-07-31,100,0.7,12.1,10,5,否
002828,贝肯能源,深证,日线,看涨吞没,Bullish Engulfing,看涨,2026-08-10,96.7,0.82,12.87,10,10,否
300741,华宝股份,创业,周线,看涨吞没,Bullish Engulfing,看涨,2026-07-31,100,1.36,13.31,10,0,是
600326,西藏天路,上证,日线,看涨吞没,Bullish Engulfing,看涨,2026-08-10,100,2.68,8.36,10,3,是
600448,华纺股份,上证,周线,看涨吞没,Bullish Engulfing,看涨,2026-07-31,88.9,0.67,2.64,10,0,否
600721,百花医药,上证,周线,看涨吞没,Bullish Engulfing,看涨,2026-07-17,100,2.17,7.48,10,16,否
600881,亚泰集团,上证,日线,看涨吞没,Bullish Engulfing,看涨,2026-08-11,100,1.07,1.87,10,11,是
600936,北投科技,上证,日线,看涨吞没,Bullish Engulfing,看涨,2026-08-10,97.7,1.33,6.16,10,13,是
603009,北特科技,上证,日线,看涨吞没,Bullish Engulfing,看涨,2026-08-11,87.5,1.46,44,10,4,否
603121,华培动力,上证,周线,看涨吞没,Bullish Engulfing,看涨,2026-07-31,100,0.83,11.22,10,6,是
603137,恒尚节能,上证,周线,看涨吞没,Bullish Engulfing,看涨,2026-08-07,100,4.38,27.5,10,14,是
603228,景旺电子,上证,日线,看涨吞没,Bullish Engulfing,看涨,2026-08-12,100,1.17,98.21,10,13,是
603284,林平发展,上证,日线,看涨吞没,Bullish Engulfing,看涨,2026-08-11,100,2.79,44.44,10,1,是
603823,百合花,上证,日线,启明星,Morning Star,看涨,2026-08-11,100,1.21,75.22,10,20,是
603881,数据港,上证,日线,看涨吞没,Bullish Engulfing,看涨,2026-08-14,91.2,2.06,29.04,10,9,否
603897,长城科技,上证,日线,看涨吞没,Bullish Engulfing,看涨,2026-08-11,100,1.52,29.14,10,11,是
001222,源飞宠物,深证,日线,看涨吞没,Bullish Engulfing,看涨,2026-08-10,100,1.47,15.41,9.99,2,是
001696,宗申动力,深证,日线,看涨吞没,Bullish Engulfing,看涨,2026-08-12,100,1.6,17.29,9.99,5,是
002286,保龄宝,深证,周线,看涨吞没,Bullish Engulfing,看涨,2026-07-31,100,1.5,7.93,9.99,5,是
002748,世龙实业,深证,日线,看涨吞没,Bullish Engulfing,看涨,2026-08-10,100,1.21,12,9.99,9,否
300556,丝路视觉,创业,周线,看涨吞没,Bullish Engulfing,看涨,2026-07-31,100,0.82,15.42,9.99,0,是
300608,思特奇,创业,周线,看涨吞没,Bullish Engulfing,看涨,2026-07-31,100,0.76,9.91,9.99,2,是
300608,思特奇,创业,周线,启明星,Morning Star,看涨,2026-07-31,100,0.76,9.91,9.99,2,是
301330,熵基科技,创业,周线,看涨吞没,Bullish Engulfing,看涨,2026-07-31,97.3,1.29,23.56,9.99,2,否
600055,万东医疗,上证,周线,看涨吞没,Bullish Engulfing,看涨,2026-07-31,100,1.13,11.34,9.99,0,是
603290,斯达半导,上证,周线,看涨吞没,Bullish Engulfing,看涨,2026-08-07,98.4,0.78,88.53,9.99,3,否
603369,今世缘,上证,日线,看涨吞没,Bullish Engulfing,看涨,2026-08-12,100,2.64,30.72,9.99,2,是
603580,XD艾艾精,上证,日线,看涨吞没,Bullish Engulfing,看涨,2026-08-10,100,1.32,59.21,9.99,12,是
603615,茶花股份,上证,日线,看涨吞没,Bullish Engulfing,看涨,2026-08-12,100,2.05,17.94,9.99,5,是
603655,朗博科技,上证,日线,看涨吞没,Bullish Engulfing,看涨,2026-08-11,100,3.45,33.79,9.99,8,是
605033,美邦股份,上证,日线,看涨吞没,Bullish Engulfing,看涨,2026-08-10,100,1.78,19.6,9.99,7,是
605288,凯迪股份,上证,日线,看涨吞没,Bullish Engulfing,看涨,2026-08-11,100,2.02,63.39,9.99,19,否
688449,联芸科技,科创,日线,看涨吞没,Bullish Engulfing,看涨,2026-08-11,100,1.51,63.63,9.99,1,是
002347,泰尔股份,深证,周线,看涨吞没,Bullish Engulfing,看涨,2026-07-31,100,0.76,5.62,9.98,8,是
002820,桂发祥,深证,日线,看涨吞没,Bullish Engulfing,看涨,2026-08-14,100,1.9,10.14,9.98,4,是
300957,贝泰妮,创业,周线,看涨吞没,Bullish Engulfing,看涨,2026-07-31,100,1.51,34.6,9.98,0,是
600397,江钨装备,上证,日线,看涨吞没,Bullish Engulfing,看涨,2026-08-12,100,1.14,18.74,9.98,20,是
600863,华能蒙电,上证,日线,看涨吞没,Bullish Engulfing,看涨,2026-08-11,100,1.17,5.18,9.98,6,是
601199,江南水务,上证,日线,启明星,Morning Star,看涨,2026-08-10,100,2.12,6.06,9.98,1,否
603382,海阳科技,上证,日线,看涨吞没,Bullish Engulfing,看涨,2026-08-14,100,2.25,20.94,9.98,6,是
001376,百通能源,深证,日线,看涨吞没,Bullish Engulfing,看涨,2026-08-10,100,1.7,12.13,9.97,12,否
002739,儒意电影,深证,日线,启明星,Morning Star,看涨,2026-08-10,100,1.67,9.93,9.97,5,是
300249,依米康,创业,周线,看涨吞没,Bullish Engulfing,看涨,2026-08-07,100,0.51,12.9,9.97,0,否
300249,依米康,创业,周线,启明星,Morning Star,看涨,2026-08-07,96.4,0.51,12.9,9.97,0,否
300769,德方纳米,创业,周线,看涨吞没,Bullish Engulfing,看涨,2026-08-07,100,0.6,47,9.97,1,是
301010,晶雪节能,创业,周线,看涨吞没,Bullish Engulfing,看涨,2026-07-31,84.3,0.79,15.77,9.97,1,否
600186,莲花控股,上证,日线,看涨吞没,Bullish Engulfing,看涨,2026-08-14,92,1.41,12.02,9.97,17,是
600793,宜宾纸业,上证,日线,看涨吞没,Bullish Engulfing,看涨,2026-08-10,100,1.21,15.66,9.97,9,否
688116,天奈科技,科创,周线,启明星,Morning Star,看涨,2026-07-31,97.1,0.71,34.2,9.97,0,否
002582,好想你,深证,日线,看涨吞没,Bullish Engulfing,看涨,2026-08-12,100,1.43,11.15,9.96,1,是
002651,利君股份,深证,日线,看涨吞没,Bullish Engulfing,看涨,2026-08-14,100,2.21,8.39,9.96,3,是
600711,盛屯矿业,上证,月线,看涨吞没,Bullish Engulfing,看涨,2026-08-14,100,0.63,11.7,9.96,4,是
688639,华恒生物,科创,周线,看涨吞没,Bullish Engulfing,看涨,2026-07-31,97.9,0.92,17,9.96,0,否
002860,星帅尔,深证,周线,看涨吞没,Bullish Engulfing,看涨,2026-07-24,100,2.1,17.79,9.95,1,是
300899,上海凯鑫,创业,月线,看涨吞没,Bullish Engulfing,看涨,2026-08-14,100,0.27,28.63,9.95,0,是
301335,天元宠物,创业,周线,看涨吞没,Bullish Engulfing,看涨,2026-07-31,100,1.34,21.33,9.95,0,是
600356,恒丰纸业,上证,日线,看涨吞没,Bullish Engulfing,看涨,2026-08-10,100,2.6,9.06,9.95,2,是
600603,广汇物流,上证,周线,看涨吞没,Bullish Engulfing,看涨,2026-07-31,89.6,0.82,4.42,9.95,1,否
000715,中兴商业,深证,日线,看涨吞没,Bullish Engulfing,看涨,2026-08-12,100,3.68,5.42,9.94,3,是
300528,幸福蓝海,创业,月线,看涨吞没,Bullish Engulfing,看涨,2026-05-29,100,0.75,17.26,9.94,4,否
601700,风范股份,上证,日线,看涨吞没,Bullish Engulfing,看涨,2026-08-10,86.5,5.52,7.08,9.94,12,否
300409,道氏技术,创业,周线,看涨吞没,Bullish Engulfing,看涨,2026-07-31,100,0.99,18.16,9.93,2,否
300409,道氏技术,创业,周线,启明星,Morning Star,看涨,2026-07-31,100,0.99,18.16,9.93,2,否
300913,兆龙互连,创业,周线,看涨吞没,Bullish Engulfing,看涨,2026-08-07,100,0.86,35.97,9.93,0,是
301072,中捷精工,创业,日线,看涨吞没,Bullish Engulfing,看涨,2026-08-14,100,1.11,39.18,9.93,0,是
605033,美邦股份,上证,周线,看涨吞没,Bullish Engulfing,看涨,2026-08-14,100,3.17,19.59,9.93,7,是
000428,华天酒店,深证,日线,看涨吞没,Bullish Engulfing,看涨,2026-08-10,100,1.17,4.32,9.92,5,是
002513,蓝丰生化,深证,月线,看涨吞没,Bullish Engulfing,看涨,2026-08-14,100,0.18,5.21,9.92,12,是
601860,紫金银行,上证,月线,看涨吞没,Bullish Engulfing,看涨,2026-07-31,100,1.03,2.66,9.92,0,是
603037,凯众股份,上证,周线,看涨吞没,Bullish Engulfing,看涨,2026-07-31,100,0.74,9.86,9.92,2,否
603037,凯众股份,上证,周线,启明星,Morning Star,看涨,2026-07-31,100,0.74,9.86,9.92,2,否
603099,长白山,上证,月线,看涨吞没,Bullish Engulfing,看涨,2026-07-31,100,0.63,39.21,9.92,0,是
600900,长江电力,上证,月线,看涨吞没,Bullish Engulfing,看涨,2026-07-31,100,1.83,29.09,9.9,0,是
603188,亚邦股份,上证,日线,看涨吞没,Bullish Engulfing,看涨,2026-08-10,100,2.48,4.44,9.9,7,是
688428,诺诚健华,科创,周线,看涨吞没,Bullish Engulfing,看涨,2026-08-07,100,0.87,29.08,9.9,0,是
300730,科创信息,创业,月线,看涨吞没,Bullish Engulfing,看涨,2026-05-29,96.7,1.19,14.78,9.89,2,否
001308,康冠科技,深证,月线,启明星,Morning Star,看涨,2026-05-29,100,0.99,22.35,9.88,0,否
002135,东南网架,深证,周线,看涨吞没,Bullish Engulfing,看涨,2026-07-31,87.4,0.42,6.23,9.88,2,否
300573,兴齐眼药,创业,周线,看涨吞没,Bullish Engulfing,看涨,2026-07-31,100,1.3,42.48,9.88,0,否
600230,沧州大化,上证,周线,启明星,Morning Star,看涨,2026-07-31,100,1.19,13.79,9.88,8,否
002678,珠江钢琴,深证,周线,启明星,Morning Star,看涨,2026-07-31,100,0.51,4.34,9.87,10,否
300904,威力传动,创业,周线,看涨吞没,Bullish Engulfing,看涨,2026-07-31,100,1.13,39,9.86,1,否
300904,威力传动,创业,周线,启明星,Morning Star,看涨,2026-07-31,100,1.13,39,9.86,1,否
002362,汉王科技,深证,周线,看涨吞没,Bullish Engulfing,看涨,2026-07-31,100,0.8,15.39,9.85,2,是
002362,汉王科技,深证,周线,启明星,Morning Star,看涨,2026-07-31,100,0.8,15.39,9.85,2,是
600561,江西长运,上证,周线,看涨吞没,Bullish Engulfing,看涨,2026-07-31,100,0.79,5.24,9.85,0,是
601020,华钰矿业,上证,周线,启明星,Morning Star,看涨,2026-07-31,98.2,0.63,19.52,9.85,5,否
000410,沈阳机床,深证,周线,看涨吞没,Bullish Engulfing,看涨,2026-08-14,100,2.47,5.36,9.84,2,是
300858,科拓生物,创业,月线,看涨吞没,Bullish Engulfing,看涨,2026-08-14,91.1,0.31,15.29,9.84,1,否
300383,光环新网,创业,周线,看涨吞没,Bullish Engulfing,看涨,2026-07-31,93.4,0.66,13.52,9.83,0,否
600578,京能电力,上证,日线,看涨吞没,Bullish Engulfing,看涨,2026-08-13,100,2.09,6.59,9.83,10,是
002527,新时达,深证,周线,启明星,Morning Star,看涨,2026-07-31,100,0.55,10.96,9.82,3,否
603367,辰欣药业,上证,月线,看涨吞没,Bullish Engulfing,看涨,2026-07-31,100,1.64,14.09,9.82,4,是
002800,天顺股份,深证,周线,看涨吞没,Bullish Engulfing,看涨,2026-07-31,84.6,0.62,12.54,9.81,6,否
600998,九州通,上证,月线,看涨吞没,Bullish Engulfing,看涨,2026-07-31,100,1.35,5.15,9.81,0,是
600998,九州通,上证,月线,启明星,Morning Star,看涨,2026-07-31,100,1.35,5.15,9.81,0,是
000920,沃顿科技,深证,周线,看涨吞没,Bullish Engulfing,看涨,2026-07-17,100,2.92,14,9.8,8,否
002530,金财互联,深证,周线,看涨吞没,Bullish Engulfing,看涨,2026-07-31,100,1.04,7.18,9.79,3,是
301036,双乐股份,创业,周线,看涨吞没,Bullish Engulfing,看涨,2026-07-31,83.3,1.06,20.09,9.78,0,否
300484,蓝海华腾,创业,月线,看涨吞没,Bullish Engulfing,看涨,2026-08-14,100,0.31,13.59,9.77,0,否
605166,聚合顺,上证,周线,看涨吞没,Bullish Engulfing,看涨,2026-07-31,87.2,0.54,8.43,9.77,2,否
688390,固德威,科创,周线,看涨吞没,Bullish Engulfing,看涨,2026-08-07,100,0.8,68.3,9.77,0,否
600626,申达股份,上证,周线,看涨吞没,Bullish Engulfing,看涨,2026-07-31,95.3,0.69,3.49,9.75,5,否
301373,凌玮科技,创业,日线,看涨吞没,Bullish Engulfing,看涨,2026-08-12,100,1.5,97.8,9.74,4,是
301373,凌玮科技,创业,日线,启明星,Morning Star,看涨,2026-08-12,100,1.5,97.8,9.74,4,是
600919,江苏银行,上证,月线,看涨吞没,Bullish Engulfing,看涨,2026-07-31,100,1.01,11.83,9.74,0,是
002139,拓邦股份,深证,周线,看涨吞没,Bullish Engulfing,看涨,2026-07-31,95.6,1,10.27,9.72,0,否
002243,力合科创,深证,周线,看涨吞没,Bullish Engulfing,看涨,2026-07-31,100,0.9,7.11,9.72,2,是
600651,飞乐音响,上证,周线,看涨吞没,Bullish Engulfing,看涨,2026-07-31,100,1,5.53,9.72,7,否
600651,飞乐音响,上证,周线,启明星,Morning Star,看涨,2026-07-31,100,1,5.53,9.72,7,否
000757,浩物股份,深证,周线,看涨吞没,Bullish Engulfing,看涨,2026-07-31,88.8,0.96,3.73,9.71,3,否
000959,首钢股份,深证,周线,看涨吞没,Bullish Engulfing,看涨,2026-07-17,97.2,1.41,3.73,9.71,2,否
300126,锐奇股份,创业,周线,看涨吞没,Bullish Engulfing,看涨,2026-07-31,100,0.89,5.76,9.71,1,是
301118,恒光股份,创业,周线,看涨吞没,Bullish Engulfing,看涨,2026-07-31,98.1,0.84,20.22,9.71,1,是
601933,永辉超市,上证,周线,看涨吞没,Bullish Engulfing,看涨,2026-07-31,100,1.73,3.28,9.7,5,否
603168,莎普爱思,上证,周线,看涨吞没,Bullish Engulfing,看涨,2026-07-31,100,0.93,5.2,9.7,2,是
688693,锴威特,科创,日线,启明星,Morning Star,看涨,2026-08-12,100,2.78,94.3,9.7,4,是
002405,四维图新,深证,周线,启明星,Morning Star,看涨,2026-07-31,100,0.72,6.68,9.69,1,否
002429,兆驰股份,深证,周线,看涨吞没,Bullish Engulfing,看涨,2026-08-07,100,0.61,8.15,9.69,9,是
300723,一品红,创业,月线,看涨吞没,Bullish Engulfing,看涨,2026-08-14,95,0.5,38.72,9.69,0,否
301116,益客食品,创业,周线,看涨吞没,Bullish Engulfing,看涨,2026-08-14,100,1.79,9.51,9.69,1,是
601818,光大银行,上证,月线,看涨吞没,Bullish Engulfing,看涨,2026-07-31,100,1.21,3.17,9.69,0,否
601968,宝钢包装,上证,周线,看涨吞没,Bullish Engulfing,看涨,2026-07-31,98.8,0.95,4.53,9.69,1,否
300967,晓鸣股份,创业,月线,看涨吞没,Bullish Engulfing,看涨,2026-08-14,100,0.26,16.09,9.68,0,是
603088,宁波精达,上证,周线,看涨吞没,Bullish Engulfing,看涨,2026-07-31,92.2,0.45,9.18,9.68,5,否
688556,高测股份,科创,周线,启明星,Morning Star,看涨,2026-08-07,100,0.5,8.84,9.68,1,是
600697,欧亚集团,上证,周线,看涨吞没,Bullish Engulfing,看涨,2026-07-31,100,0.99,10.22,9.66,3,是
603048,浙江黎明,上证,周线,看涨吞没,Bullish Engulfing,看涨,2026-07-31,100,1.18,17.83,9.66,1,是
603048,浙江黎明,上证,周线,启明星,Morning Star,看涨,2026-07-31,100,1.18,17.83,9.66,1,是
301103,何氏眼科,创业,月线,启明星,Morning Star,看涨,2026-08-14,100,0.78,17.27,9.65,0,否
002163,海南发展,深证,周线,看涨吞没,Bullish Engulfing,看涨,2026-07-31,100,1.07,7.96,9.64,11,是
002163,海南发展,深证,周线,启明星,Morning Star,看涨,2026-07-31,100,1.07,7.96,9.64,11,是
000898,鞍钢股份,深证,月线,看涨吞没,Bullish Engulfing,看涨,2026-07-31,90.4,0.96,2.05,9.63,0,否
300467,迅游科技,创业,周线,看涨吞没,Bullish Engulfing,看涨,2026-08-07,100,0.58,34.04,9.63,0,是
603690,至纯科技,上证,周线,看涨吞没,Bullish Engulfing,看涨,2026-08-07,100,1.81,23.79,9.63,6,是
000659,珠海中富,深证,周线,看涨吞没,Bullish Engulfing,看涨,2026-07-31,100,1.23,2.62,9.62,9,否
000659,珠海中富,深证,周线,启明星,Morning Star,看涨,2026-07-31,100,1.23,2.62,9.62,9,否
300674,宇信科技,创业,周线,看涨吞没,Bullish Engulfing,看涨,2026-07-31,100,1.69,16.63,9.62,0,否
603927,中科软,上证,周线,看涨吞没,Bullish Engulfing,看涨,2026-07-31,100,1.48,14.03,9.61,0,否
300415,伊之密,创业,周线,看涨吞没,Bullish Engulfing,看涨,2026-07-31,100,0.82,21.34,9.6,0,是
002446,盛路通信,深证,月线,看涨吞没,Bullish Engulfing,看涨,2026-06-30,100,1.44,10.74,9.59,7,否
300119,瑞普生物,创业,周线,看涨吞没,Bullish Engulfing,看涨,2026-07-31,100,1.22,17.02,9.59,0,是
301113,雅艺科技,创业,周线,看涨吞没,Bullish Engulfing,看涨,2026-07-31,99.1,0.79,14.51,9.59,0,是
600282,南钢股份,上证,月线,看涨吞没,Bullish Engulfing,看涨,2026-07-31,100,1.05,5.03,9.59,0,是
000936,华西股份,深证,周线,看涨吞没,Bullish Engulfing,看涨,2026-07-31,100,0.53,5.15,9.57,7,是
002215,诺 普 信,深证,周线,看涨吞没,Bullish Engulfing,看涨,2026-07-31,100,1.14,9.27,9.57,1,是
002420,毅昌科技,深证,周线,看涨吞没,Bullish Engulfing,看涨,2026-07-31,100,0.81,5.38,9.57,2,是
300888,稳健医疗,创业,月线,看涨吞没,Bullish Engulfing,看涨,2026-07-31,100,0.93,30.67,9.57,0,是
300968,格林精密,创业,月线,启明星,Morning Star,看涨,2026-08-14,100,0.67,10.76,9.57,1,是
603868,飞科电器,上证,周线,看涨吞没,Bullish Engulfing,看涨,2026-07-31,100,0.62,31.83,9.57,1,是
000158,常山北明,深证,周线,看涨吞没,Bullish Engulfing,看涨,2026-07-31,100,1.05,13.3,9.56,1,否
000158,常山北明,深证,周线,启明星,Morning Star,看涨,2026-07-31,100,1.05,13.3,9.56,1,否
688678,福立旺,科创,月线,看涨吞没,Bullish Engulfing,看涨,2026-06-30,100,1.49,24.17,9.56,0,是
301017,漱玉平民,创业,周线,启明星,Morning Star,看涨,2026-07-31,100,0.77,13.19,9.55,2,是
301136,招标股份,创业,周线,看涨吞没,Bullish Engulfing,看涨,2026-07-31,100,1.04,11.01,9.55,3,是
301207,华兰疫苗,创业,周线,看涨吞没,Bullish Engulfing,看涨,2026-07-31,100,0.79,17.67,9.55,1,是
300287,飞利信,创业,周线,看涨吞没,Bullish Engulfing,看涨,2026-07-31,84.4,1.14,3.79,9.54,1,否
600160,巨化股份,上证,周线,看涨吞没,Bullish Engulfing,看涨,2026-08-07,100,0.64,43.29,9.54,3,是
301469,恒达新材,创业,周线,看涨吞没,Bullish Engulfing,看涨,2026-07-31,100,0.99,25.98,9.53,1,是
301498,乖宝宠物,创业,月线,看涨吞没,Bullish Engulfing,看涨,2026-07-31,100,2.22,44.46,9.53,0,是
000037,深南电A,深证,周线,看涨吞没,Bullish Engulfing,看涨,2026-07-17,97.7,0.47,9.2,9.52,11,是
000701,厦门信达,深证,周线,看涨吞没,Bullish Engulfing,看涨,2026-07-31,100,0.84,4.83,9.52,2,是
002535,林州重机,深证,周线,看涨吞没,Bullish Engulfing,看涨,2026-07-31,100,0.75,2.3,9.52,1,是
300735,光弘科技,创业,周线,看涨吞没,Bullish Engulfing,看涨,2026-08-07,100,0.98,20.48,9.52,1,否
000516,国际医学,深证,月线,看涨吞没,Bullish Engulfing,看涨,2026-07-31,100,0.95,4.26,9.51,5,是
000668,荣丰控股,深证,周线,看涨吞没,Bullish Engulfing,看涨,2026-07-31,100,2.21,19.35,9.51,4,是
002406,远东传动,深证,周线,看涨吞没,Bullish Engulfing,看涨,2026-07-31,100,0.43,6.68,9.51,1,是
301236,软通动力,创业,周线,看涨吞没,Bullish Engulfing,看涨,2026-07-31,85.1,0.76,38.33,9.51,1,否
605318,法狮龙,上证,周线,看涨吞没,Bullish Engulfing,看涨,2026-08-07,99.4,0.78,80.3,9.5,17,是
300119,瑞普生物,创业,日线,看涨吞没,Bullish Engulfing,看涨,2026-08-12,100,5.06,19.84,9.49,0,是
003000,劲仔食品,深证,周线,看涨吞没,Bullish Engulfing,看涨,2026-07-31,100,1.62,10.86,9.48,0,是
300030,阳普医疗,创业,周线,看涨吞没,Bullish Engulfing,看涨,2026-07-31,100,0.86,6.35,9.48,0,是
601607,上海医药,上证,月线,看涨吞没,Bullish Engulfing,看涨,2026-07-31,100,1.28,16.86,9.48,0,是
603300,海南华铁,上证,周线,看涨吞没,Bullish Engulfing,看涨,2026-07-31,95.7,0.99,5.08,9.48,1,否
002371,北方华创,深证,周线,看涨吞没,Bullish Engulfing,看涨,2026-08-07,80.6,1.02,751.99,9.46,2,否
300033,同花顺,创业,周线,看涨吞没,Bullish Engulfing,看涨,2026-07-31,100,0.95,234.96,9.46,0,是
300033,同花顺,创业,周线,启明星,Morning Star,看涨,2026-07-31,100,0.95,234.96,9.46,0,是
603239,浙江仙通,上证,周线,看涨吞没,Bullish Engulfing,看涨,2026-07-31,100,0.72,14,9.46,7,否
000860,顺鑫农业,深证,周线,看涨吞没,Bullish Engulfing,看涨,2026-07-17,100,2.26,11,9.45,0,是
603909,建发合诚,上证,周线,看涨吞没,Bullish Engulfing,看涨,2026-07-31,89.9,0.55,8.8,9.45,4,否
300695,兆丰股份,创业,周线,启明星,Morning Star,看涨,2026-08-07,100,0.9,49.4,9.44,1,否
600325,华发股份,上证,周线,看涨吞没,Bullish Engulfing,看涨,2026-07-31,100,1.39,2.55,9.44,1,否
688651,盛邦安全,科创,周线,看涨吞没,Bullish Engulfing,看涨,2026-07-31,88.2,1.04,21.34,9.44,1,否
002223,鱼跃医疗,深证,月线,看涨吞没,Bullish Engulfing,看涨,2026-07-31,100,1.58,28.08,9.43,0,是
300417,南华仪器,创业,周线,看涨吞没,Bullish Engulfing,看涨,2026-07-31,100,0.95,9.86,9.43,0,是
300485,赛升药业,创业,周线,启明星,Morning Star,看涨,2026-08-07,100,0.65,9.63,9.43,0,是
688631,莱斯信息,科创,周线,看涨吞没,Bullish Engulfing,看涨,2026-07-31,100,0.7,41.56,9.43,0,是
600738,丽尚国潮,上证,周线,看涨吞没,Bullish Engulfing,看涨,2026-07-31,88.2,1.08,3.95,9.42,0,否
000856,冀东装备,深证,周线,看涨吞没,Bullish Engulfing,看涨,2026-07-31,95.1,0.42,7.56,9.41,1,否
301049,超越科技,创业,周线,看涨吞没,Bullish Engulfing,看涨,2026-07-31,100,0.78,18.49,9.41,0,是
301100,风光股份,创业,周线,启明星,Morning Star,看涨,2026-08-07,100,1.33,16.16,9.41,2,否
301359,东南电子,创业,月线,看涨吞没,Bullish Engulfing,看涨,2026-08-14,100,0.47,16.63,9.41,0,否
600654,中安科,上证,周线,看涨吞没,Bullish Engulfing,看涨,2026-07-24,93.7,0.83,2.79,9.41,9,否
601577,长沙银行,上证,月线,看涨吞没,Bullish Engulfing,看涨,2026-07-31,89.3,1.1,9.53,9.41,0,否
002110,三钢闽光,深证,周线,看涨吞没,Bullish Engulfing,看涨,2026-07-31,100,1.19,3.26,9.4,0,否
002908,德生科技,深证,周线,看涨吞没,Bullish Engulfing,看涨,2026-07-31,92,1.02,6.75,9.4,2,否
002061,浙江交科,深证,月线,看涨吞没,Bullish Engulfing,看涨,2026-07-31,100,0.67,3.61,9.39,0,是
600315,上海家化,上证,月线,看涨吞没,Bullish Engulfing,看涨,2026-07-31,100,0.84,18.4,9.39,1,是
000090,天健集团,深证,月线,看涨吞没,Bullish Engulfing,看涨,2026-05-29,100,0.69,3.85,9.38,4,是
002401,中远海科,深证,周线,看涨吞没,Bullish Engulfing,看涨,2026-07-31,99.6,1.15,12.24,9.38,0,否
002725,跃岭股份,深证,周线,看涨吞没,Bullish Engulfing,看涨,2026-08-07,100,0.58,11.66,9.38,8,否
301599,理奇智能,创业,日线,看涨吞没,Bullish Engulfing,看涨,2026-08-14,100,3.51,38,9.38,1,是
603217,元利科技,上证,周线,看涨吞没,Bullish Engulfing,看涨,2026-07-31,95.7,0.68,19.35,9.38,3,否
688345,博力威,科创,日线,看涨吞没,Bullish Engulfing,看涨,2026-08-14,100,1.81,58.06,9.38,2,是
002602,世纪华通,深证,周线,看涨吞没,Bullish Engulfing,看涨,2026-07-31,100,1.2,13.54,9.37,0,是
300421,力星股份,创业,周线,看涨吞没,Bullish Engulfing,看涨,2026-07-31,100,0.75,16.58,9.37,1,是
605378,野马电池,上证,周线,看涨吞没,Bullish Engulfing,看涨,2026-07-31,100,1.24,13.65,9.37,2,否
603993,洛阳钼业,上证,周线,启明星,Morning Star,看涨,2026-07-24,100,1.22,19.04,9.36,2,是
001979,招商蛇口,深证,月线,启明星,Morning Star,看涨,2026-08-14,100,0.73,7.6,9.35,0,是
300307,慈星股份,创业,月线,看涨吞没,Bullish Engulfing,看涨,2026-06-30,100,1.64,7.37,9.35,0,否
002550,千红制药,深证,月线,看涨吞没,Bullish Engulfing,看涨,2026-07-31,100,1.01,6.79,9.34,1,是
603866,桃李面包,上证,周线,看涨吞没,Bullish Engulfing,看涨,2026-07-31,100,1.25,4.33,9.34,0,是
600657,信达地产,上证,周线,看涨吞没,Bullish Engulfing,看涨,2026-07-31,100,0.86,2.58,9.32,2,是
688017,绿的谐波,科创,日线,看涨吞没,Bullish Engulfing,看涨,2026-08-11,83.4,1.35,365,9.32,1,否
000670,盈方微,深证,周线,启明星,Morning Star,看涨,2026-07-31,100,1.2,6.93,9.31,10,是
001313,粤海饲料,深证,月线,启明星,Morning Star,看涨,2026-08-14,100,0.66,7.87,9.31,6,是
002557,洽洽食品,深证,周线,看涨吞没,Bullish Engulfing,看涨,2026-07-31,100,1.39,20.43,9.31,0,是
603025,大豪科技,上证,周线,启明星,Morning Star,看涨,2026-07-31,100,0.83,13.5,9.31,5,是
600192,长城电工,上证,月线,看涨吞没,Bullish Engulfing,看涨,2026-08-14,100,0.65,7.17,9.3,12,是
300150,世纪瑞尔,创业,周线,看涨吞没,Bullish Engulfing,看涨,2026-07-31,100,0.69,4,9.29,0,是
603305,旭升集团,上证,周线,启明星,Morning Star,看涨,2026-07-31,95.7,0.7,11.41,9.29,4,否
605177,东亚药业,上证,周线,看涨吞没,Bullish Engulfing,看涨,2026-07-31,100,0.65,15.65,9.29,2,是
688289,圣湘生物,科创,日线,看涨吞没,Bullish Engulfing,看涨,2026-08-13,100,4.11,16.82,9.29,0,否
002150,正泰电源,深证,周线,看涨吞没,Bullish Engulfing,看涨,2026-08-07,84.2,0.32,22.14,9.28,21,否
300222,科大智能,创业,周线,看涨吞没,Bullish Engulfing,看涨,2026-07-31,84.5,0.7,9.89,9.28,0,否
603022,新通联,上证,周线,看涨吞没,Bullish Engulfing,看涨,2026-07-31,85.3,0.82,8.01,9.28,1,否
603059,倍加洁,上证,周线,看涨吞没,Bullish Engulfing,看涨,2026-07-31,100,1.06,24.03,9.28,2,是
603076,乐惠国际,上证,周线,看涨吞没,Bullish Engulfing,看涨,2026-07-31,100,0.6,19.78,9.28,2,是
603236,移远通信,上证,周线,看涨吞没,Bullish Engulfing,看涨,2026-08-07,100,1.22,49.48,9.28,4,是
600089,特变电工,上证,周线,看涨吞没,Bullish Engulfing,看涨,2026-07-24,84.9,1.06,20.39,9.27,6,否
603055,台华新材,上证,周线,看涨吞没,Bullish Engulfing,看涨,2026-08-14,100,1.2,8.96,9.27,0,是
000599,青岛双星,深证,周线,看涨吞没,Bullish Engulfing,看涨,2026-07-31,100,0.79,4.72,9.26,5,是
603983,丸美生物,上证,周线,看涨吞没,Bullish Engulfing,看涨,2026-07-24,100,2.92,31.78,9.25,2,是
688279,峰岹科技,科创,周线,看涨吞没,Bullish Engulfing,看涨,2026-08-07,84.6,1.1,170,9.25,1,否
000800,一汽解放,深证,月线,看涨吞没,Bullish Engulfing,看涨,2026-07-31,100,1.15,6.5,9.24,0,是
000800,一汽解放,深证,月线,启明星,Morning Star,看涨,2026-07-31,100,1.15,6.5,9.24,0,是
002724,海洋王,深证,周线,看涨吞没,Bullish Engulfing,看涨,2026-07-31,100,0.87,5.32,9.24,4,是
300095,华伍股份,创业,周线,看涨吞没,Bullish Engulfing,看涨,2026-07-31,84.4,0.63,8.16,9.24,1,否
301155,海力风电,创业,周线,启明星,Morning Star,看涨,2026-07-31,100,1,42.45,9.24,0,是
600819,耀皮玻璃,上证,周线,看涨吞没,Bullish Engulfing,看涨,2026-07-31,100,0.98,5.32,9.24,7,是
600819,耀皮玻璃,上证,周线,启明星,Morning Star,看涨,2026-07-31,100,0.98,5.32,9.24,7,是
300902,国安达,创业,周线,启明星,Morning Star,看涨,2026-07-31,100,1.23,14.67,9.23,0,是
601566,九牧王,上证,周线,看涨吞没,Bullish Engulfing,看涨,2026-07-31,100,0.71,8.4,9.23,12,否
688309,恒誉科技,科创,周线,看涨吞没,Bullish Engulfing,看涨,2026-08-07,100,0.84,70.04,9.23,1,否
603072,天和磁材,上证,月线,看涨吞没,Bullish Engulfing,看涨,2026-06-30,100,0.68,39.2,9.22,0,否
002020,京新药业,深证,月线,看涨吞没,Bullish Engulfing,看涨,2026-07-31,100,1.95,13.64,9.21,2,否
301388,欣灵电气,创业,月线,看涨吞没,Bullish Engulfing,看涨,2026-08-14,100,0.19,24.08,9.21,0,是
600997,开滦股份,上证,周线,看涨吞没,Bullish Engulfing,看涨,2026-07-31,100,0.81,5.69,9.21,1,是
002065,东华软件,深证,周线,看涨吞没,Bullish Engulfing,看涨,2026-07-31,100,1.29,7.24,9.2,1,否
002065,东华软件,深证,周线,启明星,Morning Star,看涨,2026-07-31,100,1.29,7.24,9.2,1,否
688293,奥浦迈,科创,日线,看涨吞没,Bullish Engulfing,看涨,2026-08-13,100,1.68,67.53,9.2,0,否
300035,中科电气,创业,周线,看涨吞没,Bullish Engulfing,看涨,2026-07-24,83.8,0.73,13.19,9.19,0,否
688659,元琛科技,科创,周线,看涨吞没,Bullish Engulfing,看涨,2026-07-31,86.6,0.72,8.79,9.19,0,否
600547,山东黄金,上证,周线,看涨吞没,Bullish Engulfing,看涨,2026-07-24,100,1.69,25.94,9.18,1,否
688005,容百科技,科创,周线,启明星,Morning Star,看涨,2026-07-31,100,0.62,27.95,9.18,1,否
002196,方正电机,深证,周线,看涨吞没,Bullish Engulfing,看涨,2026-07-31,85,0.64,10.6,9.17,12,否
002649,博彦科技,深证,周线,看涨吞没,Bullish Engulfing,看涨,2026-07-31,91.5,1.16,9.17,9.17,2,否
301130,西点药业,创业,周线,启明星,Morning Star,看涨,2026-08-07,100,1,25.11,9.17,1,否
301131,聚赛龙,创业,周线,看涨吞没,Bullish Engulfing,看涨,2026-07-31,84.9,0.84,31.19,9.17,0,否
603369,今世缘,上证,周线,看涨吞没,Bullish Engulfing,看涨,2026-08-14,100,1.87,29.76,9.17,2,是
603916,苏博特,上证,周线,看涨吞没,Bullish Engulfing,看涨,2026-07-31,80.3,0.56,10,9.17,3,否
688629,华丰科技,科创,周线,看涨吞没,Bullish Engulfing,看涨,2026-08-07,95.8,0.82,150.55,9.17,1,是
301239,普瑞眼科,创业,周线,看涨吞没,Bullish Engulfing,看涨,2026-07-17,100,1.38,32.53,9.16,0,是
002117,东港股份,深证,周线,看涨吞没,Bullish Engulfing,看涨,2026-07-31,100,0.84,8.11,9.15,0,是
300340,科恒股份,创业,周线,启明星,Morning Star,看涨,2026-07-31,100,1.07,8.23,9.15,0,是
600577,精达股份,上证,周线,看涨吞没,Bullish Engulfing,看涨,2026-07-31,100,1.13,7.75,9.15,2,是
002961,瑞达期货,深证,周线,看涨吞没,Bullish Engulfing,看涨,2026-07-31,93.4,0.64,19.7,9.14,7,否
600658,电子城,上证,周线,看涨吞没,Bullish Engulfing,看涨,2026-07-31,88.8,0.75,3.94,9.14,8,否
300919,中伟新材,创业,周线,看涨吞没,Bullish Engulfing,看涨,2026-07-24,91.7,1.12,39.96,9.12,0,否
605158,华达新材,上证,周线,看涨吞没,Bullish Engulfing,看涨,2026-07-31,100,0.38,6.7,9.12,3,是
001380,华纬科技,深证,周线,看涨吞没,Bullish Engulfing,看涨,2026-07-31,100,0.81,16.41,9.11,1,是
600072,中船科技,上证,周线,启明星,Morning Star,看涨,2026-07-31,100,0.89,9.1,9.11,3,是
688018,乐鑫科技,科创,周线,看涨吞没,Bullish Engulfing,看涨,2026-08-07,100,1.14,112.06,9.11,0,是
300690,双一科技,创业,周线,看涨吞没,Bullish Engulfing,看涨,2026-07-31,100,0.39,21.22,9.1,1,是
300690,双一科技,创业,周线,启明星,Morning Star,看涨,2026-07-31,100,0.39,21.22,9.1,1,是
300616,尚品宅配,创业,周线,看涨吞没,Bullish Engulfing,看涨,2026-07-31,100,0.66,9.84,9.09,2,是
002763,汇洁股份,深证,周线,看涨吞没,Bullish Engulfing,看涨,2026-07-31,94.4,0.87,7.21,9.08,3,否
300107,建新股份,创业,周线,看涨吞没,Bullish Engulfing,看涨,2026-07-31,90.5,0.92,6.25,9.08,0,否
600015,华夏银行,上证,月线,看涨吞没,Bullish Engulfing,看涨,2026-07-31,100,1.41,6.97,9.08,0,否
688326,经纬恒润,科创,周线,看涨吞没,Bullish Engulfing,看涨,2026-07-31,100,0.8,68.57,9.08,0,否
688326,经纬恒润,科创,周线,启明星,Morning Star,看涨,2026-07-31,100,0.8,68.57,9.08,0,否
002313,日海智能,深证,月线,看涨吞没,Bullish Engulfing,看涨,2026-08-14,100,0.22,8.66,9.07,4,否
002467,二六三,深证,周线,启明星,Morning Star,看涨,2026-07-31,100,0.56,4.69,9.07,7,是
300382,斯莱克,创业,日线,看涨吞没,Bullish Engulfing,看涨,2026-08-12,100,0.98,15.4,9.07,0,否
300777,中简科技,创业,周线,看涨吞没,Bullish Engulfing,看涨,2026-07-31,100,0.57,24.42,9.07,0,否
000523,红棉股份,深证,周线,看涨吞没,Bullish Engulfing,看涨,2026-07-31,100,1.31,2.89,9.06,5,是
600052,东望时代,上证,周线,看涨吞没,Bullish Engulfing,看涨,2026-07-31,100,0.54,3.73,9.06,5,是
603102,百合股份,上证,周线,看涨吞没,Bullish Engulfing,看涨,2026-07-31,86.1,1.08,33.48,9.06,3,否
002304,洋河股份,深证,周线,看涨吞没,Bullish Engulfing,看涨,2026-07-31,100,1.66,42.9,9.05,1,是
300886,华业香料,创业,周线,看涨吞没,Bullish Engulfing,看涨,2026-07-31,89.7,1.18,21.44,9.05,0,否
000157,中联重科,深证,月线,看涨吞没,Bullish Engulfing,看涨,2026-07-31,100,0.96,7.6,9.04,0,否
001360,南矿集团,深证,周线,看涨吞没,Bullish Engulfing,看涨,2026-07-31,91.1,1.02,14.73,9.03,10,否
300148,天舟文化,创业,周线,看涨吞没,Bullish Engulfing,看涨,2026-07-31,100,1.1,3.38,9.03,0,是
300965,恒宇信通,创业,周线,看涨吞没,Bullish Engulfing,看涨,2026-07-31,100,1.22,40.45,9.03,3,是
300965,恒宇信通,创业,周线,启明星,Morning Star,看涨,2026-07-31,100,1.22,40.45,9.03,3,是
000981,山子高科,深证,周线,启明星,Morning Star,看涨,2026-07-31,100,0.69,2.66,9.02,21,否
001209,洪兴股份,深证,周线,看涨吞没,Bullish Engulfing,看涨,2026-07-31,84.2,0.58,15.96,9.02,8,否
300917,特发服务,创业,周线,看涨吞没,Bullish Engulfing,看涨,2026-07-31,100,1.45,25.75,9.02,0,是
601212,白银有色,上证,月线,看涨吞没,Bullish Engulfing,看涨,2026-08-14,100,0.74,5.44,9.02,18,是
601319,中国人保,上证,月线,看涨吞没,Bullish Engulfing,看涨,2026-07-31,100,1.43,7.37,9.02,0,是
603699,纽威股份,上证,周线,启明星,Morning Star,看涨,2026-07-31,100,1.22,45.58,9.02,2,否
688808,联讯仪器,科创,日线,看涨吞没,Bullish Engulfing,看涨,2026-08-12,100,0.65,2248,9.02,1,是
002945,华林证券,深证,月线,看涨吞没,Bullish Engulfing,看涨,2026-07-31,90.4,0.63,14.64,9.01,3,否
600141,兴发集团,上证,周线,看涨吞没,Bullish Engulfing,看涨,2026-08-07,100,1.08,31.47,9.01,4,是
603001,奥康国际,上证,周线,看涨吞没,Bullish Engulfing,看涨,2026-07-31,80.6,1,6.41,9.01,10,否
688190,云路股份,科创,周线,看涨吞没,Bullish Engulfing,看涨,2026-08-07,100,0.75,73.7,9.01,0,是
002769,普路通,深证,周线,看涨吞没,Bullish Engulfing,看涨,2026-07-31,93,0.68,6.66,9,9,否
300743,天地数码,创业,周线,看涨吞没,Bullish Engulfing,看涨,2026-07-31,99.6,0.89,14.17,9,0,是
600409,三友化工,上证,月线,看涨吞没,Bullish Engulfing,看涨,2026-07-31,100,1.36,6.66,9,4,是
002853,皮阿诺,深证,月线,看涨吞没,Bullish Engulfing,看涨,2026-08-14,100,0.16,20.62,8.99,9,是
301446,福事特,创业,周线,启明星,Morning Star,看涨,2026-07-31,100,0.85,33.59,8.99,1,否
600318,新力金融,上证,周线,看涨吞没,Bullish Engulfing,看涨,2026-07-31,100,0.89,6.55,8.99,0,是
688332,中科蓝讯,科创,周线,看涨吞没,Bullish Engulfing,看涨,2026-08-07,100,1.25,88.5,8.99,1,是
002249,大洋电机,深证,周线,启明星,Morning Star,看涨,2026-07-31,100,0.94,7.4,8.98,8,否
600746,江苏索普,上证,周线,看涨吞没,Bullish Engulfing,看涨,2026-07-31,100,1.24,6.56,8.97,4,否
601008,连云港,上证,月线,看涨吞没,Bullish Engulfing,看涨,2026-07-31,100,0.22,4.38,8.96,0,是
603218,日月股份,上证,周线,看涨吞没,Bullish Engulfing,看涨,2026-07-31,100,0.69,10.21,8.96,0,否
001203,大中矿业,深证,周线,看涨吞没,Bullish Engulfing,看涨,2026-08-07,100,0.59,28.25,8.95,17,否
301272,英华特,创业,月线,看涨吞没,Bullish Engulfing,看涨,2026-08-14,96.5,0.35,33.96,8.95,0,否
002692,远程股份,深证,周线,看涨吞没,Bullish Engulfing,看涨,2026-07-31,100,0.53,3.9,8.94,5,是
300327,中颖电子,创业,周线,看涨吞没,Bullish Engulfing,看涨,2026-08-07,100,0.72,23.15,8.94,0,否
000809,和展能源,深证,周线,看涨吞没,Bullish Engulfing,看涨,2026-07-31,100,0.52,3.17,8.93,6,是
002953,日丰股份,深证,周线,看涨吞没,Bullish Engulfing,看涨,2026-07-24,100,3.04,9.52,8.92,6,否
002953,日丰股份,深证,周线,启明星,Morning Star,看涨,2026-07-24,100,3.04,9.52,8.92,6,否
300942,易瑞生物,创业,周线,看涨吞没,Bullish Engulfing,看涨,2026-07-31,84.3,0.88,6.23,8.92,0,否
600309,万华化学,上证,月线,看涨吞没,Bullish Engulfing,看涨,2026-07-31,100,1.62,74.51,8.92,0,是
300386,飞天诚信,创业,月线,看涨吞没,Bullish Engulfing,看涨,2026-08-14,100,0.4,11.12,8.91,2,是
002148,北纬科技,深证,周线,看涨吞没,Bullish Engulfing,看涨,2026-07-31,100,1.47,6.24,8.9,4,是
300381,溢多利,创业,月线,启明星,Morning Star,看涨,2026-08-14,100,0.36,6.24,8.9,0,否
300449,汉邦高科,创业,周线,看涨吞没,Bullish Engulfing,看涨,2026-07-31,100,0.52,6.61,8.9,3,是
300449,汉邦高科,创业,周线,启明星,Morning Star,看涨,2026-07-31,100,0.52,6.61,8.9,3,是
300466,赛摩智能,创业,周线,看涨吞没,Bullish Engulfing,看涨,2026-07-31,100,0.72,7.22,8.9,0,是
600732,爱旭股份,上证,周线,看涨吞没,Bullish Engulfing,看涨,2026-07-31,89.2,0.64,12.36,8.9,4,否
688429,时创能源,科创,月线,看涨吞没,Bullish Engulfing,看涨,2026-08-14,100,0.44,10.52,8.9,1,是
002031,巨轮智能,深证,周线,看涨吞没,Bullish Engulfing,看涨,2026-07-31,85.9,0.5,4.9,8.89,8,否
002154,报 喜 鸟,深证,周线,看涨吞没,Bullish Engulfing,看涨,2026-07-31,100,1.11,3.92,8.89,3,是
600362,江西铜业,上证,周线,看涨吞没,Bullish Engulfing,看涨,2026-07-24,91.2,1.43,42.5,8.89,6,否
603229,奥翔药业,上证,周线,启明星,Morning Star,看涨,2026-08-07,100,0.73,8.08,8.89,0,是
300688,创业黑马,创业,月线,看涨吞没,Bullish Engulfing,看涨,2026-06-30,100,0.65,27.1,8.88,1,否
300963,中洲特材,创业,周线,看涨吞没,Bullish Engulfing,看涨,2026-07-31,100,1.16,11.52,8.88,2,否
300963,中洲特材,创业,周线,启明星,Morning Star,看涨,2026-07-31,97.5,1.16,11.52,8.88,2,否
600257,大湖股份,上证,周线,看涨吞没,Bullish Engulfing,看涨,2026-07-31,95.8,1.45,5.15,8.88,2,否
600195,中牧股份,上证,周线,看涨吞没,Bullish Engulfing,看涨,2026-07-17,100,0.72,6.63,8.87,1,否
688696,极米科技,科创,月线,启明星,Morning Star,看涨,2026-08-14,100,0.52,70.91,8.87,0,否
688816,易思维,科创,周线,看涨吞没,Bullish Engulfing,看涨,2026-07-31,100,0.39,50.09,8.87,0,是
002250,联化科技,深证,周线,看涨吞没,Bullish Engulfing,看涨,2026-07-17,93.1,1.62,15.61,8.86,6,否
600983,惠而浦,上证,周线,看涨吞没,Bullish Engulfing,看涨,2026-07-31,100,0.83,7.99,8.86,1,否
300298,三诺生物,创业,周线,看涨吞没,Bullish Engulfing,看涨,2026-07-31,100,1.26,16.35,8.85,0,是
603076,乐惠国际,上证,月线,看涨吞没,Bullish Engulfing,看涨,2026-08-14,100,0.45,21.53,8.85,2,是
002799,环球印务,深证,周线,看涨吞没,Bullish Engulfing,看涨,2026-07-31,100,0.83,6.4,8.84,1,是
000559,万向钱潮,深证,周线,看涨吞没,Bullish Engulfing,看涨,2026-07-31,100,0.5,11.23,8.82,12,否
000559,万向钱潮,深证,周线,启明星,Morning Star,看涨,2026-07-31,94.5,0.5,11.23,8.82,12,否
600763,通策医疗,上证,周线,看涨吞没,Bullish Engulfing,看涨,2026-07-31,100,1.12,36.88,8.82,0,是
601619,嘉泽新能,上证,周线,看涨吞没,Bullish Engulfing,看涨,2026-07-24,100,0.91,4.44,8.82,9,是
603863,松炀资源,上证,日线,看涨吞没,Bullish Engulfing,看涨,2026-08-11,100,2.56,13.7,8.82,9,是
001282,三联锻造,深证,周线,看涨吞没,Bullish Engulfing,看涨,2026-07-31,99.3,0.55,15.44,8.81,4,是
600380,健康元,上证,月线,看涨吞没,Bullish Engulfing,看涨,2026-07-31,88.9,1.12,10.25,8.81,1,否
688078,龙软科技,科创,周线,看涨吞没,Bullish Engulfing,看涨,2026-07-31,100,1.09,21.99,8.81,0,是
688205,德科立,科创,日线,启明星,Morning Star,看涨,2026-08-12,100,1.32,147,8.81,5,是
603139,康惠股份,上证,周线,看涨吞没,Bullish Engulfing,看涨,2026-08-07,100,0.65,35.99,8.8,7,是
000002,万 科Ａ,深证,周线,看涨吞没,Bullish Engulfing,看涨,2026-07-31,100,1.2,3.34,8.79,1,是
300583,赛托生物,创业,月线,启明星,Morning Star,看涨,2026-08-14,100,0.43,12.88,8.78,0,否
002200,交投生态,深证,周线,看涨吞没,Bullish Engulfing,看涨,2026-07-31,89.2,1.25,6.45,8.77,2,否
301122,采纳股份,创业,周线,看涨吞没,Bullish Engulfing,看涨,2026-07-24,100,2.3,28.66,8.77,1,是
301583,托伦斯,创业,周线,看涨吞没,Bullish Engulfing,看涨,2026-08-14,100,0.96,161.85,8.77,3,否
300176,鸿特科技,创业,周线,看涨吞没,Bullish Engulfing,看涨,2026-07-31,86.6,0.71,5.09,8.76,0,否
600287,苏豪时尚,上证,周线,看涨吞没,Bullish Engulfing,看涨,2026-07-31,85.6,0.77,4.47,8.76,0,否
002718,友邦吊顶,深证,周线,看涨吞没,Bullish Engulfing,看涨,2026-08-07,100,0.61,86.75,8.75,18,是
300918,南山智尚,创业,周线,看涨吞没,Bullish Engulfing,看涨,2026-07-31,84.9,0.73,10.08,8.74,0,否
003042,中农联合,深证,周线,看涨吞没,Bullish Engulfing,看涨,2026-07-31,99.6,0.65,12.46,8.73,7,是
300965,恒宇信通,创业,月线,看涨吞没,Bullish Engulfing,看涨,2026-08-14,100,0.3,43.98,8.73,3,是
600322,津投城开,上证,月线,看涨吞没,Bullish Engulfing,看涨,2026-06-30,100,1.47,2.74,8.73,6,是
000410,沈阳机床,深证,月线,启明星,Morning Star,看涨,2026-08-14,100,0.63,5.36,8.72,2,是
603712,七一二,上证,周线,看涨吞没,Bullish Engulfing,看涨,2026-07-31,93.8,0.93,11.84,8.72,1,否
688306,均普智能,科创,月线,看涨吞没,Bullish Engulfing,看涨,2026-06-30,100,0.72,10.1,8.72,1,是
002811,郑中设计,深证,周线,看涨吞没,Bullish Engulfing,看涨,2026-07-31,100,0.92,10.11,8.71,6,是
301077,星华新材,创业,周线,启明星,Morning Star,看涨,2026-08-07,100,0.56,20.6,8.71,1,否
301533,威马农机,创业,周线,看涨吞没,Bullish Engulfing,看涨,2026-07-31,95.4,1.06,24.96,8.71,0,否
600106,重庆路桥,上证,周线,看涨吞没,Bullish Engulfing,看涨,2026-07-31,85,0.88,4.37,8.71,1,否
300435,中泰股份,创业,周线,启明星,Morning Star,看涨,2026-08-07,100,0.84,17.5,8.7,1,是
600155,华创云信,上证,月线,看涨吞没,Bullish Engulfing,看涨,2026-07-31,100,1.16,6,8.7,0,是
600155,华创云信,上证,月线,启明星,Morning Star,看涨,2026-07-31,100,1.16,6,8.7,0,是
688779,五矿新能,科创,周线,启明星,Morning Star,看涨,2026-07-31,100,0.88,7.62,8.7,0,否
301008,宏昌科技,创业,周线,启明星,Morning Star,看涨,2026-07-31,100,0.73,32.15,8.69,6,是
600861,北京人力,上证,周线,看涨吞没,Bullish Engulfing,看涨,2026-07-31,100,1.92,13.76,8.69,0,否
002123,梦网科技,深证,周线,启明星,Morning Star,看涨,2026-07-31,100,1.36,8.26,8.68,3,否
002164,宁波东力,深证,周线,看涨吞没,Bullish Engulfing,看涨,2026-07-31,98.4,0.54,11.02,8.68,6,是
301479,弘景光电,创业,周线,看涨吞没,Bullish Engulfing,看涨,2026-08-07,100,0.57,48.69,8.68,0,是
600511,国药股份,上证,月线,看涨吞没,Bullish Engulfing,看涨,2026-07-31,100,1.17,28.3,8.68,0,是
002857,三晖电气,深证,周线,看涨吞没,Bullish Engulfing,看涨,2026-07-31,100,0.7,15.57,8.65,4,否
002857,三晖电气,深证,周线,启明星,Morning Star,看涨,2026-07-31,100,0.7,15.57,8.65,4,否
600795,国电电力,上证,月线,看涨吞没,Bullish Engulfing,看涨,2026-05-29,100,1.51,5.15,8.65,0,是
600123,兰花科创,上证,周线,看涨吞没,Bullish Engulfing,看涨,2026-07-17,100,0.72,6.16,8.64,0,是
002247,聚力文化,深证,周线,看涨吞没,Bullish Engulfing,看涨,2026-07-31,85.4,1.04,2.14,8.63,0,否
300248,新开普,创业,月线,启明星,Morning Star,看涨,2026-08-14,100,0.64,8.94,8.63,1,是
600741,华域汽车,上证,月线,看涨吞没,Bullish Engulfing,看涨,2026-07-31,100,1.23,16.86,8.63,0,是
605555,德昌股份,上证,周线,看涨吞没,Bullish Engulfing,看涨,2026-07-31,85.8,0.75,11.46,8.63,2,否
688466,金科环境,科创,周线,看涨吞没,Bullish Engulfing,看涨,2026-07-31,84.5,0.93,12.71,8.63,0,否
002840,华统股份,深证,周线,看涨吞没,Bullish Engulfing,看涨,2026-07-31,99.1,0.55,7.69,8.62,3,是
300006,莱美药业,创业,月线,看涨吞没,Bullish Engulfing,看涨,2026-08-14,91.9,0.39,5.29,8.62,1,否
300595,欧普康视,创业,周线,看涨吞没,Bullish Engulfing,看涨,2026-07-31,98.1,1.27,11.47,8.62,0,否
688788,科思科技,科创,周线,启明星,Morning Star,看涨,2026-08-07,100,1.64,31.37,8.62,0,是
000785,居然智家,深证,周线,看涨吞没,Bullish Engulfing,看涨,2026-07-31,100,1.25,2.27,8.61,5,是
300784,利安科技,创业,周线,看涨吞没,Bullish Engulfing,看涨,2026-07-31,83.1,0.79,38.1,8.61,0,否
600756,浪潮软件,上证,周线,看涨吞没,Bullish Engulfing,看涨,2026-07-24,100,2.3,13.87,8.61,8,是
603860,中公高科,上证,周线,看涨吞没,Bullish Engulfing,看涨,2026-07-31,100,1.02,24.63,8.6,0,是
002230,科大讯飞,深证,周线,看涨吞没,Bullish Engulfing,看涨,2026-07-31,91.4,0.99,42.22,8.59,0,否
002775,文科股份,深证,周线,启明星,Morning Star,看涨,2026-07-24,100,1.52,3.54,8.59,6,是
003019,宸展光电,深证,周线,看涨吞没,Bullish Engulfing,看涨,2026-08-07,100,0.68,24.05,8.58,2,是
603087,甘李药业,上证,周线,看涨吞没,Bullish Engulfing,看涨,2026-07-31,100,1.19,68.73,8.58,3,否
603381,永臻股份,上证,周线,看涨吞没,Bullish Engulfing,看涨,2026-07-31,100,0.59,14.56,8.58,5,是
603381,永臻股份,上证,周线,启明星,Morning Star,看涨,2026-07-31,100,0.59,14.56,8.58,5,是
603937,丽岛新材,上证,周线,看涨吞没,Bullish Engulfing,看涨,2026-07-31,88.1,0.54,10.25,8.58,10,否
002209,达 意 隆,深证,周线,看涨吞没,Bullish Engulfing,看涨,2026-07-31,84.6,0.65,10.52,8.57,1,否
002919,名臣健康,深证,周线,启明星,Morning Star,看涨,2026-08-07,100,0.74,17.49,8.57,6,否
600063,皖维高新,上证,月线,看涨吞没,Bullish Engulfing,看涨,2026-06-30,100,4.75,7.6,8.57,5,是
603030,全筑股份,上证,周线,看涨吞没,Bullish Engulfing,看涨,2026-07-31,100,1.06,1.9,8.57,8,是
600843,上工申贝,上证,周线,看涨吞没,Bullish Engulfing,看涨,2026-07-31,100,0.69,6.85,8.56,4,是
600901,江苏金租,上证,周线,看涨吞没,Bullish Engulfing,看涨,2026-07-17,100,1.2,6.47,8.56,0,是
688420,美腾科技,科创,月线,看涨吞没,Bullish Engulfing,看涨,2026-08-14,100,0.32,21.82,8.56,0,否
000656,金科股份,深证,周线,看涨吞没,Bullish Engulfing,看涨,2026-08-14,100,2.76,1.27,8.55,4,是
300300,海峡创新,创业,周线,启明星,Morning Star,看涨,2026-07-31,100,0.85,7.36,8.55,7,否
300597,吉大通信,创业,周线,看涨吞没,Bullish Engulfing,看涨,2026-07-31,90.6,0.75,7.24,8.55,0,否
601222,林洋能源,上证,月线,看涨吞没,Bullish Engulfing,看涨,2026-05-29,100,1.85,6.6,8.55,1,是
300760,迈瑞医疗,创业,周线,看涨吞没,Bullish Engulfing,看涨,2026-07-31,100,1.31,158.88,8.54,0,是
000716,黑芝麻,深证,月线,启明星,Morning Star,看涨,2026-08-14,100,0.27,5.09,8.53,3,是
001234,泰慕士,深证,周线,看涨吞没,Bullish Engulfing,看涨,2026-07-31,100,0.37,19.73,8.53,10,是
002145,钛能化学,深证,月线,看涨吞没,Bullish Engulfing,看涨,2026-06-30,98.5,1.22,4.71,8.53,3,否
002831,裕同科技,深证,周线,看涨吞没,Bullish Engulfing,看涨,2026-08-07,99.4,0.67,28.53,8.52,5,否
300884,狄耐克,创业,周线,看涨吞没,Bullish Engulfing,看涨,2026-07-31,87.7,1.16,10.83,8.52,1,否
603893,XD瑞芯微,上证,月线,看涨吞没,Bullish Engulfing,看涨,2026-08-14,100,0.66,203.99,8.51,3,是
301155,海力风电,创业,月线,看涨吞没,Bullish Engulfing,看涨,2026-08-14,100,0.77,46.06,8.5,0,是
301565,中仑新材,创业,周线,看涨吞没,Bullish Engulfing,看涨,2026-07-31,98,0.6,19.65,8.5,1,是
600201,生物股份,上证,月线,看涨吞没,Bullish Engulfing,看涨,2026-07-31,100,0.73,12.64,8.5,0,否
002159,三特索道,深证,周线,看涨吞没,Bullish Engulfing,看涨,2026-07-31,100,0.8,13.29,8.49,2,是
002268,电科网安,深证,周线,看涨吞没,Bullish Engulfing,看涨,2026-07-31,100,1.08,14.57,8.49,2,否
002268,电科网安,深证,周线,启明星,Morning Star,看涨,2026-07-31,98,1.08,14.57,8.49,2,否
603939,益丰药房,上证,周线,看涨吞没,Bullish Engulfing,看涨,2026-08-14,100,1.65,24.03,8.49,1,是
002949,华阳国际,深证,周线,看涨吞没,Bullish Engulfing,看涨,2026-07-31,99.9,0.83,9.98,8.48,2,是
301156,美农生物,创业,月线,看涨吞没,Bullish Engulfing,看涨,2026-08-14,100,0.44,11.39,8.48,0,否
300129,泰胜风能,创业,周线,看涨吞没,Bullish Engulfing,看涨,2026-07-31,91.4,0.59,7.68,8.47,2,否
300705,九典制药,创业,周线,看涨吞没,Bullish Engulfing,看涨,2026-07-31,88.8,1.02,11.01,8.47,0,否
301518,长华化学,创业,周线,看涨吞没,Bullish Engulfing,看涨,2026-07-31,89.1,0.72,23.43,8.47,2,否
600827,百联股份,上证,周线,看涨吞没,Bullish Engulfing,看涨,2026-07-31,100,1.41,8.07,8.47,0,是
000828,东莞控股,深证,月线,看涨吞没,Bullish Engulfing,看涨,2026-07-31,100,0.93,10.15,8.44,0,是
003003,天元股份,深证,周线,看涨吞没,Bullish Engulfing,看涨,2026-07-31,98.4,0.81,10.02,8.44,2,是
300285,国瓷材料,创业,周线,看涨吞没,Bullish Engulfing,看涨,2026-07-31,94.4,1.9,62.04,8.44,2,否
600876,凯盛新能,上证,周线,看涨吞没,Bullish Engulfing,看涨,2026-07-31,100,0.58,6.82,8.43,2,是
300368,汇金股份,创业,周线,启明星,Morning Star,看涨,2026-07-24,100,2.68,8.5,8.42,3,否
300643,万通智控,创业,月线,看涨吞没,Bullish Engulfing,看涨,2026-06-30,100,0.79,17.89,8.42,1,是
600785,新华百货,上证,周线,看涨吞没,Bullish Engulfing,看涨,2026-07-31,100,1.92,8.37,8.42,10,是
603602,纵横通信,上证,周线,看涨吞没,Bullish Engulfing,看涨,2026-07-31,88,0.7,10.43,8.42,1,否
688177,百奥泰,科创,周线,启明星,Morning Star,看涨,2026-08-07,100,0.84,18.55,8.42,0,否
300141,和顺电气,创业,日线,看涨吞没,Bullish Engulfing,看涨,2026-08-10,100,1.83,11.08,8.41,3,是
300977,深圳瑞捷,创业,周线,看涨吞没,Bullish Engulfing,看涨,2026-07-31,100,0.65,14.95,8.41,0,是
300977,深圳瑞捷,创业,周线,启明星,Morning Star,看涨,2026-07-31,100,0.65,14.95,8.41,0,是
000564,供销大集,深证,周线,看涨吞没,Bullish Engulfing,看涨,2026-07-31,100,0.94,1.42,8.4,4,否
300299,富春股份,创业,周线,启明星,Morning Star,看涨,2026-07-31,100,2.27,5.29,8.4,0,是
600731,湖南海利,上证,周线,启明星,Morning Star,看涨,2026-07-31,100,1.03,5.81,8.4,0,是
002258,利尔化学,深证,周线,看涨吞没,Bullish Engulfing,看涨,2026-07-24,100,1.34,13.95,8.39,4,是
300668,杰恩股份,创业,月线,看涨吞没,Bullish Engulfing,看涨,2026-06-30,100,2.06,59.95,8.39,1,否
300824,北鼎股份,创业,周线,看涨吞没,Bullish Engulfing,看涨,2026-07-31,100,1.17,7.62,8.39,0,是
301135,瑞德智能,创业,月线,看涨吞没,Bullish Engulfing,看涨,2026-08-14,100,0.48,16.53,8.39,0,是
603201,常润股份,上证,周线,启明星,Morning Star,看涨,2026-08-07,100,2.08,16.68,8.38,4,否
605319,无锡振华,上证,周线,看涨吞没,Bullish Engulfing,看涨,2026-07-31,100,0.47,22.76,8.38,2,否
603949,雪龙集团,上证,周线,看涨吞没,Bullish Engulfing,看涨,2026-07-31,87.9,0.53,13.48,8.36,4,否
688525,佰维存储,科创,周线,看涨吞没,Bullish Engulfing,看涨,2026-08-07,100,1,244.88,8.36,1,否
002099,海翔药业,深证,周线,启明星,Morning Star,看涨,2026-07-31,100,0.74,5.45,8.35,5,否
688429,时创能源,科创,日线,看涨吞没,Bullish Engulfing,看涨,2026-08-10,100,2.36,11.16,8.35,1,是
003013,地铁设计,深证,周线,看涨吞没,Bullish Engulfing,看涨,2026-07-24,100,2.39,16.37,8.34,1,是
301225,恒勃股份,创业,日线,看涨吞没,Bullish Engulfing,看涨,2026-08-13,100,1.67,63.52,8.34,2,是
301269,华大九天,创业,周线,看涨吞没,Bullish Engulfing,看涨,2026-08-07,100,0.64,94.69,8.34,0,是
002488,金固股份,深证,周线,看涨吞没,Bullish Engulfing,看涨,2026-07-31,89.1,1.07,9.1,8.33,2,否
300514,友讯达,创业,周线,看涨吞没,Bullish Engulfing,看涨,2026-07-31,86,0.87,9.1,8.33,0,否
603216,梦天家居,上证,周线,看涨吞没,Bullish Engulfing,看涨,2026-07-31,88.8,1.09,20.15,8.33,14,否
603318,水发燃气,上证,周线,看涨吞没,Bullish Engulfing,看涨,2026-08-07,100,0.78,9.1,8.33,16,是
603277,银都股份,上证,周线,看涨吞没,Bullish Engulfing,看涨,2026-07-31,100,1.08,10.81,8.32,1,是
301255,通力科技,创业,月线,看涨吞没,Bullish Engulfing,看涨,2026-08-14,100,0.2,20.86,8.31,1,是
301300,远翔新材,创业,周线,启明星,Morning Star,看涨,2026-08-07,100,0.85,30.62,8.31,0,是
600371,万向德农,上证,周线,看涨吞没,Bullish Engulfing,看涨,2026-07-31,100,0.65,6.78,8.31,1,是
000716,黑芝麻,深证,周线,看涨吞没,Bullish Engulfing,看涨,2026-08-14,100,1.22,5.09,8.3,3,是
301599,理奇智能,创业,周线,看涨吞没,Bullish Engulfing,看涨,2026-08-07,100,0.34,35.61,8.3,1,是
300224,正海磁材,创业,月线,看涨吞没,Bullish Engulfing,看涨,2026-06-30,89.6,0.93,13.33,8.29,0,否
300316,晶盛机电,创业,周线,看涨吞没,Bullish Engulfing,看涨,2026-08-07,100,0.44,41.8,8.29,0,是
300552,万集科技,创业,周线,看涨吞没,Bullish Engulfing,看涨,2026-07-31,100,0.8,20.17,8.27,3,是
603029,天鹅股份,上证,周线,看涨吞没,Bullish Engulfing,看涨,2026-07-31,85.4,0.72,14.27,8.27,1,否
002294,信立泰,深证,周线,启明星,Morning Star,看涨,2026-08-07,100,1.08,36.03,8.26,4,否
002881,美格智能,深证,月线,看涨吞没,Bullish Engulfing,看涨,2026-08-14,100,0.34,38,8.26,6,是
300701,森霸传感,创业,周线,看涨吞没,Bullish Engulfing,看涨,2026-07-31,98.9,0.89,9.05,8.25,1,是
301129,瑞纳智能,创业,月线,看涨吞没,Bullish Engulfing,看涨,2026-08-14,100,0.51,22.04,8.25,1,是
600399,抚顺特钢,上证,周线,启明星,Morning Star,看涨,2026-07-31,100,0.75,4.2,8.25,3,否
601890,亚星锚链,上证,周线,看涨吞没,Bullish Engulfing,看涨,2026-08-14,100,1.51,9.18,8.25,3,否
600375,汉马科技,上证,周线,启明星,Morning Star,看涨,2026-07-31,100,1.16,4.07,8.24,2,否
603007,顺景科技,上证,周线,启明星,Morning Star,看涨,2026-08-07,100,0.7,4.86,8.24,5,否
603788,宁波高发,上证,周线,看涨吞没,Bullish Engulfing,看涨,2026-07-31,90.6,0.81,13.92,8.24,1,否
300694,蠡湖股份,创业,月线,启明星,Morning Star,看涨,2026-08-14,100,0.22,10.65,8.23,0,是
300978,东箭科技,创业,周线,看涨吞没,Bullish Engulfing,看涨,2026-07-31,100,0.7,8.42,8.23,0,是
002757,南兴股份,深证,周线,看涨吞没,Bullish Engulfing,看涨,2026-07-31,95.3,0.88,16.32,8.22,10,否
002950,奥美医疗,深证,周线,看涨吞没,Bullish Engulfing,看涨,2026-07-31,100,0.54,9.22,8.22,7,是
600133,东湖高新,上证,周线,启明星,Morning Star,看涨,2026-07-31,100,0.96,8.29,8.22,3,否
605122,四方新材,上证,月线,看涨吞没,Bullish Engulfing,看涨,2026-08-14,100,0.31,11.19,8.22,0,是
000715,中兴商业,深证,月线,启明星,Morning Star,看涨,2026-08-14,100,0.38,5.14,8.21,3,是
301558,三态股份,创业,周线,看涨吞没,Bullish Engulfing,看涨,2026-07-31,100,0.99,6.59,8.21,0,是
600802,福建水泥,上证,周线,看涨吞没,Bullish Engulfing,看涨,2026-07-31,100,0.67,4.22,8.21,6,是
002398,垒知集团,深证,周线,看涨吞没,Bullish Engulfing,看涨,2026-07-31,100,1.05,3.96,8.2,2,是
300549,优德精密,创业,周线,看涨吞没,Bullish Engulfing,看涨,2026-07-31,90.6,0.73,13.07,8.2,0,否
000561,烽火电子,深证,周线,看涨吞没,Bullish Engulfing,看涨,2026-07-31,100,0.97,7.53,8.19,5,是
000561,烽火电子,深证,周线,启明星,Morning Star,看涨,2026-07-31,100,0.97,7.53,8.19,5,是
002676,顺威股份,深证,周线,看涨吞没,Bullish Engulfing,看涨,2026-07-31,100,0.61,4.89,8.19,6,否
300025,华星创业,创业,周线,看涨吞没,Bullish Engulfing,看涨,2026-07-31,100,1.1,4.36,8.19,0,是
301292,海科新源,创业,周线,看涨吞没,Bullish Engulfing,看涨,2026-08-07,100,0.9,69.71,8.19,8,否
600529,山东药玻,上证,月线,看涨吞没,Bullish Engulfing,看涨,2026-07-31,100,1.45,19.96,8.18,0,是
603120,肯特催化,上证,周线,看涨吞没,Bullish Engulfing,看涨,2026-08-07,100,0.99,48.39,8.18,8,否
002679,福建金森,深证,周线,看涨吞没,Bullish Engulfing,看涨,2026-07-31,100,0.83,8.47,8.17,9,是
301369,联动科技,创业,日线,看涨吞没,Bullish Engulfing,看涨,2026-08-12,100,1.11,144.55,8.17,1,否
688281,华秦科技,科创,周线,启明星,Morning Star,看涨,2026-07-31,100,1.07,48.23,8.16,1,否
300195,长荣股份,创业,周线,看涨吞没,Bullish Engulfing,看涨,2026-07-31,100,0.8,5.04,8.15,0,是
301237,和顺科技,创业,月线,看涨吞没,Bullish Engulfing,看涨,2026-06-30,100,2.34,74.08,8.15,2,是
600841,动力新科,上证,周线,看涨吞没,Bullish Engulfing,看涨,2026-07-31,100,1.02,5.84,8.15,8,是
603395,红四方,上证,周线,看涨吞没,Bullish Engulfing,看涨,2026-07-17,100,1.14,22.29,8.15,1,否
605577,龙版传媒,上证,周线,看涨吞没,Bullish Engulfing,看涨,2026-07-31,88.3,0.86,9.69,8.15,0,否
688386,泛亚微透,科创,周线,看涨吞没,Bullish Engulfing,看涨,2026-08-07,100,0.9,54.7,8.15,0,是
000428,华天酒店,深证,周线,看涨吞没,Bullish Engulfing,看涨,2026-08-14,100,3.87,4.25,8.14,5,是
002194,武汉凡谷,深证,周线,看涨吞没,Bullish Engulfing,看涨,2026-07-31,100,0.58,8.77,8.14,9,是
002232,启明信息,深证,周线,看涨吞没,Bullish Engulfing,看涨,2026-07-31,100,0.93,14.22,8.14,4,是
002918,蒙娜丽莎,深证,周线,看涨吞没,Bullish Engulfing,看涨,2026-07-31,83.4,1.02,9.17,8.14,11,否
003020,立方制药,深证,周线,看涨吞没,Bullish Engulfing,看涨,2026-07-31,100,2.74,16.87,8.14,7,否
301367,瑞迈特,创业,周线,看涨吞没,Bullish Engulfing,看涨,2026-08-07,100,1.46,47.97,8.14,0,是
600097,开创国际,上证,周线,看涨吞没,Bullish Engulfing,看涨,2026-07-31,98.5,0.95,8.1,8.14,3,是
603181,皇马科技,上证,周线,看涨吞没,Bullish Engulfing,看涨,2026-07-31,100,0.87,13.02,8.14,2,是
002809,红墙股份,深证,周线,看涨吞没,Bullish Engulfing,看涨,2026-07-31,100,0.49,7.59,8.12,5,是
600633,浙数文化,上证,周线,看涨吞没,Bullish Engulfing,看涨,2026-07-31,87.4,0.78,10.92,8.12,2,否
002767,先锋电子,深证,周线,启明星,Morning Star,看涨,2026-08-07,100,0.88,17.32,8.11,5,是
002817,黄山胶囊,深证,周线,看涨吞没,Bullish Engulfing,看涨,2026-07-31,100,0.97,6.13,8.11,0,是
002161,远 望 谷,深证,月线,看涨吞没,Bullish Engulfing,看涨,2026-08-14,100,0.25,5.87,8.1,3,是
002660,茂硕电源,深证,周线,启明星,Morning Star,看涨,2026-07-31,100,0.85,6.54,8.1,2,是
300086,康芝药业,创业,周线,看涨吞没,Bullish Engulfing,看涨,2026-07-31,87.4,1.08,6.28,8.09,2,否
300713,英可瑞,创业,周线,看涨吞没,Bullish Engulfing,看涨,2026-07-31,100,0.97,12.16,8.09,0,否
300713,英可瑞,创业,周线,启明星,Morning Star,看涨,2026-07-31,96.7,0.97,12.16,8.09,0,否
300758,七彩化学,创业,周线,看涨吞没,Bullish Engulfing,看涨,2026-07-31,83.4,0.46,9.89,8.09,2,否
301357,北方长龙,创业,周线,看涨吞没,Bullish Engulfing,看涨,2026-08-14,100,2.7,101.99,8.09,3,是
601579,会稽山,上证,周线,看涨吞没,Bullish Engulfing,看涨,2026-07-31,100,1.36,15.09,8.09,8,是
002959,小熊电器,深证,周线,看涨吞没,Bullish Engulfing,看涨,2026-07-31,88.8,0.76,34.52,8.08,0,否
300800,力合科技,创业,月线,看涨吞没,Bullish Engulfing,看涨,2026-08-14,100,0.46,9.9,8.08,0,否
600825,新华传媒,上证,周线,看涨吞没,Bullish Engulfing,看涨,2026-07-31,100,0.79,4.95,8.08,3,是
600999,招商证券,上证,月线,启明星,Morning Star,看涨,2026-05-29,100,1.79,16.99,8.08,0,否
002066,瑞泰科技,深证,月线,看涨吞没,Bullish Engulfing,看涨,2026-08-14,100,0.36,21.69,8.07,6,是
600256,广汇能源,上证,月线,启明星,Morning Star,看涨,2026-08-14,100,0.48,5.89,8.07,2,是
000801,四川九洲,深证,周线,启明星,Morning Star,看涨,2026-07-31,100,0.84,11.53,8.06,2,是
001205,盛航股份,深证,周线,看涨吞没,Bullish Engulfing,看涨,2026-07-31,100,0.91,13.28,8.06,0,是
002835,同为股份,深证,周线,看涨吞没,Bullish Engulfing,看涨,2026-07-31,100,1.07,11.8,8.06,0,是
300144,宋城演艺,创业,周线,看涨吞没,Bullish Engulfing,看涨,2026-07-31,100,1.52,6.3,8.06,0,是
300146,汤臣倍健,创业,周线,看涨吞没,Bullish Engulfing,看涨,2026-07-17,100,2.03,10.06,8.06,0,是
300610,晨化股份,创业,周线,看涨吞没,Bullish Engulfing,看涨,2026-07-31,100,0.84,9.38,8.06,0,是
600605,汇通能源,上证,日线,看涨吞没,Bullish Engulfing,看涨,2026-08-11,100,2.26,25.6,8.06,2,否
301170,锡南科技,创业,周线,看涨吞没,Bullish Engulfing,看涨,2026-07-31,100,0.74,21.48,8.05,0,是
601177,杭齿前进,上证,周线,看涨吞没,Bullish Engulfing,看涨,2026-07-31,100,0.54,12.88,8.05,2,是
300960,通业科技,创业,周线,看涨吞没,Bullish Engulfing,看涨,2026-07-31,89.6,0.82,15.18,8.04,0,否
600800,渤海化学,上证,周线,启明星,Morning Star,看涨,2026-07-31,100,0.59,3.09,8.04,9,是
300694,蠡湖股份,创业,周线,启明星,Morning Star,看涨,2026-08-07,100,0.77,10.63,8.03,0,是
605098,行动教育,上证,月线,看涨吞没,Bullish Engulfing,看涨,2026-07-31,91.7,0.79,58.51,8.03,3,否
688790,昂瑞微,科创,周线,启明星,Morning Star,看涨,2026-08-07,100,0.57,96.15,8.03,0,是
000404,长虹华意,深证,周线,看涨吞没,Bullish Engulfing,看涨,2026-07-31,100,0.56,7.81,8.02,1,是
002912,中新赛克,深证,周线,启明星,Morning Star,看涨,2026-07-31,100,0.95,19,8.02,3,否
603887,城地香江,上证,周线,看涨吞没,Bullish Engulfing,看涨,2026-07-31,100,0.87,8.89,8.02,5,是
603887,城地香江,上证,周线,启明星,Morning Star,看涨,2026-07-31,100,0.87,8.89,8.02,5,是
601212,白银有色,上证,周线,启明星,Morning Star,看涨,2026-07-31,100,1.05,4.99,8.01,18,是
601888,中国中免,上证,月线,看涨吞没,Bullish Engulfing,看涨,2026-07-31,100,1.51,58.01,8.01,2,是
000819,岳阳兴长,深证,周线,看涨吞没,Bullish Engulfing,看涨,2026-07-31,100,0.72,12.01,8,3,是
001338,永顺泰,深证,周线,看涨吞没,Bullish Engulfing,看涨,2026-07-31,100,0.53,8.77,8,0,是
600782,新钢股份,上证,周线,看涨吞没,Bullish Engulfing,看涨,2026-07-31,98.9,1.04,2.97,8,0,否
601689,拓普集团,上证,周线,启明星,Morning Star,看涨,2026-08-07,100,0.85,50.38,8,3,是
300838,浙江力诺,创业,周线,看涨吞没,Bullish Engulfing,看涨,2026-07-31,100,0.72,12.3,7.99,0,是
600128,苏豪弘业,上证,周线,看涨吞没,Bullish Engulfing,看涨,2026-07-31,100,0.78,7.84,7.99,0,是
600993,马应龙,上证,周线,看涨吞没,Bullish Engulfing,看涨,2026-07-31,100,1.63,25.01,7.99,0,是
002427,尤夫股份,深证,周线,看涨吞没,Bullish Engulfing,看涨,2026-07-31,100,0.51,4.2,7.97,6,是
002595,豪迈科技,深证,周线,看涨吞没,Bullish Engulfing,看涨,2026-07-24,100,1.18,49.43,7.97,2,是
002595,豪迈科技,深证,周线,启明星,Morning Star,看涨,2026-07-24,100,1.18,49.43,7.97,2,是
002835,同为股份,深证,月线,启明星,Morning Star,看涨,2026-08-14,100,0.3,12.74,7.97,0,是
300979,华利集团,创业,周线,看涨吞没,Bullish Engulfing,看涨,2026-07-17,98,1.32,32.5,7.97,0,否
301281,科源制药,创业,日线,看涨吞没,Bullish Engulfing,看涨,2026-08-11,89.7,1.04,43.9,7.97,0,否
605090,九丰能源,上证,周线,看涨吞没,Bullish Engulfing,看涨,2026-08-07,100,0.57,34.42,7.97,6,否
002896,中大力德,深证,日线,看涨吞没,Bullish Engulfing,看涨,2026-08-11,95.3,2.32,83,7.96,8,否
002374,中锐股份,深证,周线,看涨吞没,Bullish Engulfing,看涨,2026-08-07,100,0.79,3.26,7.95,11,否
300311,任子行,创业,周线,看涨吞没,Bullish Engulfing,看涨,2026-07-31,100,1.04,5.43,7.95,1,是
603586,金麒麟,上证,周线,看涨吞没,Bullish Engulfing,看涨,2026-07-31,83,0.47,12.9,7.95,1,否
603858,步长制药,上证,月线,看涨吞没,Bullish Engulfing,看涨,2026-07-31,100,1.44,15.76,7.95,0,是
300124,汇川技术,创业,周线,看涨吞没,Bullish Engulfing,看涨,2026-07-31,100,0.91,64.06,7.94,0,否
300124,汇川技术,创业,周线,启明星,Morning Star,看涨,2026-07-31,100,0.91,64.06,7.94,0,否
000036,华联控股,深证,周线,看涨吞没,Bullish Engulfing,看涨,2026-08-07,100,0.74,4.22,7.93,11,是
000036,华联控股,深证,周线,启明星,Morning Star,看涨,2026-08-07,100,0.74,4.22,7.93,11,是
300003,乐普医疗,创业,周线,看涨吞没,Bullish Engulfing,看涨,2026-07-31,100,1.2,13.07,7.93,1,是
300149,睿智医药,创业,周线,看涨吞没,Bullish Engulfing,看涨,2026-07-17,100,3.2,9.66,7.93,3,是
600698,湖南天雁,上证,周线,看涨吞没,Bullish Engulfing,看涨,2026-08-14,100,2.41,7.08,7.93,7,否
300017,网宿科技,创业,周线,看涨吞没,Bullish Engulfing,看涨,2026-07-31,87.7,0.76,14.03,7.92,3,否
300841,康华生物,创业,周线,看涨吞没,Bullish Engulfing,看涨,2026-07-31,100,0.9,46.25,7.91,0,是
603207,小方制药,上证,月线,看涨吞没,Bullish Engulfing,看涨,2026-08-14,100,0.32,24,7.91,0,是
000501,武商集团,深证,周线,看涨吞没,Bullish Engulfing,看涨,2026-07-31,100,1.22,7.24,7.9,1,是
301152,天力锂能,创业,周线,启明星,Morning Star,看涨,2026-07-31,94.6,0.99,20.62,7.9,0,否
600563,法拉电子,上证,周线,看涨吞没,Bullish Engulfing,看涨,2026-07-31,100,0.62,136.88,7.9,5,否
603117,万林物流,上证,周线,看涨吞没,Bullish Engulfing,看涨,2026-07-31,86.1,0.69,3.55,7.9,2,否
300131,英唐智控,创业,日线,看涨吞没,Bullish Engulfing,看涨,2026-08-12,100,1.59,16.82,7.89,3,是
300394,天孚通信,创业,日线,启明星,Morning Star,看涨,2026-08-12,100,1.08,240.05,7.89,1,是
600192,长城电工,上证,周线,启明星,Morning Star,看涨,2026-07-31,100,1.15,6.56,7.89,12,是
600692,亚通股份,上证,周线,看涨吞没,Bullish Engulfing,看涨,2026-07-31,100,0.75,5.74,7.89,0,是
603030,全筑股份,上证,月线,看涨吞没,Bullish Engulfing,看涨,2026-08-14,100,0.3,2.05,7.89,8,是
002130,沃尔核材,深证,周线,启明星,Morning Star,看涨,2026-07-31,100,1.04,16.7,7.88,3,是
002881,美格智能,深证,周线,看涨吞没,Bullish Engulfing,看涨,2026-07-17,100,1.68,40.68,7.88,6,是
301212,联盛化学,创业,周线,启明星,Morning Star,看涨,2026-08-07,100,0.72,21.91,7.88,0,是
600012,皖通高速,上证,月线,看涨吞没,Bullish Engulfing,看涨,2026-07-31,100,1.27,17,7.87,0,否
600586,金晶科技,上证,周线,启明星,Morning Star,看涨,2026-07-31,100,0.36,4.25,7.87,6,否
600784,鲁银投资,上证,日线,看涨吞没,Bullish Engulfing,看涨,2026-08-10,100,2.32,8.22,7.87,3,是
000066,中国长城,深证,周线,看涨吞没,Bullish Engulfing,看涨,2026-08-07,83.1,0.62,14.82,7.86,8,否
002455,百川股份,深证,周线,看涨吞没,Bullish Engulfing,看涨,2026-07-31,100,0.53,6.46,7.85,12,是
002455,百川股份,深证,周线,启明星,Morning Star,看涨,2026-07-31,100,0.53,6.46,7.85,12,是
300345,华民股份,创业,日线,看涨吞没,Bullish Engulfing,看涨,2026-08-14,100,2.05,7.42,7.85,3,是
600503,华丽家族,上证,周线,看涨吞没,Bullish Engulfing,看涨,2026-07-31,100,0.68,2.06,7.85,6,是
601512,中新集团,上证,周线,看涨吞没,Bullish Engulfing,看涨,2026-07-31,91.4,0.46,7.98,7.84,5,否
002535,林州重机,深证,月线,启明星,Morning Star,看涨,2026-08-14,100,0.28,2.48,7.83,1,是
002602,世纪华通,深证,月线,看涨吞没,Bullish Engulfing,看涨,2026-08-14,100,0.4,14.6,7.83,0,是
300082,奥克股份,创业,周线,启明星,Morning Star,看涨,2026-07-31,100,0.49,7.57,7.83,1,是
601929,吉视传媒,上证,周线,启明星,Morning Star,看涨,2026-07-31,100,1.01,2.34,7.83,13,否
002076,星光股份,深证,周线,看涨吞没,Bullish Engulfing,看涨,2026-07-31,78.9,0.83,1.93,7.82,0,否
300970,华绿生物,创业,周线,看涨吞没,Bullish Engulfing,看涨,2026-07-31,100,0.63,16.14,7.82,1,是
301617,博苑新材,创业,周线,看涨吞没,Bullish Engulfing,看涨,2026-08-07,100,0.48,48.65,7.82,1,否
603836,海程邦达,上证,周线,看涨吞没,Bullish Engulfing,看涨,2026-07-31,89,1.29,8.55,7.82,0,否
000812,陕西金叶,深证,周线,看涨吞没,Bullish Engulfing,看涨,2026-07-31,100,1.53,3.45,7.81,1,是
002284,亚太股份,深证,周线,看涨吞没,Bullish Engulfing,看涨,2026-07-31,100,1.03,9.39,7.81,1,否
002284,亚太股份,深证,周线,启明星,Morning Star,看涨,2026-07-31,100,1.03,9.39,7.81,1,否
300854,中兰环保,创业,周线,看涨吞没,Bullish Engulfing,看涨,2026-07-31,99.4,1.58,15.46,7.81,1,否
000020,深华发Ａ,深证,周线,看涨吞没,Bullish Engulfing,看涨,2026-07-31,100,0.57,10.5,7.8,8,是
000020,深华发Ａ,深证,周线,启明星,Morning Star,看涨,2026-07-31,100,0.57,10.5,7.8,8,是
002840,华统股份,深证,月线,启明星,Morning Star,看涨,2026-08-14,100,0.54,8.29,7.8,3,是
300264,佳创视讯,创业,周线,启明星,Morning Star,看涨,2026-08-07,100,0.67,6.77,7.8,2,否
301233,盛帮股份,创业,周线,看涨吞没,Bullish Engulfing,看涨,2026-07-31,83.6,0.75,30.4,7.8,0,否
601226,华电科工,上证,周线,看涨吞没,Bullish Engulfing,看涨,2026-07-31,100,0.55,6.08,7.8,4,否
601226,华电科工,上证,周线,启明星,Morning Star,看涨,2026-07-31,100,0.55,6.08,7.8,4,否
603028,赛福天,上证,周线,看涨吞没,Bullish Engulfing,看涨,2026-07-31,88.7,0.63,6.36,7.8,3,否
300142,沃森生物,创业,月线,看涨吞没,Bullish Engulfing,看涨,2026-08-14,100,0.82,13.28,7.79,0,是
000006,深振业Ａ,深证,周线,看涨吞没,Bullish Engulfing,看涨,2026-07-31,100,0.89,6.52,7.77,9,是
600480,凌云股份,上证,周线,启明星,Morning Star,看涨,2026-07-31,100,0.56,8.88,7.77,4,否
601882,海天精工,上证,月线,启明星,Morning Star,看涨,2026-05-29,100,2.07,21.64,7.77,1,是
688667,菱电电控,科创,周线,看涨吞没,Bullish Engulfing,看涨,2026-08-07,92.1,0.5,89.69,7.77,1,否
000155,川能动力,深证,周线,看涨吞没,Bullish Engulfing,看涨,2026-07-24,100,0.96,11.66,7.76,4,否
000155,川能动力,深证,周线,启明星,Morning Star,看涨,2026-07-24,100,0.96,11.66,7.76,4,否
002244,滨江集团,深证,周线,看涨吞没,Bullish Engulfing,看涨,2026-08-14,100,1.39,9.16,7.76,2,是
002259,升达林业,深证,周线,看涨吞没,Bullish Engulfing,看涨,2026-07-31,100,0.68,3.75,7.76,5,是
600536,中国软件,上证,周线,看涨吞没,Bullish Engulfing,看涨,2026-07-31,98.9,1.4,32.93,7.76,3,否
688273,麦澜德,科创,周线,启明星,Morning Star,看涨,2026-08-07,100,0.55,31.25,7.76,2,否
688400,凌云光,科创,月线,看涨吞没,Bullish Engulfing,看涨,2026-06-30,100,1.71,66.2,7.76,1,否
300215,电科院,创业,周线,看涨吞没,Bullish Engulfing,看涨,2026-07-31,100,0.46,6.12,7.75,2,否
300471,厚普股份,创业,周线,看涨吞没,Bullish Engulfing,看涨,2026-07-31,95.3,0.51,9.31,7.75,0,否
000605,渤海股份,深证,周线,看涨吞没,Bullish Engulfing,看涨,2026-07-31,98.7,0.81,5.57,7.74,0,是
001306,夏厦精密,深证,周线,看涨吞没,Bullish Engulfing,看涨,2026-07-31,86.4,0.76,48.58,7.74,2,否
001324,长青科技,深证,周线,启明星,Morning Star,看涨,2026-07-31,100,0.61,19.2,7.74,0,是
002295,精艺股份,深证,周线,看涨吞没,Bullish Engulfing,看涨,2026-07-31,98.5,0.76,8.07,7.74,7,是
002353,杰瑞股份,深证,周线,看涨吞没,Bullish Engulfing,看涨,2026-08-07,91.9,0.8,145.12,7.74,9,否
300266,兴源环境,创业,周线,看涨吞没,Bullish Engulfing,看涨,2026-07-31,100,0.73,1.81,7.74,1,是
300371,汇中股份,创业,月线,看涨吞没,Bullish Engulfing,看涨,2026-08-14,100,0.29,10.3,7.74,0,是
300453,三鑫医疗,创业,月线,看涨吞没,Bullish Engulfing,看涨,2026-07-31,100,0.94,9.74,7.74,0,是
301332,德尔玛,创业,周线,看涨吞没,Bullish Engulfing,看涨,2026-07-31,86.6,1.12,8.07,7.74,0,否
603086,先达股份,上证,周线,看涨吞没,Bullish Engulfing,看涨,2026-07-31,100,0.9,5.43,7.74,0,是
002133,广宇集团,深证,周线,看涨吞没,Bullish Engulfing,看涨,2026-07-31,84.6,0.73,2.51,7.73,2,否
601186,中国铁建,上证,月线,看涨吞没,Bullish Engulfing,看涨,2026-07-31,94.2,1.07,6.41,7.73,0,否
603082,北自科技,上证,周线,看涨吞没,Bullish Engulfing,看涨,2026-07-31,100,1.57,36.52,7.73,8,是
002383,合众思壮,深证,周线,看涨吞没,Bullish Engulfing,看涨,2026-07-31,100,0.68,6.84,7.72,3,是
002383,合众思壮,深证,周线,启明星,Morning Star,看涨,2026-07-31,100,0.68,6.84,7.72,3,是
002942,新农股份,深证,周线,看涨吞没,Bullish Engulfing,看涨,2026-07-31,83.5,0.84,14.51,7.72,3,否
001366,播恩集团,深证,周线,看涨吞没,Bullish Engulfing,看涨,2026-07-31,99.5,0.56,11.03,7.71,4,是
002319,乐通股份,深证,月线,看涨吞没,Bullish Engulfing,看涨,2026-08-14,100,0.99,10.9,7.71,4,是
300614,百川畅银,创业,周线,看涨吞没,Bullish Engulfing,看涨,2026-07-31,100,0.79,9.5,7.71,0,是
688729,屹唐股份,科创,月线,启明星,Morning Star,看涨,2026-05-29,100,1.23,25.43,7.71,2,否
002412,汉森制药,深证,周线,看涨吞没,Bullish Engulfing,看涨,2026-08-07,100,1.87,7.27,7.7,4,否
002285,世联行,深证,周线,看涨吞没,Bullish Engulfing,看涨,2026-07-31,100,0.68,2.1,7.69,7,是
300486,东杰智能,创业,月线,看涨吞没,Bullish Engulfing,看涨,2026-05-29,100,0.57,24.94,7.69,6,是
300880,迦南智能,创业,周线,启明星,Morning Star,看涨,2026-08-07,100,0.49,19.32,7.69,1,否
300980,祥源新材,创业,周线,启明星,Morning Star,看涨,2026-08-07,100,0.92,21.99,7.69,1,否
600353,旭光电子,上证,日线,看涨吞没,Bullish Engulfing,看涨,2026-08-11,100,1.55,29.4,7.69,16,是
688348,昱能科技,科创,周线,看涨吞没,Bullish Engulfing,看涨,2026-07-31,100,0.49,32.06,7.69,0,是
688348,昱能科技,科创,周线,启明星,Morning Star,看涨,2026-07-31,100,0.49,32.06,7.69,0,是
301519,舜禹股份,创业,周线,看涨吞没,Bullish Engulfing,看涨,2026-07-31,84.9,0.94,10.93,7.68,0,否
600199,金种子酒,上证,月线,看涨吞没,Bullish Engulfing,看涨,2026-05-29,100,1.31,8.55,7.68,4,是
601567,三星电气,上证,周线,启明星,Morning Star,看涨,2026-07-24,100,1.11,15,7.68,4,是
002205,国统股份,深证,周线,看涨吞没,Bullish Engulfing,看涨,2026-07-31,100,0.69,9.83,7.67,3,是
300770,新媒股份,创业,周线,看涨吞没,Bullish Engulfing,看涨,2026-07-31,100,1.17,35.37,7.67,0,是
000560,我爱我家,深证,周线,看涨吞没,Bullish Engulfing,看涨,2026-07-31,100,0.76,2.25,7.66,3,否
601963,重庆银行,上证,周线,看涨吞没,Bullish Engulfing,看涨,2026-07-17,100,1.36,10.54,7.66,0,是
688579,地纬智能,科创,周线,看涨吞没,Bullish Engulfing,看涨,2026-07-31,87.6,0.99,7.73,7.66,0,否
300578,会畅科技,创业,周线,看涨吞没,Bullish Engulfing,看涨,2026-07-31,100,0.73,15.2,7.65,1,否
300578,会畅科技,创业,周线,启明星,Morning Star,看涨,2026-07-31,96.6,0.73,15.2,7.65,1,否
688658,悦康药业,科创,周线,启明星,Morning Star,看涨,2026-08-07,100,1.09,13.22,7.65,0,否
301318,维海德,创业,周线,看涨吞没,Bullish Engulfing,看涨,2026-07-31,100,1.01,20,7.64,0,是
300039,上海凯宝,创业,周线,看涨吞没,Bullish Engulfing,看涨,2026-07-31,100,3.82,5.5,7.63,0,是
300296,利亚德,创业,周线,看涨吞没,Bullish Engulfing,看涨,2026-07-31,100,0.38,5.36,7.63,0,是
600776,东方通信,上证,周线,看涨吞没,Bullish Engulfing,看涨,2026-07-31,100,0.57,12.41,7.63,9,是
600776,东方通信,上证,周线,启明星,Morning Star,看涨,2026-07-31,100,0.57,12.41,7.63,9,是
688325,赛微微电,科创,周线,看涨吞没,Bullish Engulfing,看涨,2026-08-07,100,0.44,109.77,7.63,2,是
300319,麦捷科技,创业,日线,看涨吞没,Bullish Engulfing,看涨,2026-08-11,100,1.99,17.79,7.62,1,是
300967,晓鸣股份,创业,日线,看涨吞没,Bullish Engulfing,看涨,2026-08-10,100,2.52,16.39,7.62,0,是
600739,辽宁成大,上证,月线,看涨吞没,Bullish Engulfing,看涨,2026-07-31,100,1.28,10.88,7.62,0,是
300707,威唐工业,创业,周线,看涨吞没,Bullish Engulfing,看涨,2026-07-31,100,0.72,11.45,7.61,0,否
688790,昂瑞微,科创,日线,看涨吞没,Bullish Engulfing,看涨,2026-08-14,98.7,1.98,105.46,7.61,0,是
002683,广东宏大,深证,周线,启明星,Morning Star,看涨,2026-07-31,100,0.92,28.04,7.6,0,是
300903,科翔股份,创业,日线,看涨吞没,Bullish Engulfing,看涨,2026-08-11,100,1.49,75.3,7.6,5,是
300051,琏升科技,创业,日线,看涨吞没,Bullish Engulfing,看涨,2026-08-11,100,3.22,8.93,7.59,3,是
300551,古鳌科技,创业,月线,看涨吞没,Bullish Engulfing,看涨,2026-08-14,100,0.24,10.06,7.59,1,是
301584,建发致新,创业,周线,看涨吞没,Bullish Engulfing,看涨,2026-07-17,100,3.54,22.1,7.59,1,否
000877,天山股份,深证,周线,看涨吞没,Bullish Engulfing,看涨,2026-07-31,100,1.1,3.83,7.58,2,否
002756,永兴材料,深证,周线,看涨吞没,Bullish Engulfing,看涨,2026-08-07,100,0.66,48.54,7.58,7,否
600990,四创电子,上证,月线,看涨吞没,Bullish Engulfing,看涨,2026-08-14,100,0.23,18.6,7.58,6,否
688560,明冠新材,科创,周线,启明星,Morning Star,看涨,2026-07-31,100,0.73,11.22,7.57,2,是
300019,硅宝科技,创业,月线,看涨吞没,Bullish Engulfing,看涨,2026-06-30,100,0.62,19.06,7.56,0,否
300653,正海生物,创业,月线,看涨吞没,Bullish Engulfing,看涨,2026-08-14,100,0.44,15.36,7.56,0,否
300653,正海生物,创业,月线,启明星,Morning Star,看涨,2026-08-14,100,0.44,15.36,7.56,0,否
300467,迅游科技,创业,日线,看涨吞没,Bullish Engulfing,看涨,2026-08-14,100,2.22,38.32,7.55,0,是
300566,激智科技,创业,日线,看涨吞没,Bullish Engulfing,看涨,2026-08-12,100,1.18,28.65,7.55,1,是
603368,柳药集团,上证,周线,看涨吞没,Bullish Engulfing,看涨,2026-08-14,100,2.98,16.81,7.55,0,否
300279,和晶科技,创业,周线,看涨吞没,Bullish Engulfing,看涨,2026-07-31,86.2,0.67,5.28,7.54,1,否
300901,中胤时尚,创业,日线,看涨吞没,Bullish Engulfing,看涨,2026-08-14,93,0.84,16.98,7.54,0,是
600985,淮北矿业,上证,月线,看涨吞没,Bullish Engulfing,看涨,2026-07-31,100,1.25,15.11,7.54,2,否
002623,亚玛顿,深证,周线,启明星,Morning Star,看涨,2026-07-31,96.1,0.59,14.86,7.53,7,否
300541,先进数通,创业,周线,看涨吞没,Bullish Engulfing,看涨,2026-07-31,100,1.07,10.57,7.53,0,否
600592,龙溪股份,上证,周线,看涨吞没,Bullish Engulfing,看涨,2026-07-31,93,0.71,13.72,7.52,8,否
603800,洪田股份,上证,日线,看涨吞没,Bullish Engulfing,看涨,2026-08-14,77.6,0.95,68.81,7.52,13,否
300094,国联水产,创业,周线,看涨吞没,Bullish Engulfing,看涨,2026-07-31,100,0.98,2.72,7.51,1,是
300473,德尔股份,创业,周线,启明星,Morning Star,看涨,2026-08-07,100,0.76,22.32,7.51,0,否
300801,泰和科技,创业,周线,看涨吞没,Bullish Engulfing,看涨,2026-08-07,100,1.13,24.04,7.51,2,是
600052,东望时代,上证,月线,启明星,Morning Star,看涨,2026-08-14,100,0.33,4.01,7.51,5,是
688562,航天软件,科创,周线,看涨吞没,Bullish Engulfing,看涨,2026-07-31,88.5,0.7,13.88,7.51,0,否
003032,传智教育,深证,周线,看涨吞没,Bullish Engulfing,看涨,2026-07-17,100,3.27,5.59,7.5,9,是
300122,智飞生物,创业,周线,看涨吞没,Bullish Engulfing,看涨,2026-07-31,100,1.04,13.04,7.5,0,是
301027,华蓝集团,创业,周线,启明星,Morning Star,看涨,2026-08-07,100,0.62,20.07,7.5,0,否
603248,锡华科技,上证,周线,看涨吞没,Bullish Engulfing,看涨,2026-07-31,100,0.38,18.64,7.5,7,否
603248,锡华科技,上证,周线,启明星,Morning Star,看涨,2026-07-31,96.4,0.38,18.64,7.5,7,否
002080,中材科技,深证,日线,看涨吞没,Bullish Engulfing,看涨,2026-08-14,93.7,1.05,59.93,7.48,19,是
603878,武进不锈,上证,周线,看涨吞没,Bullish Engulfing,看涨,2026-07-31,87.2,0.91,4.74,7.48,9,否
002347,泰尔股份,深证,月线,看涨吞没,Bullish Engulfing,看涨,2026-08-14,100,0.17,6.04,7.47,8,是
002590,万安科技,深证,周线,看涨吞没,Bullish Engulfing,看涨,2026-07-31,96.6,0.65,9.35,7.47,1,否
002590,万安科技,深证,周线,启明星,Morning Star,看涨,2026-07-31,100,0.65,9.35,7.47,1,否
603273,天元智能,上证,周线,看涨吞没,Bullish Engulfing,看涨,2026-07-31,89.5,0.93,13.53,7.47,2,否
603585,苏利股份,上证,周线,看涨吞没,Bullish Engulfing,看涨,2026-07-31,100,0.61,9.93,7.47,7,否
002121,科陆电子,深证,周线,启明星,Morning Star,看涨,2026-07-31,100,0.66,5.04,7.46,3,是
002469,三维化学,深证,周线,看涨吞没,Bullish Engulfing,看涨,2026-07-31,88.7,0.41,5.76,7.46,1,否
300437,清水源,创业,周线,看涨吞没,Bullish Engulfing,看涨,2026-07-31,100,0.55,10.52,7.46,5,是
300437,清水源,创业,周线,启明星,Morning Star,看涨,2026-07-31,100,0.55,10.52,7.46,5,是
301633,港迪技术,创业,日线,看涨吞没,Bullish Engulfing,看涨,2026-08-10,100,1.34,60.93,7.46,0,是
300031,宝通科技,创业,周线,看涨吞没,Bullish Engulfing,看涨,2026-07-31,95.6,1.01,19.33,7.45,0,是
600867,通化东宝,上证,周线,看涨吞没,Bullish Engulfing,看涨,2026-07-31,100,0.72,8.37,7.45,1,是
601000,唐山港,上证,周线,看涨吞没,Bullish Engulfing,看涨,2026-07-17,100,0.92,4.47,7.45,0,否
300214,日科化学,创业,周线,看涨吞没,Bullish Engulfing,看涨,2026-08-07,100,2.7,12.56,7.44,3,是
300256,星星科技,创业,周线,启明星,Morning Star,看涨,2026-07-31,100,1.02,2.6,7.44,0,否
600383,金地集团,上证,周线,看涨吞没,Bullish Engulfing,看涨,2026-07-31,100,0.96,2.31,7.44,0,是
688203,海正生材,科创,周线,看涨吞没,Bullish Engulfing,看涨,2026-07-31,84.5,0.83,9.4,7.43,1,否
002984,森麒麟,深证,周线,看涨吞没,Bullish Engulfing,看涨,2026-07-31,97.3,1.14,14.76,7.42,0,否
601399,国机重装,上证,周线,启明星,Morning Star,看涨,2026-07-31,100,0.92,3.33,7.42,7,是
603188,亚邦股份,上证,周线,看涨吞没,Bullish Engulfing,看涨,2026-07-31,100,0.79,3.91,7.42,7,是
600618,氯碱化工,上证,周线,看涨吞没,Bullish Engulfing,看涨,2026-07-31,100,0.69,10.44,7.41,4,是
688212,澳华内镜,科创,周线,看涨吞没,Bullish Engulfing,看涨,2026-07-31,100,1.16,27.25,7.41,0,是
688395,正弦电气,科创,周线,看涨吞没,Bullish Engulfing,看涨,2026-07-31,85.8,0.75,20.15,7.41,0,否
300652,雷迪克,创业,周线,启明星,Morning Star,看涨,2026-08-07,100,0.56,29.62,7.4,2,是
600088,中视传媒,上证,周线,看涨吞没,Bullish Engulfing,看涨,2026-07-31,100,0.54,11.46,7.4,3,是
688275,万润新能,科创,周线,看涨吞没,Bullish Engulfing,看涨,2026-08-07,100,0.69,80.8,7.4,1,是
300424,航新科技,创业,周线,看涨吞没,Bullish Engulfing,看涨,2026-07-31,100,0.93,13.66,7.39,0,否
301380,挖金客,创业,周线,看涨吞没,Bullish Engulfing,看涨,2026-07-31,100,1.77,30.67,7.39,1,否
600729,重百集团,上证,周线,看涨吞没,Bullish Engulfing,看涨,2026-07-31,100,1.53,21.22,7.39,1,否
002114,罗平锌电,深证,周线,启明星,Morning Star,看涨,2026-07-31,100,0.52,6.55,7.38,9,是
301063,海锅股份,创业,周线,看涨吞没,Bullish Engulfing,看涨,2026-07-31,100,0.62,16.44,7.38,0,是
600814,杭州解百,上证,周线,看涨吞没,Bullish Engulfing,看涨,2026-07-31,90.8,0.98,6.69,7.38,3,否
603366,日出东方,上证,周线,看涨吞没,Bullish Engulfing,看涨,2026-07-31,100,0.71,6.84,7.38,6,是
600271,航天信息,上证,周线,启明星,Morning Star,看涨,2026-07-31,100,0.99,6.99,7.37,4,是
600529,山东药玻,上证,周线,看涨吞没,Bullish Engulfing,看涨,2026-07-31,100,1.9,19.96,7.37,0,是
600981,苏豪汇鸿,上证,周线,看涨吞没,Bullish Engulfing,看涨,2026-07-31,100,0.75,2.33,7.37,6,是
000605,渤海股份,深证,月线,启明星,Morning Star,看涨,2026-08-14,100,0.25,5.98,7.36,0,是
002036,联创电子,深证,周线,看涨吞没,Bullish Engulfing,看涨,2026-08-07,100,1.39,7.29,7.36,7,是
600335,国机汽车,上证,周线,看涨吞没,Bullish Engulfing,看涨,2026-07-31,100,1.04,5.25,7.36,0,是
300314,戴维医疗,创业,周线,看涨吞没,Bullish Engulfing,看涨,2026-07-31,84.9,0.98,9.79,7.35,0,否
600280,中央商场,上证,周线,看涨吞没,Bullish Engulfing,看涨,2026-07-17,100,1.61,2.92,7.35,10,是
688009,中国通号,科创,月线,启明星,Morning Star,看涨,2026-07-31,100,1.18,5.11,7.35,0,否
002532,天山铝业,深证,周线,看涨吞没,Bullish Engulfing,看涨,2026-07-17,100,2.09,11.99,7.34,3,否
300015,爱尔眼科,创业,周线,看涨吞没,Bullish Engulfing,看涨,2026-07-31,100,1.08,9.08,7.33,0,否
000069,华侨城Ａ,深证,周线,看涨吞没,Bullish Engulfing,看涨,2026-07-31,100,1.05,1.76,7.32,2,是
603583,捷昌驱动,上证,周线,看涨吞没,Bullish Engulfing,看涨,2026-07-31,91.1,0.71,24.62,7.32,1,否
688058,宝兰德,科创,月线,启明星,Morning Star,看涨,2026-08-14,100,0.33,23.15,7.32,0,是
002507,涪陵榨菜,深证,周线,看涨吞没,Bullish Engulfing,看涨,2026-07-31,100,1.5,12.19,7.31,0,是
300796,贝斯美,创业,周线,看涨吞没,Bullish Engulfing,看涨,2026-07-31,86.9,0.72,6.46,7.31,0,否
300869,康泰医学,创业,周线,看涨吞没,Bullish Engulfing,看涨,2026-07-31,98.9,0.98,11.01,7.31,0,是
301268,铭利达,创业,周线,看涨吞没,Bullish Engulfing,看涨,2026-07-31,96.5,0.79,12.77,7.31,0,否
600103,青山纸业,上证,周线,看涨吞没,Bullish Engulfing,看涨,2026-07-31,100,0.49,2.79,7.31,15,是
600103,青山纸业,上证,周线,启明星,Morning Star,看涨,2026-07-31,100,0.49,2.79,7.31,15,是
603112,华翔股份,上证,周线,看涨吞没,Bullish Engulfing,看涨,2026-07-31,100,0.7,14.54,7.31,0,是
688722,同益中,科创,周线,看涨吞没,Bullish Engulfing,看涨,2026-07-31,83.5,0.7,13.95,7.31,1,否
000786,北新建材,深证,周线,看涨吞没,Bullish Engulfing,看涨,2026-07-17,98.4,1.56,18.53,7.3,0,否
002819,东方中科,深证,周线,看涨吞没,Bullish Engulfing,看涨,2026-07-31,100,1.01,20.42,7.3,1,否
002819,东方中科,深证,周线,启明星,Morning Star,看涨,2026-07-31,100,1.01,20.42,7.3,1,否
003008,开普检测,深证,周线,看涨吞没,Bullish Engulfing,看涨,2026-07-31,83.5,0.6,17.5,7.3,1,否
300231,银信科技,创业,周线,看涨吞没,Bullish Engulfing,看涨,2026-07-31,100,1.09,8.54,7.29,1,是
603069,海汽集团,上证,周线,看涨吞没,Bullish Engulfing,看涨,2026-07-31,100,0.66,12.8,7.29,7,否
688536,思瑞浦,科创,日线,看涨吞没,Bullish Engulfing,看涨,2026-08-11,100,1.22,266.09,7.29,0,是
000031,大悦城,深证,周线,启明星,Morning Star,看涨,2026-07-31,100,0.97,2.21,7.28,3,否
002651,利君股份,深证,周线,启明星,Morning Star,看涨,2026-07-31,100,1.22,7.81,7.28,3,是
002786,银宝山新,深证,月线,启明星,Morning Star,看涨,2026-05-29,100,1.23,8.41,7.27,3,是
300608,思特奇,创业,月线,看涨吞没,Bullish Engulfing,看涨,2026-08-14,100,0.36,10.63,7.27,2,是
002578,闽发铝业,深证,周线,启明星,Morning Star,看涨,2026-07-31,100,0.57,2.96,7.25,10,是
300951,博硕科技,创业,日线,看涨吞没,Bullish Engulfing,看涨,2026-08-14,100,1.21,75.71,7.25,0,否
688085,三友医疗,科创,月线,启明星,Morning Star,看涨,2026-08-14,100,0.62,13.75,7.25,0,否
002221,东华能源,深证,周线,看涨吞没,Bullish Engulfing,看涨,2026-07-31,100,0.92,5.63,7.24,0,否
002597,金禾实业,深证,月线,看涨吞没,Bullish Engulfing,看涨,2026-07-31,100,1.12,21.02,7.24,3,是
603396,金辰股份,上证,周线,看涨吞没,Bullish Engulfing,看涨,2026-07-31,100,0.65,23.71,7.24,6,否
603396,金辰股份,上证,周线,启明星,Morning Star,看涨,2026-07-31,95.8,0.65,23.71,7.24,6,否
603733,仙鹤股份,上证,周线,看涨吞没,Bullish Engulfing,看涨,2026-08-07,99.6,1.07,21.03,7.24,1,是
301137,哈焊华通,创业,周线,启明星,Morning Star,看涨,2026-07-31,100,0.86,31.45,7.23,2,是
601865,福莱特,上证,周线,启明星,Morning Star,看涨,2026-07-31,100,0.87,10.08,7.23,2,否
002265,建设工业,深证,周线,看涨吞没,Bullish Engulfing,看涨,2026-08-14,100,2.09,20.35,7.22,3,否
002272,川润股份,深证,日线,启明星,Morning Star,看涨,2026-08-12,100,1.35,15.74,7.22,18,否
301173,毓恬冠佳,创业,月线,看涨吞没,Bullish Engulfing,看涨,2026-08-14,100,0.31,31.8,7.22,0,否
600120,浙江东方,上证,周线,看涨吞没,Bullish Engulfing,看涨,2026-07-31,100,1.12,5.2,7.22,1,是
000869,张 裕Ａ,深证,周线,看涨吞没,Bullish Engulfing,看涨,2026-07-31,100,1.33,17.85,7.21,0,否
000888,峨眉山Ａ,深证,周线,看涨吞没,Bullish Engulfing,看涨,2026-07-31,100,0.89,9.81,7.21,1,是
002850,科达利,深证,日线,看涨吞没,Bullish Engulfing,看涨,2026-08-11,100,1.6,193.83,7.2,4,否
300808,久量股份,创业,周线,启明星,Morning Star,看涨,2026-08-07,100,0.73,18.18,7.19,0,否
301456,盘古智能,创业,月线,看涨吞没,Bullish Engulfing,看涨,2026-08-14,98.3,0.3,23.26,7.19,0,否
600149,廊坊发展,上证,周线,看涨吞没,Bullish Engulfing,看涨,2026-07-31,100,0.42,4.62,7.19,4,是
688285,XD高铁电,科创,周线,看涨吞没,Bullish Engulfing,看涨,2026-07-31,100,0.71,7.16,7.19,0,是
002382,蓝帆医疗,深证,周线,看涨吞没,Bullish Engulfing,看涨,2026-07-31,100,0.94,5.82,7.18,4,否
300696,爱乐达,创业,周线,看涨吞没,Bullish Engulfing,看涨,2026-08-07,100,0.76,20.6,7.18,0,否
300817,双飞集团,创业,周线,看涨吞没,Bullish Engulfing,看涨,2026-07-31,88.8,0.67,14.63,7.18,0,否
605500,森林包装,上证,周线,看涨吞没,Bullish Engulfing,看涨,2026-07-31,100,0.61,6.57,7.18,1,否
688533,上声电子,科创,周线,看涨吞没,Bullish Engulfing,看涨,2026-07-31,97.4,0.57,21.34,7.18,0,否
002958,青农商行,深证,周线,看涨吞没,Bullish Engulfing,看涨,2026-07-17,100,1.76,2.99,7.17,0,是
300349,金卡智能,创业,周线,看涨吞没,Bullish Engulfing,看涨,2026-07-31,100,0.55,10.16,7.17,1,是
301135,瑞德智能,创业,周线,看涨吞没,Bullish Engulfing,看涨,2026-07-31,100,0.8,15.25,7.17,0,是
600846,同济科技,上证,日线,看涨吞没,Bullish Engulfing,看涨,2026-08-10,100,1.64,12.85,7.17,5,是
601619,嘉泽新能,上证,日线,看涨吞没,Bullish Engulfing,看涨,2026-08-11,100,2.77,4.93,7.17,9,是
300958,建工修复,创业,周线,看涨吞没,Bullish Engulfing,看涨,2026-07-31,99.6,1.02,11.23,7.16,0,是
688223,晶科能源,科创,周线,启明星,Morning Star,看涨,2026-07-31,100,0.57,4.34,7.16,2,否
300052,中青宝,创业,日线,看涨吞没,Bullish Engulfing,看涨,2026-08-14,100,2.07,11.84,7.15,3,是
603017,中衡设计,上证,周线,看涨吞没,Bullish Engulfing,看涨,2026-07-31,94.9,0.27,8.99,7.15,13,否
603707,健友股份,上证,周线,看涨吞没,Bullish Engulfing,看涨,2026-07-31,100,1.06,8.09,7.15,0,是
605296,神农集团,上证,周线,看涨吞没,Bullish Engulfing,看涨,2026-07-17,100,1.59,30.89,7.15,2,否
000926,福星股份,深证,周线,看涨吞没,Bullish Engulfing,看涨,2026-07-31,100,0.76,2.1,7.14,4,是
603590,康辰药业,上证,周线,看涨吞没,Bullish Engulfing,看涨,2026-07-17,100,2.6,34.21,7.14,4,是
002564,天沃科技,深证,周线,启明星,Morning Star,看涨,2026-07-31,100,0.87,4.36,7.13,3,是
600129,太极集团,上证,周线,看涨吞没,Bullish Engulfing,看涨,2026-07-31,100,1.94,15.78,7.13,2,是
600129,太极集团,上证,周线,启明星,Morning Star,看涨,2026-07-31,100,1.94,15.78,7.13,2,是
603638,艾迪精密,上证,月线,看涨吞没,Bullish Engulfing,看涨,2026-06-30,100,2.45,23.45,7.13,2,否
000799,酒鬼酒,深证,月线,看涨吞没,Bullish Engulfing,看涨,2026-05-29,100,0.92,45.74,7.12,5,是
605138,盛泰集团,上证,周线,看涨吞没,Bullish Engulfing,看涨,2026-07-31,96.9,0.89,5.57,7.12,4,否
301320,豪江智能,创业,周线,看涨吞没,Bullish Engulfing,看涨,2026-07-31,85.7,0.83,12.06,7.1,0,否
600295,鄂尔多斯,上证,周线,看涨吞没,Bullish Engulfing,看涨,2026-07-17,100,1.22,12.37,7.1,2,否
603329,上海雅仕,上证,月线,启明星,Morning Star,看涨,2026-08-14,100,0.39,10.26,7.1,2,否
300842,帝科股份,创业,日线,看涨吞没,Bullish Engulfing,看涨,2026-08-12,100,1.09,61.92,7.09,2,否
301116,益客食品,创业,月线,启明星,Morning Star,看涨,2026-08-14,100,0.37,9.51,7.09,1,是
301259,艾布鲁,创业,周线,启明星,Morning Star,看涨,2026-08-07,100,1.11,23.7,7.09,2,是
002985,北摩高科,深证,周线,看涨吞没,Bullish Engulfing,看涨,2026-07-31,100,0.7,25.57,7.08,6,是
002985,北摩高科,深证,周线,启明星,Morning Star,看涨,2026-07-31,100,0.7,25.57,7.08,6,是
300143,盈康生命,创业,周线,看涨吞没,Bullish Engulfing,看涨,2026-07-31,94.9,1.03,7.41,7.08,0,否
300509,新美星,创业,周线,看涨吞没,Bullish Engulfing,看涨,2026-07-31,89.4,0.99,8.02,7.08,1,否
300738,奥飞数据,创业,日线,看涨吞没,Bullish Engulfing,看涨,2026-08-14,87.4,1.58,23.75,7.08,0,否
301170,锡南科技,创业,月线,看涨吞没,Bullish Engulfing,看涨,2026-08-14,100,0.27,23,7.08,0,是
600359,新农开发,上证,周线,看涨吞没,Bullish Engulfing,看涨,2026-07-31,89,0.66,5.9,7.08,1,否
605183,确成股份,上证,周线,看涨吞没,Bullish Engulfing,看涨,2026-07-31,87.6,0.53,14.53,7.07,0,否
002084,海鸥住工,深证,周线,看涨吞没,Bullish Engulfing,看涨,2026-07-31,100,0.78,3.49,7.06,9,是
301255,通力科技,创业,周线,看涨吞没,Bullish Engulfing,看涨,2026-07-31,100,0.38,19.26,7.06,1,是
300775,三角防务,创业,周线,启明星,Morning Star,看涨,2026-07-31,100,0.7,21.25,7.05,2,否
000061,农 产 品,深证,周线,看涨吞没,Bullish Engulfing,看涨,2026-07-31,100,1.14,5.93,7.04,7,是
600232,金鹰股份,上证,周线,看涨吞没,Bullish Engulfing,看涨,2026-07-31,93.8,0.79,5.78,7.04,3,否
601068,中铝国际,上证,周线,看涨吞没,Bullish Engulfing,看涨,2026-07-31,100,0.7,4.56,7.04,6,否
603126,中材节能,上证,周线,看涨吞没,Bullish Engulfing,看涨,2026-07-31,100,0.66,5.93,7.04,1,是
002836,新宏泽,深证,周线,看涨吞没,Bullish Engulfing,看涨,2026-07-31,98.5,0.84,8.83,7.03,6,是
600863,华能蒙电,上证,周线,看涨吞没,Bullish Engulfing,看涨,2026-07-24,100,1.88,4.88,7.02,6,是
603508,思维列控,上证,周线,看涨吞没,Bullish Engulfing,看涨,2026-07-31,100,1.01,23.16,7.02,2,否
603883,老百姓,上证,周线,看涨吞没,Bullish Engulfing,看涨,2026-07-31,100,1.22,12.81,7.02,1,是
603968,醋化股份,上证,周线,看涨吞没,Bullish Engulfing,看涨,2026-07-31,93.5,0.46,9.61,7.02,4,否
600436,片仔癀,上证,周线,看涨吞没,Bullish Engulfing,看涨,2026-07-31,100,1.82,139.44,7.01,1,是
688092,爱科科技,科创,月线,看涨吞没,Bullish Engulfing,看涨,2026-08-14,100,0.27,22.59,7.01,0,是
002170,芭田股份,深证,月线,看涨吞没,Bullish Engulfing,看涨,2026-07-31,89.2,0.69,11.62,7,1,否
002614,奥佳华,深证,周线,看涨吞没,Bullish Engulfing,看涨,2026-07-31,100,0.76,4.74,7,2,是
605259,绿田机械,上证,周线,看涨吞没,Bullish Engulfing,看涨,2026-07-31,100,0.35,18.18,7,0,否
300305,裕兴股份,创业,周线,看涨吞没,Bullish Engulfing,看涨,2026-07-31,100,0.47,5.05,6.99,1,是
300729,乐歌股份,创业,周线,看涨吞没,Bullish Engulfing,看涨,2026-07-31,89.4,0.72,10.25,6.99,0,否
300810,中科海讯,创业,周线,启明星,Morning Star,看涨,2026-07-31,100,0.82,23.58,6.99,2,是
002459,晶澳科技,深证,周线,启明星,Morning Star,看涨,2026-07-31,100,0.59,7.51,6.98,2,是
600300,维维股份,上证,周线,看涨吞没,Bullish Engulfing,看涨,2026-07-31,100,0.86,3.22,6.98,0,是
002988,豪美新材,深证,周线,看涨吞没,Bullish Engulfing,看涨,2026-07-31,100,0.71,20.26,6.97,6,是
300032,金龙机电,创业,周线,启明星,Morning Star,看涨,2026-07-31,100,0.59,3.53,6.97,0,是
300828,锐新科技,创业,日线,看涨吞没,Bullish Engulfing,看涨,2026-08-14,88.6,3.98,16.72,6.97,1,否
300701,森霸传感,创业,月线,看涨吞没,Bullish Engulfing,看涨,2026-08-14,100,0.21,9.68,6.96,1,是
300822,贝仕达克,创业,月线,看涨吞没,Bullish Engulfing,看涨,2026-08-14,100,0.54,11.83,6.96,0,是
300977,深圳瑞捷,创业,月线,看涨吞没,Bullish Engulfing,看涨,2026-08-14,100,0.27,15.99,6.96,0,是
600319,亚星化学,上证,周线,看涨吞没,Bullish Engulfing,看涨,2026-07-31,100,0.94,5.53,6.96,6,是
002063,远光软件,深证,周线,看涨吞没,Bullish Engulfing,看涨,2026-07-31,99.8,0.54,5.54,6.95,1,否
300445,康斯特,创业,周线,看涨吞没,Bullish Engulfing,看涨,2026-07-31,94.4,0.74,18.15,6.95,1,否
002155,湖南黄金,深证,月线,看涨吞没,Bullish Engulfing,看涨,2026-08-14,100,0.52,24.65,6.94,10,否
002432,九安医疗,深证,月线,看涨吞没,Bullish Engulfing,看涨,2026-08-14,100,1.2,73.21,6.94,18,是
600101,明星电力,上证,周线,看涨吞没,Bullish Engulfing,看涨,2026-07-17,89.2,0.58,8.48,6.94,0,否
002153,石基信息,深证,周线,看涨吞没,Bullish Engulfing,看涨,2026-08-14,100,3.01,8.79,6.93,7,是
002666,德联集团,深证,周线,看涨吞没,Bullish Engulfing,看涨,2026-07-31,100,0.8,4.01,6.93,2,是
002868,绿康生化,深证,周线,看涨吞没,Bullish Engulfing,看涨,2026-08-07,100,0.88,22.99,6.93,3,是
300232,洲明科技,创业,周线,看涨吞没,Bullish Engulfing,看涨,2026-07-31,100,0.57,5.09,6.93,0,是
600507,方大特钢,上证,周线,看涨吞没,Bullish Engulfing,看涨,2026-07-17,100,1.16,4.32,6.93,1,否
002801,微光股份,深证,周线,启明星,Morning Star,看涨,2026-07-31,100,0.48,27.82,6.92,0,否
300637,扬帆新材,创业,周线,看涨吞没,Bullish Engulfing,看涨,2026-07-31,97.5,1.7,8.03,6.92,1,否
603168,莎普爱思,上证,月线,启明星,Morning Star,看涨,2026-08-14,100,0.37,5.56,6.92,2,是
603518,锦泓集团,上证,周线,看涨吞没,Bullish Engulfing,看涨,2026-07-31,84.9,1.02,7.88,6.92,0,否
300575,中旗股份,创业,周线,看涨吞没,Bullish Engulfing,看涨,2026-08-14,100,1.13,5.88,6.91,0,是
300891,惠云钛业,创业,周线,启明星,Morning Star,看涨,2026-07-31,100,0.97,6.65,6.91,0,是
301449,天溯计量,创业,日线,看涨吞没,Bullish Engulfing,看涨,2026-08-10,100,2.59,40.82,6.91,2,是
600533,栖霞建设,上证,周线,看涨吞没,Bullish Engulfing,看涨,2026-07-31,90.7,0.65,2.01,6.91,0,否
600976,健民集团,上证,周线,启明星,Morning Star,看涨,2026-08-07,100,1.79,30.15,6.91,0,否
300891,惠云钛业,创业,日线,看涨吞没,Bullish Engulfing,看涨,2026-08-10,100,1.41,7.44,6.9,0,是
301575,艾芬达,创业,周线,看涨吞没,Bullish Engulfing,看涨,2026-07-31,100,1.2,26.8,6.9,0,是
600358,国旅联合,上证,月线,看涨吞没,Bullish Engulfing,看涨,2026-08-14,100,0.22,5.27,6.9,0,是
002351,漫步者,深证,周线,看涨吞没,Bullish Engulfing,看涨,2026-07-31,87.1,1.01,10.4,6.89,0,否
300190,维尔利,创业,日线,看涨吞没,Bullish Engulfing,看涨,2026-08-10,100,3.21,3.88,6.89,0,是
300441,鲍斯股份,创业,月线,启明星,Morning Star,看涨,2026-07-31,100,0.9,6.98,6.89,0,是
300917,特发服务,创业,日线,看涨吞没,Bullish Engulfing,看涨,2026-08-12,100,2.24,28.23,6.89,0,是
600750,华润江中,上证,周线,看涨吞没,Bullish Engulfing,看涨,2026-07-31,100,0.94,26.39,6.89,0,是
603882,金域医学,上证,周线,看涨吞没,Bullish Engulfing,看涨,2026-07-31,100,1.07,27.76,6.89,2,否
688317,之江生物,科创,周线,看涨吞没,Bullish Engulfing,看涨,2026-07-31,100,0.54,16.13,6.89,1,是
300101,振芯科技,创业,周线,看涨吞没,Bullish Engulfing,看涨,2026-07-31,96.6,0.6,14.45,6.88,0,否
603390,通达电气,上证,周线,看涨吞没,Bullish Engulfing,看涨,2026-07-31,100,0.55,9.63,6.88,3,是
688031,星环科技,科创,周线,看涨吞没,Bullish Engulfing,看涨,2026-07-31,85.1,0.69,90.42,6.88,4,否
002269,美邦服饰,深证,周线,看涨吞没,Bullish Engulfing,看涨,2026-07-31,100,0.92,1.4,6.87,4,是
000020,深华发Ａ,深证,月线,看涨吞没,Bullish Engulfing,看涨,2026-08-14,100,0.28,11.22,6.86,8,是
000705,浙江震元,深证,周线,看涨吞没,Bullish Engulfing,看涨,2026-07-31,85.6,0.73,6.54,6.86,0,否
000759,中百集团,深证,周线,看涨吞没,Bullish Engulfing,看涨,2026-07-31,100,2.02,7.01,6.86,11,否
000862,银星能源,深证,日线,看涨吞没,Bullish Engulfing,看涨,2026-08-10,100,1.28,5.92,6.86,6,是
002892,科力尔,深证,周线,看涨吞没,Bullish Engulfing,看涨,2026-07-31,100,0.67,9.5,6.86,2,是
300329,海伦钢琴,创业,周线,启明星,Morning Star,看涨,2026-07-31,100,0.59,10.75,6.86,0,否
300369,绿盟科技,创业,日线,看涨吞没,Bullish Engulfing,看涨,2026-08-14,92.4,1.18,7.79,6.86,1,是
300882,万胜智能,创业,周线,启明星,Morning Star,看涨,2026-07-31,100,0.51,14.64,6.86,1,否
603778,国晟科技,上证,周线,看涨吞没,Bullish Engulfing,看涨,2026-07-31,99.9,0.77,9.04,6.86,36,是
688038,中科通达,科创,周线,看涨吞没,Bullish Engulfing,看涨,2026-08-07,98.8,1.12,17.28,6.86,0,是
002326,永太科技,深证,周线,看涨吞没,Bullish Engulfing,看涨,2026-08-07,100,0.62,19.5,6.85,9,否
002672,东江环保,深证,周线,看涨吞没,Bullish Engulfing,看涨,2026-07-31,88.1,0.62,3.43,6.85,4,否
300448,浩云科技,创业,月线,看涨吞没,Bullish Engulfing,看涨,2026-08-14,100,0.28,5.77,6.85,0,是
600410,华胜天成,上证,周线,看涨吞没,Bullish Engulfing,看涨,2026-07-31,95.2,0.54,13.74,6.84,17,否
603100,川仪股份,上证,周线,看涨吞没,Bullish Engulfing,看涨,2026-07-31,100,0.81,18.42,6.84,1,否
603100,川仪股份,上证,周线,启明星,Morning Star,看涨,2026-07-31,100,0.81,18.42,6.84,1,否
300698,万马科技,创业,周线,看涨吞没,Bullish Engulfing,看涨,2026-07-31,87.1,0.76,24.1,6.83,0,否
300463,迈克生物,创业,周线,看涨吞没,Bullish Engulfing,看涨,2026-07-31,84.1,1.15,9.09,6.82,1,否
688209,英集芯,科创,周线,看涨吞没,Bullish Engulfing,看涨,2026-08-07,84.4,0.8,22.23,6.82,0,否
688709,成都华微,科创,周线,看涨吞没,Bullish Engulfing,看涨,2026-07-31,92.3,1.41,24.89,6.82,1,否
001965,招商公路,深证,月线,看涨吞没,Bullish Engulfing,看涨,2026-05-29,97.4,0.54,10.04,6.81,0,否
300628,亿联网络,创业,周线,看涨吞没,Bullish Engulfing,看涨,2026-07-31,100,1.56,38.9,6.81,0,是
300872,天阳科技,创业,周线,看涨吞没,Bullish Engulfing,看涨,2026-07-31,85.2,0.75,14.9,6.81,0,否
600860,京城股份,上证,周线,看涨吞没,Bullish Engulfing,看涨,2026-07-31,100,0.41,8,6.81,2,是
600860,京城股份,上证,周线,启明星,Morning Star,看涨,2026-07-31,100,0.41,8,6.81,2,是
603686,福龙马,上证,周线,看涨吞没,Bullish Engulfing,看涨,2026-07-31,100,0.87,12.7,6.81,13,否
603686,福龙马,上证,周线,启明星,Morning Star,看涨,2026-07-31,98,0.87,12.7,6.81,13,否
605007,五洲特纸,上证,周线,看涨吞没,Bullish Engulfing,看涨,2026-07-31,88.4,0.73,15.68,6.81,5,否
002301,齐心集团,深证,周线,看涨吞没,Bullish Engulfing,看涨,2026-08-07,100,0.74,7.07,6.8,6,是
301015,百洋医药,创业,周线,看涨吞没,Bullish Engulfing,看涨,2026-08-07,100,0.88,23.87,6.8,0,是
600955,维远股份,上证,周线,看涨吞没,Bullish Engulfing,看涨,2026-07-31,97.7,0.44,12.57,6.8,6,否
603708,家家悦,上证,周线,看涨吞没,Bullish Engulfing,看涨,2026-07-31,99.8,0.76,9.59,6.79,2,是
002056,横店东磁,深证,周线,看涨吞没,Bullish Engulfing,看涨,2026-08-07,100,0.6,22.2,6.78,4,是
301192,泰祥股份,创业,周线,看涨吞没,Bullish Engulfing,看涨,2026-07-31,99.4,0.88,17.96,6.78,0,是
600704,物产中大,上证,月线,看涨吞没,Bullish Engulfing,看涨,2026-07-31,94.1,0.78,5.04,6.78,1,否
001288,运机集团,深证,月线,看涨吞没,Bullish Engulfing,看涨,2026-07-31,93.7,1.15,25.4,6.77,4,否
688560,明冠新材,科创,月线,看涨吞没,Bullish Engulfing,看涨,2026-08-14,100,0.35,11.98,6.77,2,是
603288,海天味业,上证,周线,看涨吞没,Bullish Engulfing,看涨,2026-07-17,100,1.38,36,6.76,0,是
300175,朗源股份,创业,日线,看涨吞没,Bullish Engulfing,看涨,2026-08-11,100,3.17,6.17,6.75,1,是
600293,三峡新材,上证,周线,看涨吞没,Bullish Engulfing,看涨,2026-07-31,99.8,0.54,2.69,6.75,8,是
000715,中兴商业,深证,周线,看涨吞没,Bullish Engulfing,看涨,2026-07-31,100,0.57,4.75,6.74,3,是
002333,罗普斯金,深证,周线,看涨吞没,Bullish Engulfing,看涨,2026-07-24,100,1.26,5.07,6.74,4,是
002698,博实股份,深证,日线,看涨吞没,Bullish Engulfing,看涨,2026-08-12,93.8,2.16,13.93,6.74,2,否
603685,晨丰科技,上证,周线,看涨吞没,Bullish Engulfing,看涨,2026-08-07,100,0.77,27.23,6.74,6,是
000767,晋控电力,深证,周线,看涨吞没,Bullish Engulfing,看涨,2026-07-24,100,1.54,3.65,6.73,9,否
300512,中亚股份,创业,周线,看涨吞没,Bullish Engulfing,看涨,2026-07-31,83,1.01,6.66,6.73,1,否
300517,海波重科,创业,周线,看涨吞没,Bullish Engulfing,看涨,2026-07-31,100,0.76,9.04,6.73,0,否
603600,永艺股份,上证,周线,看涨吞没,Bullish Engulfing,看涨,2026-07-31,100,0.93,9.51,6.73,0,是
002311,海大集团,深证,周线,看涨吞没,Bullish Engulfing,看涨,2026-07-17,100,1.29,47.93,6.72,0,否
002506,协鑫集成,深证,周线,启明星,Morning Star,看涨,2026-07-31,95.7,0.47,2.54,6.72,14,否
002529,海源复材,深证,周线,看涨吞没,Bullish Engulfing,看涨,2026-07-31,84.1,0.91,6.51,6.72,0,否
002543,万和电气,深证,周线,看涨吞没,Bullish Engulfing,看涨,2026-08-14,100,2.1,6.99,6.72,2,是
300513,恒实科技,创业,月线,看涨吞没,Bullish Engulfing,看涨,2026-08-14,100,0.3,7.31,6.72,0,是
300761,立华股份,创业,周线,看涨吞没,Bullish Engulfing,看涨,2026-07-31,84.2,0.77,19.07,6.72,0,否
300387,富邦科技,创业,周线,看涨吞没,Bullish Engulfing,看涨,2026-07-31,100,0.55,7,6.71,0,是
603387,基蛋生物,上证,周线,看涨吞没,Bullish Engulfing,看涨,2026-07-31,100,0.54,8.9,6.71,4,是
603993,洛阳钼业,上证,周线,看涨吞没,Bullish Engulfing,看涨,2026-08-07,100,0.98,20.83,6.71,2,是
002802,洪汇新材,深证,周线,看涨吞没,Bullish Engulfing,看涨,2026-07-31,83.8,0.42,10.67,6.7,2,否
600611,大众交通,上证,周线,看涨吞没,Bullish Engulfing,看涨,2026-07-17,100,1.57,3.98,6.7,9,是
601789,宁波建工,上证,周线,看涨吞没,Bullish Engulfing,看涨,2026-08-14,100,1.64,4.62,6.7,7,是
001216,华瓷股份,深证,日线,看涨吞没,Bullish Engulfing,看涨,2026-08-10,100,1.74,15,6.69,7,是
600135,乐凯胶片,上证,周线,看涨吞没,Bullish Engulfing,看涨,2026-07-31,100,0.3,7.02,6.69,9,是
600197,伊力特,上证,月线,启明星,Morning Star,看涨,2026-05-29,100,1.18,13.08,6.69,1,是
603161,科华控股,上证,周线,启明星,Morning Star,看涨,2026-07-24,100,2.06,14.2,6.69,6,是
000650,仁和药业,深证,月线,看涨吞没,Bullish Engulfing,看涨,2026-07-31,92.2,1.04,5.43,6.68,2,否
300837,浙矿股份,创业,周线,看涨吞没,Bullish Engulfing,看涨,2026-07-31,85,0.97,21.23,6.68,2,否
300930,屹通新材,创业,周线,看涨吞没,Bullish Engulfing,看涨,2026-07-31,87.9,0.73,23.15,6.68,0,否
301181,标榜股份,创业,周线,看涨吞没,Bullish Engulfing,看涨,2026-07-31,92.8,0.64,20.28,6.68,2,否
603759,海天股份,上证,周线,看涨吞没,Bullish Engulfing,看涨,2026-07-31,100,0.67,7.19,6.68,4,是
000151,中成股份,深证,周线,看涨吞没,Bullish Engulfing,看涨,2026-07-31,100,0.58,9.6,6.67,2,是
002613,北玻股份,深证,周线,看涨吞没,Bullish Engulfing,看涨,2026-07-31,87.7,0.42,3.2,6.67,8,否
601117,中国化学,上证,月线,看涨吞没,Bullish Engulfing,看涨,2026-07-31,100,1.16,7.84,6.67,2,是
605228,神通科技,上证,周线,看涨吞没,Bullish Engulfing,看涨,2026-08-07,100,0.72,11.04,6.67,3,是
000833,粤桂股份,深证,周线,看涨吞没,Bullish Engulfing,看涨,2026-08-07,100,0.5,20.22,6.65,10,是
001258,立新能源,深证,周线,看涨吞没,Bullish Engulfing,看涨,2026-08-07,99.7,2.85,13.16,6.65,14,否
301020,密封科技,创业,周线,看涨吞没,Bullish Engulfing,看涨,2026-07-31,87.3,0.64,18.27,6.65,1,否
301049,超越科技,创业,月线,启明星,Morning Star,看涨,2026-08-14,100,0.29,19.72,6.65,0,是
600589,大位科技,上证,周线,看涨吞没,Bullish Engulfing,看涨,2026-07-31,87.1,0.52,7.38,6.65,12,否
600655,豫园股份,上证,周线,看涨吞没,Bullish Engulfing,看涨,2026-07-31,100,1.09,4.65,6.65,1,是
600854,春兰股份,上证,周线,看涨吞没,Bullish Engulfing,看涨,2026-07-31,100,0.46,4.33,6.65,1,是
002982,湘佳股份,深证,月线,启明星,Morning Star,看涨,2026-08-14,100,0.33,12.36,6.64,3,是
601011,宝泰隆,上证,周线,启明星,Morning Star,看涨,2026-07-31,100,0.47,2.57,6.64,8,是
688389,普门科技,科创,周线,看涨吞没,Bullish Engulfing,看涨,2026-07-31,100,0.83,10.92,6.64,0,是
001317,三羊马,深证,日线,看涨吞没,Bullish Engulfing,看涨,2026-08-10,90.5,0.93,56.62,6.63,9,是
002043,兔 宝 宝,深证,周线,看涨吞没,Bullish Engulfing,看涨,2026-07-17,100,1.27,11.74,6.63,0,是
301581,黄山谷捷,创业,周线,看涨吞没,Bullish Engulfing,看涨,2026-07-31,98.6,0.77,34.44,6.63,0,是
601096,宏盛华源,上证,周线,看涨吞没,Bullish Engulfing,看涨,2026-07-31,100,0.8,4.34,6.63,4,否
601882,海天精工,上证,周线,看涨吞没,Bullish Engulfing,看涨,2026-07-31,100,0.86,19.13,6.63,1,是
002097,山河智能,深证,周线,启明星,Morning Star,看涨,2026-07-31,100,1,7.25,6.62,2,否
600692,亚通股份,上证,月线,启明星,Morning Star,看涨,2026-08-14,100,0.34,6.12,6.62,0,是
603199,九华旅游,上证,月线,看涨吞没,Bullish Engulfing,看涨,2026-07-31,93.2,0.58,33.22,6.61,1,否
688119,中钢洛耐,科创,周线,看涨吞没,Bullish Engulfing,看涨,2026-07-31,99.6,0.69,3.87,6.61,2,是
688609,九联科技,科创,周线,看涨吞没,Bullish Engulfing,看涨,2026-07-31,100,0.95,9.36,6.61,0,否
301591,肯特股份,创业,日线,看涨吞没,Bullish Engulfing,看涨,2026-08-12,100,1.54,31.49,6.6,1,否
600650,锦江在线,上证,周线,看涨吞没,Bullish Engulfing,看涨,2026-07-31,100,0.9,10.34,6.6,2,是
600675,中华企业,上证,周线,看涨吞没,Bullish Engulfing,看涨,2026-07-31,100,1.11,2.26,6.6,1,否
603098,森特股份,上证,周线,看涨吞没,Bullish Engulfing,看涨,2026-07-31,93.8,0.54,10.02,6.6,6,否
000166,申万宏源,深证,月线,看涨吞没,Bullish Engulfing,看涨,2026-07-31,100,1.28,4.69,6.59,0,是
000166,申万宏源,深证,月线,启明星,Morning Star,看涨,2026-07-31,100,1.28,4.69,6.59,0,是
600927,永安期货,上证,周线,看涨吞没,Bullish Engulfing,看涨,2026-07-31,100,0.94,13.26,6.59,0,否
688196,卓越新能,科创,周线,看涨吞没,Bullish Engulfing,看涨,2026-07-31,100,0.94,33.64,6.59,1,是
000655,金岭矿业,深证,周线,看涨吞没,Bullish Engulfing,看涨,2026-07-31,100,0.63,6.8,6.58,1,是
002481,双塔食品,深证,周线,看涨吞没,Bullish Engulfing,看涨,2026-07-31,98.6,0.88,4.21,6.58,1,是
300564,筑博设计,创业,月线,看涨吞没,Bullish Engulfing,看涨,2026-08-14,95.5,0.4,12.31,6.58,0,否
301551,无线传媒,创业,日线,看涨吞没,Bullish Engulfing,看涨,2026-08-10,100,2.75,22.18,6.58,0,是
002009,天奇股份,深证,周线,看涨吞没,Bullish Engulfing,看涨,2026-07-31,85.1,0.48,16.54,6.57,11,否
003032,传智教育,深证,月线,启明星,Morning Star,看涨,2026-05-29,100,0.53,6.97,6.57,9,是
603992,松霖科技,上证,周线,看涨吞没,Bullish Engulfing,看涨,2026-07-31,87.4,0.55,23.04,6.57,6,否
605268,王力安防,上证,周线,看涨吞没,Bullish Engulfing,看涨,2026-07-31,98.3,0.29,9.08,6.57,6,是
002454,松芝股份,深证,周线,看涨吞没,Bullish Engulfing,看涨,2026-07-31,100,0.67,4.87,6.56,3,是
300971,博亚精工,创业,月线,看涨吞没,Bullish Engulfing,看涨,2026-08-14,89,0.17,18.84,6.56,1,否
301203,国泰环保,创业,周线,启明星,Morning Star,看涨,2026-08-07,95.1,0.68,32.81,6.56,0,否
600807,济高发展,上证,月线,启明星,Morning Star,看涨,2026-08-14,100,0.23,2.6,6.56,2,是
600976,健民集团,上证,周线,看涨吞没,Bullish Engulfing,看涨,2026-07-17,99.4,2.07,29.42,6.56,0,否
603863,松炀资源,上证,周线,启明星,Morning Star,看涨,2026-07-31,100,0.59,12.5,6.56,9,是
000509,华塑控股,深证,周线,看涨吞没,Bullish Engulfing,看涨,2026-07-31,100,0.46,2.93,6.55,14,是
002228,合兴包装,深证,周线,看涨吞没,Bullish Engulfing,看涨,2026-07-31,87.4,0.91,3.09,6.55,8,否
002722,物产金轮,深证,周线,看涨吞没,Bullish Engulfing,看涨,2026-07-31,100,0.9,12.37,6.55,1,是
002162,悦心健康,深证,周线,看涨吞没,Bullish Engulfing,看涨,2026-07-31,100,1.2,3.91,6.54,4,是
605189,富春染织,上证,日线,看涨吞没,Bullish Engulfing,看涨,2026-08-10,100,1.45,16.78,6.54,9,是
002369,卓翼科技,深证,周线,看涨吞没,Bullish Engulfing,看涨,2026-07-31,100,2.65,5.38,6.53,3,是
002369,卓翼科技,深证,周线,启明星,Morning Star,看涨,2026-07-31,100,2.65,5.38,6.53,3,是
300294,博雅生物,创业,周线,看涨吞没,Bullish Engulfing,看涨,2026-07-17,100,1.75,15.66,6.53,0,否
601169,北京银行,上证,月线,看涨吞没,Bullish Engulfing,看涨,2026-07-31,100,1.25,5.22,6.53,0,否
002054,德美化工,深证,周线,看涨吞没,Bullish Engulfing,看涨,2026-07-31,100,1.11,6.86,6.52,6,是
002930,宏川智慧,深证,周线,看涨吞没,Bullish Engulfing,看涨,2026-07-31,94.3,0.56,8.5,6.52,5,否
301508,中机认检,创业,周线,看涨吞没,Bullish Engulfing,看涨,2026-07-31,100,0.77,23.53,6.52,0,否
301260,格力博,创业,周线,看涨吞没,Bullish Engulfing,看涨,2026-07-31,91.4,0.52,12.93,6.51,0,否
603335,迪生力,上证,周线,看涨吞没,Bullish Engulfing,看涨,2026-07-31,95.5,0.49,5.89,6.51,11,是
300610,晨化股份,创业,月线,看涨吞没,Bullish Engulfing,看涨,2026-08-14,100,0.26,9.99,6.5,0,是
603160,汇顶科技,上证,周线,看涨吞没,Bullish Engulfing,看涨,2026-07-31,84.8,1.01,52.4,6.5,2,否
603579,荣泰健康,上证,周线,看涨吞没,Bullish Engulfing,看涨,2026-07-31,85.1,0.86,17.36,6.5,5,否
300717,华信新材,创业,周线,启明星,Morning Star,看涨,2026-08-07,100,0.84,18.21,6.49,0,是
600848,上海临港,上证,周线,看涨吞没,Bullish Engulfing,看涨,2026-07-17,100,1.02,8.21,6.49,1,否
601801,皖新传媒,上证,周线,看涨吞没,Bullish Engulfing,看涨,2026-07-31,100,1.35,5.58,6.49,0,是
002705,新宝股份,深证,周线,看涨吞没,Bullish Engulfing,看涨,2026-07-31,100,0.48,11.83,6.48,2,否
002715,登云股份,深证,周线,启明星,Morning Star,看涨,2026-08-07,100,0.51,13.63,6.48,8,否
301522,上大股份,创业,日线,启明星,Morning Star,看涨,2026-08-10,100,1.88,24.66,6.48,0,否
603180,金牌家居,上证,月线,启明星,Morning Star,看涨,2026-08-14,100,0.34,15.62,6.48,1,是
605008,长鸿高科,上证,周线,看涨吞没,Bullish Engulfing,看涨,2026-08-14,100,1.45,12.32,6.48,1,否
002086,东方海洋,深证,周线,看涨吞没,Bullish Engulfing,看涨,2026-07-31,100,0.65,1.81,6.47,2,是
002701,奥瑞金,深证,周线,看涨吞没,Bullish Engulfing,看涨,2026-07-31,100,1.22,4.94,6.47,1,否
300347,泰格医药,创业,周线,看涨吞没,Bullish Engulfing,看涨,2026-07-31,100,1.01,49.99,6.47,0,是
605117,德业股份,上证,周线,启明星,Morning Star,看涨,2026-08-14,100,1.13,90.31,6.47,5,否
002728,特一药业,深证,月线,看涨吞没,Bullish Engulfing,看涨,2026-08-14,100,0.4,9.4,6.46,9,是
603191,望变电气,上证,周线,启明星,Morning Star,看涨,2026-07-31,96,0.69,13.67,6.46,7,否
002967,广电计量,深证,周线,看涨吞没,Bullish Engulfing,看涨,2026-07-31,100,0.51,16.99,6.45,1,是
002096,易普力,深证,周线,看涨吞没,Bullish Engulfing,看涨,2026-07-31,100,0.81,9.58,6.44,0,否
002279,久其软件,深证,周线,看涨吞没,Bullish Engulfing,看涨,2026-08-14,100,2.57,7.27,6.44,8,是
603276,恒兴新材,上证,月线,看涨吞没,Bullish Engulfing,看涨,2026-08-14,100,0.4,15.54,6.44,0,是
300306,远方信息,创业,月线,看涨吞没,Bullish Engulfing,看涨,2026-08-14,95.7,0.23,9.93,6.43,0,否
600121,郑州煤电,上证,周线,看涨吞没,Bullish Engulfing,看涨,2026-07-24,89.4,1.12,3.64,6.43,9,否
000548,湖南投资,深证,周线,看涨吞没,Bullish Engulfing,看涨,2026-07-31,89.6,0.84,4.31,6.42,1,否
301327,华宝新能,创业,周线,看涨吞没,Bullish Engulfing,看涨,2026-07-31,100,0.39,44.95,6.42,0,是
301327,华宝新能,创业,周线,启明星,Morning Star,看涨,2026-07-31,100,0.39,44.95,6.42,0,是
601118,海南橡胶,上证,周线,看涨吞没,Bullish Engulfing,看涨,2026-07-31,100,0.74,4.97,6.42,3,否
601118,海南橡胶,上证,周线,启明星,Morning Star,看涨,2026-07-31,100,0.74,4.97,6.42,3,否
000514,渝 开 发,深证,周线,看涨吞没,Bullish Engulfing,看涨,2026-07-31,87.4,0.91,3.82,6.41,3,否
300703,创源股份,创业,日线,看涨吞没,Bullish Engulfing,看涨,2026-08-10,96.6,2.33,13.94,6.41,1,是
301267,华厦眼科,创业,周线,看涨吞没,Bullish Engulfing,看涨,2026-07-31,83.4,0.98,16.44,6.41,0,否
600266,城建发展,上证,周线,启明星,Morning Star,看涨,2026-07-31,100,0.9,4.15,6.41,7,是
603113,金能科技,上证,周线,看涨吞没,Bullish Engulfing,看涨,2026-07-31,100,0.48,4.48,6.41,2,是
603489,八方股份,上证,周线,看涨吞没,Bullish Engulfing,看涨,2026-07-31,84.9,0.48,25.58,6.41,5,否
300469,信息发展,创业,日线,看涨吞没,Bullish Engulfing,看涨,2026-08-12,69.9,1.02,61.8,6.4,1,否
301180,万祥科技,创业,周线,看涨吞没,Bullish Engulfing,看涨,2026-07-31,84.1,0.6,10.8,6.4,0,否
600416,湘电股份,上证,周线,启明星,Morning Star,看涨,2026-07-31,100,0.62,9.15,6.4,4,否
300464,星徽股份,创业,日线,看涨吞没,Bullish Engulfing,看涨,2026-08-12,100,0.9,6.99,6.39,1,否
301050,雷电微力,创业,周线,看涨吞没,Bullish Engulfing,看涨,2026-07-31,90,0.68,30.13,6.39,0,否
600159,大龙地产,上证,周线,看涨吞没,Bullish Engulfing,看涨,2026-07-31,99.4,0.71,2.33,6.39,3,否
603551,奥普科技,上证,周线,看涨吞没,Bullish Engulfing,看涨,2026-07-31,92.3,1.25,9.49,6.39,0,否
000862,银星能源,深证,周线,看涨吞没,Bullish Engulfing,看涨,2026-07-17,100,0.37,5,6.38,6,是
002172,澳洋健康,深证,周线,看涨吞没,Bullish Engulfing,看涨,2026-07-31,92.9,0.94,3.17,6.38,5,否
300531,优博讯,创业,周线,看涨吞没,Bullish Engulfing,看涨,2026-07-31,100,0.87,17.02,6.37,0,是
000159,国际实业,深证,周线,看涨吞没,Bullish Engulfing,看涨,2026-07-31,100,0.42,5.35,6.36,3,是
300711,广哈通信,创业,周线,看涨吞没,Bullish Engulfing,看涨,2026-07-31,100,0.7,15.04,6.36,2,是
600218,全柴动力,上证,周线,看涨吞没,Bullish Engulfing,看涨,2026-07-31,100,0.7,7.52,6.36,4,否
688219,会通股份,科创,周线,看涨吞没,Bullish Engulfing,看涨,2026-07-31,100,0.51,10.53,6.36,0,是
300969,恒帅股份,创业,日线,看涨吞没,Bullish Engulfing,看涨,2026-08-11,100,1.81,79.72,6.35,1,否
603089,正裕工业,上证,周线,看涨吞没,Bullish Engulfing,看涨,2026-07-31,85.2,0.74,8.37,6.35,1,否
002687,乔治白,深证,日线,看涨吞没,Bullish Engulfing,看涨,2026-08-14,100,1.67,6.54,6.34,5,是
601599,浙文影业,上证,周线,看涨吞没,Bullish Engulfing,看涨,2026-07-31,100,0.98,3.02,6.34,2,是
603096,新经典,上证,月线,启明星,Morning Star,看涨,2026-08-14,100,0.34,15.27,6.34,0,是
603980,吉华集团,上证,日线,看涨吞没,Bullish Engulfing,看涨,2026-08-12,100,1.28,7.21,6.34,6,是
001219,青岛食品,深证,周线,看涨吞没,Bullish Engulfing,看涨,2026-07-31,100,0.89,12.43,6.33,0,是
002332,仙琚制药,深证,月线,看涨吞没,Bullish Engulfing,看涨,2026-07-31,98.8,0.89,8.57,6.33,0,否
002697,红旗连锁,深证,周线,看涨吞没,Bullish Engulfing,看涨,2026-07-31,88.7,1.06,4.7,6.33,2,否
301183,东田微,创业,日线,看涨吞没,Bullish Engulfing,看涨,2026-08-11,83.6,1.59,191.3,6.33,4,否
300851,交大思诺,创业,周线,看涨吞没,Bullish Engulfing,看涨,2026-07-31,85.2,0.75,22.05,6.32,0,否
002146,荣盛发展,深证,周线,看涨吞没,Bullish Engulfing,看涨,2026-08-14,100,2.35,1.18,6.31,7,是
301658,首航新能,创业,周线,看涨吞没,Bullish Engulfing,看涨,2026-07-31,100,0.56,24.1,6.31,2,否
301658,首航新能,创业,周线,启明星,Morning Star,看涨,2026-07-31,98.7,0.56,24.1,6.31,2,否
601728,中国电信,上证,周线,看涨吞没,Bullish Engulfing,看涨,2026-08-14,100,0.72,6.57,6.31,0,是
603810,丰山集团,上证,周线,看涨吞没,Bullish Engulfing,看涨,2026-07-31,99.6,0.87,10.95,6.31,4,是
000505,京粮控股,深证,周线,看涨吞没,Bullish Engulfing,看涨,2026-07-31,95.1,0.51,5.58,6.29,4,否
688586,江航装备,科创,周线,看涨吞没,Bullish Engulfing,看涨,2026-07-31,100,0.69,10.48,6.29,0,否
002330,得利斯,深证,周线,看涨吞没,Bullish Engulfing,看涨,2026-08-14,100,2.22,4.06,6.28,2,是
301355,南王科技,创业,月线,看涨吞没,Bullish Engulfing,看涨,2026-08-14,100,0.23,9.98,6.28,0,是
600405,动力源,上证,周线,看涨吞没,Bullish Engulfing,看涨,2026-07-31,84.4,0.53,4.06,6.28,2,否
600839,四川长虹,上证,周线,看涨吞没,Bullish Engulfing,看涨,2026-08-14,100,1.13,7.28,6.28,2,是
603093,南华期货,上证,周线,看涨吞没,Bullish Engulfing,看涨,2026-07-31,100,0.57,17.42,6.28,5,否
001278,一彬科技,深证,周线,看涨吞没,Bullish Engulfing,看涨,2026-07-31,83.7,0.64,14.4,6.27,3,否
002255,海陆重工,深证,周线,看涨吞没,Bullish Engulfing,看涨,2026-07-31,100,0.74,8.3,6.27,9,是
002255,海陆重工,深证,周线,启明星,Morning Star,看涨,2026-07-31,100,0.74,8.3,6.27,9,是
301293,三博脑科,创业,周线,看涨吞没,Bullish Engulfing,看涨,2026-07-24,100,1.22,51.55,6.27,2,是
600824,XD益民集,上证,周线,看涨吞没,Bullish Engulfing,看涨,2026-07-31,100,0.87,3.56,6.27,2,是
688789,宏华数科,科创,周线,看涨吞没,Bullish Engulfing,看涨,2026-07-31,85.2,0.81,46.43,6.27,0,否
002460,赣锋锂业,深证,周线,看涨吞没,Bullish Engulfing,看涨,2026-08-07,100,0.67,52.82,6.26,4,否
600406,国电南瑞,上证,周线,启明星,Morning Star,看涨,2026-07-24,100,1.35,23.58,6.26,0,是
002191,劲嘉股份,深证,月线,看涨吞没,Bullish Engulfing,看涨,2026-06-30,100,1.54,3.91,6.25,1,否
003039,顺控发展,深证,周线,看涨吞没,Bullish Engulfing,看涨,2026-07-31,100,0.8,11.9,6.25,3,否
600468,百利电气,上证,日线,看涨吞没,Bullish Engulfing,看涨,2026-08-10,99.3,1.73,6.63,6.25,6,否
603345,安井食品,上证,周线,看涨吞没,Bullish Engulfing,看涨,2026-07-31,100,1.31,89.89,6.25,1,否
605009,豪悦护理,上证,周线,看涨吞没,Bullish Engulfing,看涨,2026-07-31,86.8,0.9,24.14,6.25,0,否
301587,中瑞股份,创业,周线,看涨吞没,Bullish Engulfing,看涨,2026-08-07,92.7,0.75,21.28,6.24,1,否
301361,众智科技,创业,周线,看涨吞没,Bullish Engulfing,看涨,2026-07-31,100,0.37,27.95,6.23,1,否
603280,南方路机,上证,周线,看涨吞没,Bullish Engulfing,看涨,2026-07-31,100,0.65,24.88,6.23,7,是
001312,福恩股份,深证,周线,看涨吞没,Bullish Engulfing,看涨,2026-07-31,88.2,0.47,17.75,6.22,0,否
002059,云南旅游,深证,周线,看涨吞没,Bullish Engulfing,看涨,2026-07-31,100,0.96,4.44,6.22,5,否
605128,上海沿浦,上证,月线,看涨吞没,Bullish Engulfing,看涨,2026-08-14,98,0.95,24.43,6.22,2,否
001396,誉帆科技,深证,周线,看涨吞没,Bullish Engulfing,看涨,2026-07-31,100,0.47,32.66,6.21,4,否
002663,普邦股份,深证,周线,看涨吞没,Bullish Engulfing,看涨,2026-07-31,100,0.68,1.54,6.21,4,是
002858,力盛体育,深证,月线,看涨吞没,Bullish Engulfing,看涨,2026-04-30,100,1.01,17.1,6.21,2,是
688443,智翔金泰,科创,日线,看涨吞没,Bullish Engulfing,看涨,2026-08-11,100,1.76,26.33,6.21,0,否
300292,吴通控股,创业,周线,看涨吞没,Bullish Engulfing,看涨,2026-07-31,100,0.53,4.11,6.2,0,是
300765,石药创新,创业,日线,看涨吞没,Bullish Engulfing,看涨,2026-08-11,100,1.44,43.31,6.2,0,是
300888,稳健医疗,创业,周线,看涨吞没,Bullish Engulfing,看涨,2026-07-31,100,1.13,30.67,6.2,0,是
301387,光大同创,创业,日线,看涨吞没,Bullish Engulfing,看涨,2026-08-12,98.5,0.91,58.73,6.2,1,是
605365,立达信,上证,周线,看涨吞没,Bullish Engulfing,看涨,2026-07-31,100,0.48,13.18,6.2,7,是
688280,精进电动,科创,月线,看涨吞没,Bullish Engulfing,看涨,2026-08-14,100,0.48,5.65,6.2,2,是
688580,伟思医疗,科创,周线,启明星,Morning Star,看涨,2026-08-07,100,0.83,50.02,6.2,2,否
688655,迅捷兴,科创,日线,启明星,Morning Star,看涨,2026-08-12,100,1.33,37.32,6.2,3,是
600708,光明地产,上证,周线,看涨吞没,Bullish Engulfing,看涨,2026-07-31,83.3,0.44,3.09,6.19,6,否
601106,中国一重,上证,周线,启明星,Morning Star,看涨,2026-07-31,100,1.01,3.09,6.19,12,是
688626,翔宇医疗,科创,月线,看涨吞没,Bullish Engulfing,看涨,2026-08-14,100,0.49,45.45,6.19,2,是
000159,国际实业,深证,月线,看涨吞没,Bullish Engulfing,看涨,2026-08-14,100,0.29,5.68,6.17,3,是
688606,奥泰生物,科创,周线,看涨吞没,Bullish Engulfing,看涨,2026-07-17,96.8,1.79,44.9,6.17,0,否
301429,森泰股份,创业,周线,看涨吞没,Bullish Engulfing,看涨,2026-07-31,89.5,0.81,15.85,6.16,0,否
603187,海容冷链,上证,周线,看涨吞没,Bullish Engulfing,看涨,2026-07-31,100,1.34,12.41,6.16,0,否
603611,诺力股份,上证,周线,看涨吞没,Bullish Engulfing,看涨,2026-07-31,88.4,0.68,16.89,6.16,0,否
000429,粤高速Ａ,深证,周线,看涨吞没,Bullish Engulfing,看涨,2026-07-17,100,1.27,14.33,6.15,0,是
000683,博源化工,深证,周线,启明星,Morning Star,看涨,2026-07-24,100,2.03,6.04,6.15,0,否
002166,莱茵生物,深证,周线,看涨吞没,Bullish Engulfing,看涨,2026-07-17,100,2.61,6.73,6.15,1,否
003028,振邦智能,深证,月线,看涨吞没,Bullish Engulfing,看涨,2026-08-14,100,0.23,22.62,6.15,1,否
300490,华自科技,创业,周线,看涨吞没,Bullish Engulfing,看涨,2026-07-31,100,0.72,11.39,6.15,1,否
300490,华自科技,创业,周线,启明星,Morning Star,看涨,2026-07-31,94.9,0.72,11.39,6.15,1,否
301248,杰创智能,创业,日线,启明星,Morning Star,看涨,2026-08-12,97.3,1.13,64.68,6.14,2,否
600560,金自天正,上证,周线,看涨吞没,Bullish Engulfing,看涨,2026-07-31,100,0.9,10.72,6.14,0,是
688052,纳芯微,科创,日线,看涨吞没,Bullish Engulfing,看涨,2026-08-11,100,0.95,219,6.14,0,是
300134,大富科技,创业,周线,看涨吞没,Bullish Engulfing,看涨,2026-07-31,100,0.75,7.81,6.11,0,否
300134,大富科技,创业,周线,启明星,Morning Star,看涨,2026-07-31,98.4,0.75,7.81,6.11,0,否
603966,法兰泰克,上证,周线,看涨吞没,Bullish Engulfing,看涨,2026-07-31,94.3,0.59,7.82,6.11,2,否
000581,威孚高科,深证,周线,启明星,Morning Star,看涨,2026-07-31,100,0.71,17.91,6.1,1,否
002449,国星光电,深证,周线,看涨吞没,Bullish Engulfing,看涨,2026-07-31,100,0.37,6.26,6.1,3,是
600604,市北高新,上证,周线,看涨吞没,Bullish Engulfing,看涨,2026-07-31,96.6,0.68,4.35,6.1,5,否
688122,西部超导,科创,周线,启明星,Morning Star,看涨,2026-07-31,95.4,0.68,52.73,6.1,1,否
688312,燕麦科技,科创,日线,启明星,Morning Star,看涨,2026-08-12,100,1.11,49.2,6.1,0,是
000812,陕西金叶,深证,日线,看涨吞没,Bullish Engulfing,看涨,2026-08-10,100,2.53,3.66,6.09,1,是
002492,恒基达鑫,深证,周线,看涨吞没,Bullish Engulfing,看涨,2026-07-31,92,0.96,5.23,6.09,6,否
002524,光正眼科,深证,周线,看涨吞没,Bullish Engulfing,看涨,2026-07-31,95.1,0.82,3.66,6.09,4,否
300627,华测导航,创业,周线,启明星,Morning Star,看涨,2026-07-31,100,0.98,28.39,6.09,0,否
603291,联合水务,上证,周线,看涨吞没,Bullish Engulfing,看涨,2026-07-31,96.1,0.64,8.19,6.09,1,否
688032,禾迈股份,科创,周线,看涨吞没,Bullish Engulfing,看涨,2026-07-31,100,0.54,78.55,6.09,0,是
688032,禾迈股份,科创,周线,启明星,Morning Star,看涨,2026-07-31,100,0.54,78.55,6.09,0,是
688046,药康生物,科创,日线,看涨吞没,Bullish Engulfing,看涨,2026-08-13,100,1.91,40.95,6.09,1,是
000338,潍柴动力,深证,月线,看涨吞没,Bullish Engulfing,看涨,2026-08-14,100,0.47,29.65,6.08,2,否
300927,江天化学,创业,周线,看涨吞没,Bullish Engulfing,看涨,2026-07-31,87.5,0.49,21.11,6.08,2,否
600660,福耀玻璃,上证,周线,看涨吞没,Bullish Engulfing,看涨,2026-07-17,100,1.07,53.88,6.08,1,是
601956,东贝集团,上证,周线,看涨吞没,Bullish Engulfing,看涨,2026-07-31,100,0.81,4.72,6.07,2,是
300303,聚飞光电,创业,周线,看涨吞没,Bullish Engulfing,看涨,2026-07-31,100,0.43,7,6.06,2,是
301266,宇邦新材,创业,周线,看涨吞没,Bullish Engulfing,看涨,2026-07-31,96.1,0.62,19.8,6.05,0,否
000691,亚太实业,深证,周线,看涨吞没,Bullish Engulfing,看涨,2026-08-07,100,1.24,9.83,6.04,1,是
300878,维康药业,创业,日线,启明星,Morning Star,看涨,2026-08-12,100,0.96,35.31,6.04,2,是
301035,润丰股份,创业,周线,看涨吞没,Bullish Engulfing,看涨,2026-07-17,100,1.04,48.99,6.04,0,是
300563,神宇股份,创业,周线,看涨吞没,Bullish Engulfing,看涨,2026-07-31,85.4,0.7,22.34,6.03,1,否
600622,光大嘉宝,上证,周线,看涨吞没,Bullish Engulfing,看涨,2026-07-31,100,0.93,2.11,6.03,3,否
603259,药明康德,上证,周线,看涨吞没,Bullish Engulfing,看涨,2026-07-24,100,1.22,125,6.03,2,是
002723,小崧股份,深证,周线,看涨吞没,Bullish Engulfing,看涨,2026-08-07,100,0.66,7.05,6.02,4,是
300616,尚品宅配,创业,日线,看涨吞没,Bullish Engulfing,看涨,2026-08-12,100,1.38,11.09,6.02,2,是
301322,绿通科技,创业,日线,看涨吞没,Bullish Engulfing,看涨,2026-08-14,75.6,0.94,40.5,6.02,1,否
600918,中泰证券,上证,月线,看涨吞没,Bullish Engulfing,看涨,2026-07-31,100,2.01,5.64,6.02,0,是
002516,旷达科技,深证,周线,看涨吞没,Bullish Engulfing,看涨,2026-07-31,100,0.71,5.29,6.01,3,是
002608,江苏国信,深证,周线,看涨吞没,Bullish Engulfing,看涨,2026-07-31,100,0.51,7.41,6.01,2,否
002526,山东矿机,深证,周线,看涨吞没,Bullish Engulfing,看涨,2026-07-31,100,0.74,2.65,6,2,是
601163,三角轮胎,上证,周线,启明星,Morning Star,看涨,2026-07-31,100,0.92,13.26,6,1,是
300921,南凌科技,创业,周线,看涨吞没,Bullish Engulfing,看涨,2026-07-31,85.8,0.78,13.8,5.99,0,否
600071,凤凰光学,上证,周线,看涨吞没,Bullish Engulfing,看涨,2026-07-31,88.7,0.61,15.04,5.99,1,否
600501,航天晨光,上证,周线,看涨吞没,Bullish Engulfing,看涨,2026-07-31,100,0.8,13.82,5.98,3,否
002062,宏润建设,深证,日线,看涨吞没,Bullish Engulfing,看涨,2026-08-14,100,1.78,8.17,5.97,7,否
603979,金诚信,上证,日线,看涨吞没,Bullish Engulfing,看涨,2026-08-14,95.9,1.27,76.65,5.97,2,是
301220,亚香股份,创业,周线,启明星,Morning Star,看涨,2026-08-07,100,0.62,28.1,5.96,0,是
301567,贝隆精密,创业,周线,看涨吞没,Bullish Engulfing,看涨,2026-07-31,85,0.88,31.65,5.96,1,否
001328,登康口腔,深证,周线,看涨吞没,Bullish Engulfing,看涨,2026-07-17,100,1.04,28,5.94,1,是
002307,北新路桥,深证,周线,启明星,Morning Star,看涨,2026-07-31,100,0.79,3.03,5.94,7,是
600212,绿能慧充,上证,周线,看涨吞没,Bullish Engulfing,看涨,2026-07-31,100,0.66,5.17,5.94,0,是
601988,中国银行,上证,月线,看涨吞没,Bullish Engulfing,看涨,2026-07-31,100,1.35,6.06,5.94,0,是
002609,捷顺科技,深证,周线,看涨吞没,Bullish Engulfing,看涨,2026-07-31,100,0.66,7.68,5.93,1,是
002832,比音勒芬,深证,周线,看涨吞没,Bullish Engulfing,看涨,2026-08-14,94.8,1.1,26.08,5.93,1,是
003025,思进智能,深证,周线,看涨吞没,Bullish Engulfing,看涨,2026-07-31,86.5,0.57,11.61,5.93,0,否
600249,两面针,上证,周线,看涨吞没,Bullish Engulfing,看涨,2026-07-31,86,0.43,5,5.93,2,否
603271,永杰新材,上证,周线,看涨吞没,Bullish Engulfing,看涨,2026-08-07,100,0.58,43.95,5.93,2,是
688505,复旦张江,科创,日线,看涨吞没,Bullish Engulfing,看涨,2026-08-13,100,3.2,8.4,5.93,0,是
688695,中创股份,科创,月线,看涨吞没,Bullish Engulfing,看涨,2026-08-14,100,0.6,19.3,5.93,0,是
301622,英思特,创业,周线,启明星,Morning Star,看涨,2026-07-31,98.1,0.67,40.95,5.92,0,否
603725,天安新材,上证,日线,看涨吞没,Bullish Engulfing,看涨,2026-08-12,100,1.11,11.45,5.92,10,是
603956,威派格,上证,周线,看涨吞没,Bullish Engulfing,看涨,2026-08-14,100,2.05,7.33,5.92,10,是
300317,珈伟新能,创业,日线,看涨吞没,Bullish Engulfing,看涨,2026-08-10,100,1.27,4.84,5.91,1,是
603275,众辰科技,上证,周线,看涨吞没,Bullish Engulfing,看涨,2026-07-31,83.3,0.34,35.1,5.91,2,否
000651,格力电器,深证,月线,启明星,Morning Star,看涨,2026-04-30,100,0.94,40.05,5.9,0,是
000756,新华制药,深证,月线,看涨吞没,Bullish Engulfing,看涨,2026-06-30,94.9,0.78,14.17,5.9,3,否
002453,华软科技,深证,周线,看涨吞没,Bullish Engulfing,看涨,2026-07-31,100,0.67,4.13,5.9,10,是
002453,华软科技,深证,周线,启明星,Morning Star,看涨,2026-07-31,100,0.67,4.13,5.9,10,是
301213,观想科技,创业,周线,启明星,Morning Star,看涨,2026-07-31,100,1.56,42.4,5.89,2,否
601156,东航物流,上证,月线,看涨吞没,Bullish Engulfing,看涨,2026-07-31,100,1.21,17.07,5.89,0,否
600126,杭钢股份,上证,日线,看涨吞没,Bullish Engulfing,看涨,2026-08-14,96.8,1.56,7.38,5.88,7,是
688198,佰仁医疗,科创,周线,看涨吞没,Bullish Engulfing,看涨,2026-07-31,100,1.05,82.16,5.88,1,是
002807,江阴银行,深证,周线,看涨吞没,Bullish Engulfing,看涨,2026-07-31,100,1.5,4.15,5.87,0,是
600742,富维股份,上证,周线,看涨吞没,Bullish Engulfing,看涨,2026-07-31,100,0.8,7.57,5.87,0,否
688285,XD高铁电,科创,月线,看涨吞没,Bullish Engulfing,看涨,2026-08-14,100,0.42,7.58,5.87,0,是
300206,理邦仪器,创业,周线,看涨吞没,Bullish Engulfing,看涨,2026-07-31,100,0.54,11.74,5.86,0,是
600073,光明肉业,上证,周线,看涨吞没,Bullish Engulfing,看涨,2026-07-31,98.5,0.91,5.24,5.86,0,是
603122,合富中国,上证,周线,看涨吞没,Bullish Engulfing,看涨,2026-07-31,94.4,0.68,10.29,5.86,20,否
002544,普天科技,深证,周线,看涨吞没,Bullish Engulfing,看涨,2026-07-31,100,0.84,15.73,5.85,2,是
003011,海象新材,深证,周线,看涨吞没,Bullish Engulfing,看涨,2026-07-31,84.5,0.7,17.74,5.85,3,否
300621,维业股份,创业,月线,启明星,Morning Star,看涨,2026-08-14,100,0.42,7.24,5.85,0,是
300899,上海凯鑫,创业,周线,看涨吞没,Bullish Engulfing,看涨,2026-07-31,100,0.69,26.04,5.85,0,是
605100,华丰股份,上证,日线,启明星,Morning Star,看涨,2026-08-12,100,1.14,34.4,5.85,7,是
600969,郴电国际,上证,周线,看涨吞没,Bullish Engulfing,看涨,2026-07-31,92,0.77,8.16,5.84,1,否
000803,山高环能,深证,月线,看涨吞没,Bullish Engulfing,看涨,2026-08-14,100,0.3,7.08,5.83,6,是
300446,航天智造,创业,周线,看涨吞没,Bullish Engulfing,看涨,2026-07-31,86.1,0.59,13.61,5.83,0,否
301376,致欧科技,创业,月线,启明星,Morning Star,看涨,2026-05-29,100,1.77,17.62,5.83,0,否
600741,华域汽车,上证,周线,看涨吞没,Bullish Engulfing,看涨,2026-07-17,100,1.12,16.89,5.83,0,是
601727,上海电气,上证,周线,启明星,Morning Star,看涨,2026-07-31,100,0.81,6.9,5.83,3,否
603035,常熟汽饰,上证,周线,看涨吞没,Bullish Engulfing,看涨,2026-07-31,100,0.91,11.08,5.83,1,是
603180,金牌家居,上证,周线,看涨吞没,Bullish Engulfing,看涨,2026-08-14,100,1.23,15.62,5.83,1,是
002803,吉宏股份,深证,日线,看涨吞没,Bullish Engulfing,看涨,2026-08-12,82,1.46,19.82,5.82,3,否
301552,科力装备,创业,月线,启明星,Morning Star,看涨,2026-08-14,100,0.92,25.09,5.82,0,是
601789,宁波建工,上证,日线,看涨吞没,Bullish Engulfing,看涨,2026-08-13,100,3.95,4.73,5.82,7,是
603131,上海沪工,上证,周线,看涨吞没,Bullish Engulfing,看涨,2026-07-31,86.1,0.52,14.36,5.82,7,否
688303,大全能源,科创,周线,看涨吞没,Bullish Engulfing,看涨,2026-07-24,100,0.68,16.72,5.82,1,是
000637,茂化实华,深证,周线,看涨吞没,Bullish Engulfing,看涨,2026-07-31,86.2,0.81,3.64,5.81,4,否
002472,双环传动,深证,月线,看涨吞没,Bullish Engulfing,看涨,2026-06-30,100,1.91,41.51,5.81,3,否
002486,嘉麟杰,深证,日线,看涨吞没,Bullish Engulfing,看涨,2026-08-14,96,1.81,2.55,5.81,1,否
300033,同花顺,创业,月线,看涨吞没,Bullish Engulfing,看涨,2026-06-30,100,1.74,241,5.81,0,是
603357,设计总院,上证,周线,看涨吞没,Bullish Engulfing,看涨,2026-07-31,91.1,0.71,6.01,5.81,0,否
000930,中粮科技,深证,周线,看涨吞没,Bullish Engulfing,看涨,2026-07-31,100,0.58,4.74,5.8,0,是
002337,赛象科技,深证,周线,看涨吞没,Bullish Engulfing,看涨,2026-07-31,98.9,0.88,4.38,5.8,2,是
300819,聚杰微纤,创业,日线,看涨吞没,Bullish Engulfing,看涨,2026-08-12,100,1.33,49.1,5.8,4,否
300819,聚杰微纤,创业,日线,启明星,Morning Star,看涨,2026-08-12,100,1.33,49.1,5.8,4,否
600428,中远海特,上证,周线,看涨吞没,Bullish Engulfing,看涨,2026-07-31,100,1.38,11.31,5.8,1,否
300865,大宏立,创业,周线,看涨吞没,Bullish Engulfing,看涨,2026-07-31,87.7,0.59,21.38,5.79,0,否
300986,志特新材,创业,日线,看涨吞没,Bullish Engulfing,看涨,2026-08-13,100,2.24,14.43,5.79,8,是
600235,民丰特纸,上证,周线,看涨吞没,Bullish Engulfing,看涨,2026-07-31,90.3,0.74,5.3,5.79,0,否
603616,韩建河山,上证,周线,看涨吞没,Bullish Engulfing,看涨,2026-07-31,86.1,0.38,4.93,5.79,14,否
688098,申联生物,科创,周线,看涨吞没,Bullish Engulfing,看涨,2026-07-31,100,0.41,8.41,5.79,3,是
301185,鸥玛软件,创业,日线,看涨吞没,Bullish Engulfing,看涨,2026-08-10,100,4.15,17.4,5.78,0,是
603711,香飘飘,上证,周线,看涨吞没,Bullish Engulfing,看涨,2026-08-14,100,2.87,11.72,5.78,3,是
603939,益丰药房,上证,日线,看涨吞没,Bullish Engulfing,看涨,2026-08-10,100,1.37,23.43,5.78,1,是
002467,二六三,深证,日线,看涨吞没,Bullish Engulfing,看涨,2026-08-14,100,2.84,5.13,5.77,7,是
600966,博汇纸业,上证,日线,看涨吞没,Bullish Engulfing,看涨,2026-08-10,100,1.48,5.13,5.77,2,是
002006,精工科技,深证,周线,看涨吞没,Bullish Engulfing,看涨,2026-07-31,86.1,0.72,13.4,5.76,1,否
002140,东华科技,深证,周线,看涨吞没,Bullish Engulfing,看涨,2026-07-31,100,0.58,8.99,5.76,4,是
600526,菲达环保,上证,周线,看涨吞没,Bullish Engulfing,看涨,2026-07-31,85.2,0.76,4.41,5.76,0,否
603033,三维股份,上证,周线,启明星,Morning Star,看涨,2026-08-07,97.9,0.69,7.89,5.76,4,否
688526,科前生物,科创,周线,看涨吞没,Bullish Engulfing,看涨,2026-07-31,90.5,0.76,13.03,5.76,0,否
605255,天普股份,上证,周线,看涨吞没,Bullish Engulfing,看涨,2026-08-07,100,0.55,70.8,5.75,36,否
002045,国光电器,深证,周线,看涨吞没,Bullish Engulfing,看涨,2026-07-17,97.7,2.9,8.11,5.74,4,否
600156,华升股份,上证,周线,看涨吞没,Bullish Engulfing,看涨,2026-07-31,97.7,0.41,7.37,5.74,17,是
600255,鑫科材料,上证,周线,看涨吞没,Bullish Engulfing,看涨,2026-07-31,82,0.57,3.13,5.74,6,否
688027,国盾量子,科创,周线,看涨吞没,Bullish Engulfing,看涨,2026-07-31,86.9,0.9,385.18,5.74,0,否
688269,凯立新材,科创,周线,看涨吞没,Bullish Engulfing,看涨,2026-07-31,84.8,0.8,29.46,5.74,0,否
000719,中原传媒,深证,周线,看涨吞没,Bullish Engulfing,看涨,2026-07-17,100,0.65,12,5.73,0,是
001300,三柏硕,深证,周线,启明星,Morning Star,看涨,2026-08-07,100,0.83,10.52,5.73,2,否
300834,星辉环材,创业,周线,看涨吞没,Bullish Engulfing,看涨,2026-08-07,93.1,0.31,39.32,5.73,4,否
301019,宁波色母,创业,周线,启明星,Morning Star,看涨,2026-08-07,100,1.09,15.32,5.73,2,否
301539,宏鑫科技,创业,月线,启明星,Morning Star,看涨,2026-08-14,100,0.32,14.75,5.73,0,否
002868,绿康生化,深证,月线,看涨吞没,Bullish Engulfing,看涨,2026-08-14,100,0.34,22.73,5.72,3,是
300450,先导智能,创业,周线,启明星,Morning Star,看涨,2026-07-31,96.5,0.84,33.85,5.72,2,否
603185,弘元绿能,上证,月线,看涨吞没,Bullish Engulfing,看涨,2026-08-14,100,0.39,17,5.72,6,是
002016,世荣兆业,深证,周线,看涨吞没,Bullish Engulfing,看涨,2026-07-31,99.2,0.8,4.26,5.71,1,是
002337,赛象科技,深证,月线,看涨吞没,Bullish Engulfing,看涨,2026-08-14,100,0.19,4.63,5.71,2,是
002617,露笑科技,深证,周线,看涨吞没,Bullish Engulfing,看涨,2026-07-31,97.5,0.6,6.11,5.71,3,是
301303,真兰仪表,创业,日线,看涨吞没,Bullish Engulfing,看涨,2026-08-11,100,1.95,15,5.71,0,否
600673,东阳光,上证,日线,看涨吞没,Bullish Engulfing,看涨,2026-08-14,100,1.14,36.45,5.71,13,是
600939,重庆建工,上证,周线,看涨吞没,Bullish Engulfing,看涨,2026-07-31,85.1,0.63,2.59,5.71,4,否
301511,德福科技,创业,日线,看涨吞没,Bullish Engulfing,看涨,2026-08-14,100,1.02,95.02,5.7,1,是
601012,隆基绿能,上证,周线,看涨吞没,Bullish Engulfing,看涨,2026-07-24,100,0.93,12.42,5.7,2,是
600606,绿地控股,上证,周线,看涨吞没,Bullish Engulfing,看涨,2026-07-31,100,0.91,1.3,5.69,1,否
600760,中航沈飞,上证,月线,看涨吞没,Bullish Engulfing,看涨,2026-07-31,92.3,0.71,43.44,5.69,1,否
300016,北陆药业,创业,周线,看涨吞没,Bullish Engulfing,看涨,2026-07-31,83.3,0.86,7.81,5.68,0,否
300402,宝色股份,创业,周线,启明星,Morning Star,看涨,2026-07-31,100,0.71,14.15,5.68,2,否
600391,航发科技,上证,周线,看涨吞没,Bullish Engulfing,看涨,2026-07-31,100,0.66,27.7,5.68,12,是
600182,S佳通,上证,月线,启明星,Morning Star,看涨,2026-08-14,100,0.43,13.61,5.67,0,是
603977,国泰集团,上证,周线,看涨吞没,Bullish Engulfing,看涨,2026-07-31,86.7,0.36,11.36,5.67,5,否
002790,瑞尔特,深证,周线,看涨吞没,Bullish Engulfing,看涨,2026-07-31,100,1.04,5.6,5.66,4,是
300748,金力永磁,创业,周线,看涨吞没,Bullish Engulfing,看涨,2026-07-31,83.3,0.71,25.6,5.65,1,否
300774,倍杰特,创业,周线,启明星,Morning Star,看涨,2026-07-31,100,0.7,9.72,5.65,1,是
301090,华润材料,创业,周线,看涨吞没,Bullish Engulfing,看涨,2026-07-31,100,0.78,6.55,5.65,0,是
301636,泽润新能,创业,周线,看涨吞没,Bullish Engulfing,看涨,2026-07-31,98.9,0.57,37.78,5.65,2,否
300181,佐力药业,创业,周线,看涨吞没,Bullish Engulfing,看涨,2026-07-31,100,1.33,14.42,5.64,0,是
601608,中信重工,上证,周线,看涨吞没,Bullish Engulfing,看涨,2026-07-31,100,0.93,4.68,5.64,9,是
688100,威胜信息,科创,周线,启明星,Morning Star,看涨,2026-07-31,100,1.22,29.95,5.64,0,否
689009,九号公司,科创,日线,看涨吞没,Bullish Engulfing,看涨,2026-08-10,90.8,0.88,42.35,5.64,0,是
000576,甘化科工,深证,周线,看涨吞没,Bullish Engulfing,看涨,2026-07-31,100,1.15,6.75,5.63,3,是
002688,金河生物,深证,周线,看涨吞没,Bullish Engulfing,看涨,2026-07-31,100,0.52,5.07,5.63,1,是
300149,睿智医药,创业,日线,看涨吞没,Bullish Engulfing,看涨,2026-08-11,100,1.5,11.07,5.63,3,是
301602,超研股份,创业,周线,看涨吞没,Bullish Engulfing,看涨,2026-07-31,100,1.14,15.02,5.63,1,是
603130,云中马,上证,周线,启明星,Morning Star,看涨,2026-07-31,100,0.61,37.93,5.63,10,否
688485,九州一轨,科创,周线,看涨吞没,Bullish Engulfing,看涨,2026-07-31,100,0.52,51,5.63,5,是
000592,平潭发展,深证,周线,启明星,Morning Star,看涨,2026-07-31,100,0.79,5.83,5.62,24,是
002358,森源电气,深证,周线,看涨吞没,Bullish Engulfing,看涨,2026-07-24,97.4,1.03,5.45,5.62,6,否
605050,福然德,上证,周线,看涨吞没,Bullish Engulfing,看涨,2026-07-17,87.4,0.71,10.15,5.62,3,否
688805,健信超导,科创,周线,看涨吞没,Bullish Engulfing,看涨,2026-08-07,85.2,0.41,41.34,5.62,1,否
002173,创新医疗,深证,周线,启明星,Morning Star,看涨,2026-07-24,100,1.95,18.81,5.61,16,是
002793,罗欣药业,深证,周线,看涨吞没,Bullish Engulfing,看涨,2026-07-24,100,2.26,4.71,5.61,5,是
002973,侨银股份,深证,日线,看涨吞没,Bullish Engulfing,看涨,2026-08-10,100,1.73,11.85,5.61,3,是
300354,东华测试,创业,周线,启明星,Morning Star,看涨,2026-08-07,100,0.77,30.3,5.61,0,否
688102,斯瑞新材,科创,日线,看涨吞没,Bullish Engulfing,看涨,2026-08-12,87.6,1.31,35.96,5.61,0,否
002851,麦格米特,深证,日线,启明星,Morning Star,看涨,2026-08-12,84,0.8,125.66,5.6,13,否
300493,润欣科技,创业,周线,看涨吞没,Bullish Engulfing,看涨,2026-07-31,100,1,12.82,5.6,0,否
300763,锦浪科技,创业,日线,看涨吞没,Bullish Engulfing,看涨,2026-08-11,100,1.61,65.58,5.6,1,是
300841,康华生物,创业,月线,看涨吞没,Bullish Engulfing,看涨,2026-08-14,100,0.4,48.84,5.6,0,是
688775,影石创新,科创,周线,启明星,Morning Star,看涨,2026-08-07,100,2.7,134.95,5.6,2,是
002001,新 和 成,深证,月线,看涨吞没,Bullish Engulfing,看涨,2026-07-31,100,1.32,30.01,5.59,0,否
002771,真视通,深证,周线,看涨吞没,Bullish Engulfing,看涨,2026-07-31,100,0.46,11.9,5.59,7,是
002825,纳尔股份,深证,周线,看涨吞没,Bullish Engulfing,看涨,2026-07-31,99.3,0.5,7.94,5.59,5,是
603070,万控智造,上证,周线,看涨吞没,Bullish Engulfing,看涨,2026-07-31,86,0.32,11.15,5.59,4,否
688489,三未信安,科创,月线,看涨吞没,Bullish Engulfing,看涨,2026-08-14,100,0.43,23.44,5.59,1,否
002647,仁东控股,深证,日线,看涨吞没,Bullish Engulfing,看涨,2026-08-12,95.8,1.19,11.35,5.58,7,是
300228,富瑞特装,创业,周线,看涨吞没,Bullish Engulfing,看涨,2026-07-31,100,0.45,7.19,5.58,0,否
600736,苏州高新,上证,月线,看涨吞没,Bullish Engulfing,看涨,2026-08-14,100,0.33,6.81,5.58,7,是
600980,北矿科技,上证,周线,启明星,Morning Star,看涨,2026-07-31,100,1.13,17.78,5.58,6,否
002438,江苏神通,深证,周线,看涨吞没,Bullish Engulfing,看涨,2026-07-31,99.2,0.56,12.7,5.57,5,否
002476,新叶股份,深证,周线,看涨吞没,Bullish Engulfing,看涨,2026-07-31,84.8,0.76,4.36,5.57,3,否
601778,晶科科技,上证,周线,看涨吞没,Bullish Engulfing,看涨,2026-07-31,100,0.42,3.6,5.57,8,否
002223,鱼跃医疗,深证,周线,看涨吞没,Bullish Engulfing,看涨,2026-07-31,100,1.04,28.08,5.56,0,是
300916,朗特智能,创业,日线,看涨吞没,Bullish Engulfing,看涨,2026-08-12,100,1.78,26.4,5.56,1,是
600179,安通控股,上证,周线,看涨吞没,Bullish Engulfing,看涨,2026-07-31,100,0.71,4.37,5.56,10,是
600722,金牛化工,上证,日线,看涨吞没,Bullish Engulfing,看涨,2026-08-13,84.3,1.46,12.52,5.56,20,否
300125,聆达股份,创业,周线,看涨吞没,Bullish Engulfing,看涨,2026-07-31,81.3,0.57,8.18,5.55,1,否
688484,南芯科技,科创,周线,看涨吞没,Bullish Engulfing,看涨,2026-08-07,89.5,0.7,35.95,5.55,1,否
002022,科华生物,深证,周线,看涨吞没,Bullish Engulfing,看涨,2026-07-17,100,1.34,5.14,5.54,1,否
002681,奋达科技,深证,周线,启明星,Morning Star,看涨,2026-08-07,100,1.35,4.57,5.54,4,否
002682,龙洲股份,深证,周线,看涨吞没,Bullish Engulfing,看涨,2026-07-31,100,0.92,4.19,5.54,14,是
002682,龙洲股份,深证,周线,启明星,Morning Star,看涨,2026-07-31,100,0.92,4.19,5.54,14,是
002730,电光科技,深证,日线,看涨吞没,Bullish Engulfing,看涨,2026-08-12,100,1.18,23.64,5.54,4,否
300135,宝利国际,创业,周线,看涨吞没,Bullish Engulfing,看涨,2026-07-31,100,0.75,3.24,5.54,0,是
301116,益客食品,创业,日线,看涨吞没,Bullish Engulfing,看涨,2026-08-10,100,1.78,9.15,5.54,1,是
600817,宇通重工,上证,周线,看涨吞没,Bullish Engulfing,看涨,2026-07-31,89.1,0.52,9.34,5.54,0,否
002151,北斗星通,深证,周线,看涨吞没,Bullish Engulfing,看涨,2026-07-31,100,0.64,28.42,5.53,6,否
600502,安徽建工,上证,周线,看涨吞没,Bullish Engulfing,看涨,2026-07-31,100,0.72,4.78,5.52,2,是
000402,金 融 街,深证,周线,看涨吞没,Bullish Engulfing,看涨,2026-07-31,100,0.76,2.49,5.51,5,否
002555,三七互娱,深证,月线,看涨吞没,Bullish Engulfing,看涨,2026-07-31,100,0.95,19.91,5.51,4,是
003032,传智教育,深证,日线,看涨吞没,Bullish Engulfing,看涨,2026-08-14,100,1.93,12.26,5.51,9,是
301413,安培龙,创业,日线,看涨吞没,Bullish Engulfing,看涨,2026-08-11,99.5,1.88,69.7,5.51,1,否
600298,安琪酵母,上证,周线,看涨吞没,Bullish Engulfing,看涨,2026-08-14,100,1.41,43.5,5.51,0,是
301058,中粮科工,创业,周线,看涨吞没,Bullish Engulfing,看涨,2026-07-31,100,0.69,8.25,5.5,0,是
002224,三 力 士,深证,周线,看涨吞没,Bullish Engulfing,看涨,2026-07-31,100,0.56,3.46,5.49,0,是
002999,天禾股份,深证,周线,看涨吞没,Bullish Engulfing,看涨,2026-07-31,99.8,0.5,5.57,5.49,1,是
300233,金城医药,创业,周线,看涨吞没,Bullish Engulfing,看涨,2026-07-31,84.8,0.8,12.88,5.49,0,否
603284,林平发展,上证,周线,启明星,Morning Star,看涨,2026-07-24,100,1.23,38.62,5.49,1,是
000733,振华科技,深证,周线,看涨吞没,Bullish Engulfing,看涨,2026-07-31,100,0.68,40.97,5.48,3,是
001367,海森药业,深证,周线,启明星,Morning Star,看涨,2026-08-07,100,0.52,18.67,5.48,1,是
001872,招商港口,深证,周线,看涨吞没,Bullish Engulfing,看涨,2026-07-31,100,1.11,22.14,5.48,0,是
601311,骆驼股份,上证,周线,看涨吞没,Bullish Engulfing,看涨,2026-07-31,100,0.59,8.08,5.48,0,是
603496,恒为科技,上证,日线,看涨吞没,Bullish Engulfing,看涨,2026-08-14,100,1.67,27.22,5.46,6,否
300051,琏升科技,创业,周线,看涨吞没,Bullish Engulfing,看涨,2026-07-31,100,0.62,7.54,5.45,3,是
300351,永贵电器,创业,周线,启明星,Morning Star,看涨,2026-07-31,100,0.61,13.55,5.45,1,是
600148,长春一东,上证,周线,看涨吞没,Bullish Engulfing,看涨,2026-07-31,100,0.87,14.7,5.45,0,是
600645,中源协和,上证,周线,看涨吞没,Bullish Engulfing,看涨,2026-07-31,100,0.6,18.77,5.45,4,否
603536,惠发食品,上证,日线,看涨吞没,Bullish Engulfing,看涨,2026-08-10,100,1.08,9.48,5.45,3,是
002327,富安娜,深证,周线,看涨吞没,Bullish Engulfing,看涨,2026-07-31,92,0.86,6.59,5.44,0,否
002404,嘉欣丝绸,深证,周线,看涨吞没,Bullish Engulfing,看涨,2026-07-31,100,0.59,5.81,5.44,4,是
688710,益诺思,科创,日线,看涨吞没,Bullish Engulfing,看涨,2026-08-11,100,1.04,93.85,5.44,2,是
688045,必易微,科创,日线,启明星,Morning Star,看涨,2026-08-12,100,0.99,58.41,5.43,0,是
002408,齐翔腾达,深证,周线,启明星,Morning Star,看涨,2026-07-31,100,0.59,5.06,5.42,2,否
301089,拓新药业,创业,周线,看涨吞没,Bullish Engulfing,看涨,2026-07-31,85,1.13,22.55,5.42,0,否
688800,瑞可达,科创,日线,启明星,Morning Star,看涨,2026-08-12,100,1.06,58.19,5.42,2,否
002007,华兰生物,深证,周线,看涨吞没,Bullish Engulfing,看涨,2026-07-31,95.4,1.33,13.44,5.41,0,否
600198,大唐电信,上证,周线,看涨吞没,Bullish Engulfing,看涨,2026-07-31,100,0.53,7.01,5.41,8,是
002016,世荣兆业,深证,月线,启明星,Morning Star,看涨,2026-08-14,100,0.45,4.49,5.4,1,是
002749,国光股份,深证,周线,看涨吞没,Bullish Engulfing,看涨,2026-07-17,97.9,1.26,8.4,5.4,0,否
300856,科思股份,创业,周线,看涨吞没,Bullish Engulfing,看涨,2026-08-14,100,1.55,11.52,5.4,0,是
300055,万邦达,创业,周线,看涨吞没,Bullish Engulfing,看涨,2026-07-31,100,0.8,5.67,5.39,0,否
600982,宁波能源,上证,周线,看涨吞没,Bullish Engulfing,看涨,2026-07-31,86,0.5,5.08,5.39,7,否
601611,中国核建,上证,周线,启明星,Morning Star,看涨,2026-07-31,100,0.6,10.55,5.39,11,是
688047,龙芯中科,科创,周线,看涨吞没,Bullish Engulfing,看涨,2026-08-07,100,0.51,112.09,5.39,1,否
000797,中国武夷,深证,周线,看涨吞没,Bullish Engulfing,看涨,2026-07-31,95.7,0.77,2.35,5.38,5,否
002053,云南能投,深证,周线,看涨吞没,Bullish Engulfing,看涨,2026-07-31,100,0.48,9.6,5.38,9,是
002551,尚荣医疗,深证,周线,看涨吞没,Bullish Engulfing,看涨,2026-07-31,100,0.93,2.94,5.38,1,是
603230,内蒙新华,上证,周线,看涨吞没,Bullish Engulfing,看涨,2026-07-31,98.9,0.71,9.01,5.38,0,是
002465,海格通信,深证,周线,看涨吞没,Bullish Engulfing,看涨,2026-07-31,86.9,0.6,10,5.37,6,否
002566,益盛药业,深证,周线,看涨吞没,Bullish Engulfing,看涨,2026-07-31,100,1.99,6.48,5.37,2,否
002727,一心堂,深证,周线,看涨吞没,Bullish Engulfing,看涨,2026-08-14,100,3.74,11.97,5.37,1,否
300057,万顺新材,创业,周线,看涨吞没,Bullish Engulfing,看涨,2026-07-31,95.4,0.46,6.08,5.37,0,是
300791,仙乐健康,创业,周线,看涨吞没,Bullish Engulfing,看涨,2026-08-14,100,1.63,17.86,5.37,0,是
600207,安彩高科,上证,周线,看涨吞没,Bullish Engulfing,看涨,2026-07-31,100,0.4,4.12,5.37,6,是
601108,财通证券,上证,月线,看涨吞没,Bullish Engulfing,看涨,2026-08-14,100,0.64,8.83,5.37,1,否
603161,科华控股,上证,日线,看涨吞没,Bullish Engulfing,看涨,2026-08-12,100,2.19,16.68,5.37,6,是
605066,天正电气,上证,周线,看涨吞没,Bullish Engulfing,看涨,2026-07-31,100,0.39,6.47,5.37,1,是
002589,瑞康医药,深证,周线,看涨吞没,Bullish Engulfing,看涨,2026-07-31,84.3,0.54,2.75,5.36,10,否
000068,华控赛格,深证,周线,看涨吞没,Bullish Engulfing,看涨,2026-07-31,100,0.56,2.76,5.34,5,是
002067,景兴纸业,深证,周线,看涨吞没,Bullish Engulfing,看涨,2026-07-24,100,1.17,4.14,5.34,10,是
600973,宝胜股份,上证,周线,启明星,Morning Star,看涨,2026-07-31,99.5,0.46,5.92,5.34,4,否
000899,赣能股份,深证,周线,看涨吞没,Bullish Engulfing,看涨,2026-07-31,100,0.59,10.87,5.33,6,是
002773,康弘药业,深证,月线,看涨吞没,Bullish Engulfing,看涨,2026-07-31,100,1.67,21.54,5.33,2,是
300070,碧水源,创业,周线,看涨吞没,Bullish Engulfing,看涨,2026-07-31,100,0.9,3.56,5.33,0,是
002225,濮耐股份,深证,周线,启明星,Morning Star,看涨,2026-08-07,100,0.52,3.76,5.32,2,是
002290,禾盛新材,深证,日线,看涨吞没,Bullish Engulfing,看涨,2026-08-12,100,0.74,62.36,5.32,10,否
688589,力合微,科创,周线,启明星,Morning Star,看涨,2026-08-07,100,0.96,18.01,5.32,1,是
000420,吉林化纤,深证,周线,看涨吞没,Bullish Engulfing,看涨,2026-07-31,100,0.35,3.77,5.31,3,否
000420,吉林化纤,深证,周线,启明星,Morning Star,看涨,2026-07-31,100,0.35,3.77,5.31,3,否
002442,龙星科技,深证,周线,看涨吞没,Bullish Engulfing,看涨,2026-07-31,90,0.4,4.76,5.31,6,否
000620,盈新发展,深证,周线,看涨吞没,Bullish Engulfing,看涨,2026-08-07,100,0.65,2.78,5.3,28,是
002309,中利集团,深证,周线,启明星,Morning Star,看涨,2026-07-24,100,0.93,2.78,5.3,17,否
603980,吉华集团,上证,月线,看涨吞没,Bullish Engulfing,看涨,2026-08-14,100,0.56,6.95,5.3,6,是
688627,精智达,科创,日线,启明星,Morning Star,看涨,2026-08-13,100,1.33,482.56,5.3,2,否
001285,瑞立科密,深证,周线,看涨吞没,Bullish Engulfing,看涨,2026-07-31,100,0.75,41.41,5.29,0,否
002165,红 宝 丽,深证,日线,看涨吞没,Bullish Engulfing,看涨,2026-08-10,99,1.22,6.97,5.29,13,否
300370,安控科技,创业,月线,启明星,Morning Star,看涨,2026-08-14,100,0.29,2.19,5.29,0,是
603527,众源新材,上证,周线,看涨吞没,Bullish Engulfing,看涨,2026-07-31,82,0.36,9.15,5.29,5,否
603787,新日股份,上证,周线,看涨吞没,Bullish Engulfing,看涨,2026-07-31,100,0.33,9.75,5.29,2,是
001222,源飞宠物,深证,周线,看涨吞没,Bullish Engulfing,看涨,2026-08-14,100,3.45,14.75,5.28,2,是
001379,腾达科技,深证,周线,看涨吞没,Bullish Engulfing,看涨,2026-07-31,85.4,0.8,14.95,5.28,4,否
003013,地铁设计,深证,日线,看涨吞没,Bullish Engulfing,看涨,2026-08-12,87.7,0.85,18.39,5.27,1,是
300024,机器人,创业,周线,看涨吞没,Bullish Engulfing,看涨,2026-07-31,99.1,0.73,15.37,5.27,0,是
600338,西藏珠峰,上证,周线,启明星,Morning Star,看涨,2026-07-31,100,0.6,12.8,5.26,4,否
600467,好当家,上证,周线,看涨吞没,Bullish Engulfing,看涨,2026-07-31,100,0.74,2.2,5.26,2,是
603367,辰欣药业,上证,日线,看涨吞没,Bullish Engulfing,看涨,2026-08-12,100,1.41,15.4,5.26,4,是
300496,中科创达,创业,周线,看涨吞没,Bullish Engulfing,看涨,2026-07-31,100,0.91,60.38,5.25,0,否
600558,大西洋,上证,周线,看涨吞没,Bullish Engulfing,看涨,2026-08-14,100,1.35,5.01,5.25,1,是
603323,苏农银行,上证,周线,看涨吞没,Bullish Engulfing,看涨,2026-07-31,100,1.53,4.41,5.25,0,否
002339,积成电子,深证,周线,看涨吞没,Bullish Engulfing,看涨,2026-07-24,87.6,1.11,6.83,5.24,10,否
002494,华斯股份,深证,周线,看涨吞没,Bullish Engulfing,看涨,2026-07-31,99.5,1.03,4.42,5.24,0,是
002614,奥佳华,深证,日线,看涨吞没,Bullish Engulfing,看涨,2026-08-10,100,2.27,5.02,5.24,2,是
002832,比音勒芬,深证,日线,看涨吞没,Bullish Engulfing,看涨,2026-08-10,93.6,1.27,25.91,5.24,1,是
301311,昆船智能,创业,周线,看涨吞没,Bullish Engulfing,看涨,2026-07-31,100,1.49,13.45,5.24,0,是
603214,爱婴室,上证,月线,启明星,Morning Star,看涨,2026-08-14,100,0.18,13.66,5.24,0,否
603363,傲农生物,上证,周线,看涨吞没,Bullish Engulfing,看涨,2026-07-31,100,0.42,2.81,5.24,7,是
603658,安图生物,上证,周线,看涨吞没,Bullish Engulfing,看涨,2026-07-31,98,1.27,33.11,5.24,0,否
002044,美年健康,深证,月线,看涨吞没,Bullish Engulfing,看涨,2026-08-14,100,0.56,5.03,5.23,8,是
603903,中持股份,上证,日线,看涨吞没,Bullish Engulfing,看涨,2026-08-10,100,0.63,13.08,5.23,11,是
600212,绿能慧充,上证,月线,看涨吞没,Bullish Engulfing,看涨,2026-08-14,100,0.19,5.44,5.22,0,是
600518,康美药业,上证,周线,看涨吞没,Bullish Engulfing,看涨,2026-08-14,100,1.7,1.41,5.22,0,是
603370,华新精科,上证,周线,启明星,Morning Star,看涨,2026-08-07,100,0.94,34.25,5.22,2,是
002201,九鼎新材,深证,周线,看涨吞没,Bullish Engulfing,看涨,2026-07-31,100,0.4,7.67,5.21,13,是
002395,双象股份,深证,周线,看涨吞没,Bullish Engulfing,看涨,2026-07-31,99.5,0.38,11.91,5.21,2,是
002418,康盛股份,深证,周线,启明星,Morning Star,看涨,2026-07-31,94.8,0.37,3.43,5.21,15,否
002422,科伦药业,深证,月线,看涨吞没,Bullish Engulfing,看涨,2026-05-29,100,0.93,36.37,5.21,2,否
600576,祥源文旅,上证,周线,看涨吞没,Bullish Engulfing,看涨,2026-07-31,100,0.56,5.65,5.21,4,是
000050,深天马Ａ,深证,周线,看涨吞没,Bullish Engulfing,看涨,2026-07-31,100,0.72,6.47,5.2,1,是
000972,中基健康,深证,周线,看涨吞没,Bullish Engulfing,看涨,2026-08-07,100,1.08,3.44,5.2,2,是
301022,海泰科,创业,月线,看涨吞没,Bullish Engulfing,看涨,2026-08-14,100,0.2,23.07,5.2,2,是
002088,鲁阳节能,深证,日线,看涨吞没,Bullish Engulfing,看涨,2026-08-14,100,2.09,7.9,5.19,4,是
301269,华大九天,创业,日线,看涨吞没,Bullish Engulfing,看涨,2026-08-11,100,1.19,97.96,5.19,0,是
603610,麒盛科技,上证,周线,看涨吞没,Bullish Engulfing,看涨,2026-07-31,100,1.16,13.18,5.19,11,是
001323,慕思股份,深证,月线,启明星,Morning Star,看涨,2026-08-14,100,1.49,18.67,5.18,1,是
301287,康力源,创业,周线,看涨吞没,Bullish Engulfing,看涨,2026-07-31,87.1,0.62,33.08,5.18,0,否
601908,京运通,上证,日线,看涨吞没,Bullish Engulfing,看涨,2026-08-12,100,2.63,3.25,5.18,7,是
600116,三峡水利,上证,月线,看涨吞没,Bullish Engulfing,看涨,2026-05-29,100,1.96,6.92,5.17,0,是
600173,卧龙新能,上证,周线,看涨吞没,Bullish Engulfing,看涨,2026-07-24,83.5,0.84,5.9,5.17,11,否
600292,电投水电,上证,周线,看涨吞没,Bullish Engulfing,看涨,2026-07-31,92.6,0.62,12.62,5.17,4,否
600807,济高发展,上证,周线,看涨吞没,Bullish Engulfing,看涨,2026-07-31,100,0.69,2.44,5.17,2,是
000890,法尔胜,深证,周线,看涨吞没,Bullish Engulfing,看涨,2026-07-31,100,0.28,6.73,5.16,23,是
002556,辉隆股份,深证,周线,看涨吞没,Bullish Engulfing,看涨,2026-07-31,100,0.58,4.89,5.16,0,否
688825,长鑫科技,科创,周线,看涨吞没,Bullish Engulfing,看涨,2026-08-14,100,0.46,55.18,5.14,0,否
000695,滨海能源,深证,周线,看涨吞没,Bullish Engulfing,看涨,2026-07-24,100,0.61,12.91,5.13,10,否
603577,汇金通,上证,周线,看涨吞没,Bullish Engulfing,看涨,2026-07-17,83.8,1,9.83,5.13,3,否
000783,长江证券,深证,周线,看涨吞没,Bullish Engulfing,看涨,2026-08-07,100,0.76,9.04,5.12,5,否
600801,华新建材,上证,日线,看涨吞没,Bullish Engulfing,看涨,2026-08-10,100,0.88,24.02,5.12,2,是
601908,京运通,上证,周线,启明星,Morning Star,看涨,2026-07-31,100,0.35,3.08,5.12,7,是
688236,春立医疗,科创,月线,看涨吞没,Bullish Engulfing,看涨,2026-08-14,100,0.43,14.99,5.12,0,否
000557,西部创业,深证,周线,看涨吞没,Bullish Engulfing,看涨,2026-07-31,99.4,0.83,3.7,5.11,0,是
000635,英 力 特,深证,周线,看涨吞没,Bullish Engulfing,看涨,2026-07-31,100,0.59,6.17,5.11,3,否
000922,佳电股份,深证,周线,看涨吞没,Bullish Engulfing,看涨,2026-07-31,90.5,0.74,10.9,5.11,2,否
300206,理邦仪器,创业,月线,看涨吞没,Bullish Engulfing,看涨,2026-08-14,100,0.24,12.34,5.11,0,是
600019,宝钢股份,上证,周线,看涨吞没,Bullish Engulfing,看涨,2026-07-17,100,0.92,5.76,5.11,0,是
603210,泰鸿万立,上证,周线,看涨吞没,Bullish Engulfing,看涨,2026-07-31,86.4,0.79,13.58,5.11,2,否
000915,华特达因,深证,周线,看涨吞没,Bullish Engulfing,看涨,2026-07-31,90,0.94,25.99,5.1,0,否
301199,迈赫股份,创业,周线,启明星,Morning Star,看涨,2026-08-07,100,0.73,18.54,5.1,1,否
688259,创耀科技,科创,月线,看涨吞没,Bullish Engulfing,看涨,2026-06-30,93.9,0.98,39.12,5.1,0,否
300337,银邦股份,创业,周线,看涨吞没,Bullish Engulfing,看涨,2026-07-31,84.2,0.5,9.29,5.09,1,否
600561,江西长运,上证,日线,看涨吞没,Bullish Engulfing,看涨,2026-08-10,100,1.18,5.78,5.09,0,是
000012,南 玻Ａ,深证,周线,看涨吞没,Bullish Engulfing,看涨,2026-07-31,100,0.52,3.93,5.08,6,是
002033,丽江股份,深证,月线,看涨吞没,Bullish Engulfing,看涨,2026-07-31,100,0.91,8.68,5.08,2,是
301048,金鹰重工,创业,周线,看涨吞没,Bullish Engulfing,看涨,2026-07-31,100,0.5,8.89,5.08,1,是
301061,匠心家居,创业,周线,看涨吞没,Bullish Engulfing,看涨,2026-07-24,100,1.67,35.19,5.08,0,否
300683,海特生物,创业,日线,看涨吞没,Bullish Engulfing,看涨,2026-08-11,100,1.48,30.65,5.07,1,否
601658,邮储银行,上证,月线,看涨吞没,Bullish Engulfing,看涨,2026-07-31,100,1.1,5.18,5.07,0,是
000718,苏宁环球,深证,周线,看涨吞没,Bullish Engulfing,看涨,2026-07-31,87.4,0.59,1.87,5.06,5,否
301109,军信股份,创业,周线,看涨吞没,Bullish Engulfing,看涨,2026-07-31,100,0.62,14.13,5.06,0,是
000728,国元证券,深证,月线,看涨吞没,Bullish Engulfing,看涨,2026-06-30,100,1.24,7.49,5.05,0,是
002052,同洲电子,深证,周线,看涨吞没,Bullish Engulfing,看涨,2026-07-24,100,0.97,8.32,5.05,11,否
300406,九强生物,创业,周线,看涨吞没,Bullish Engulfing,看涨,2026-07-31,86.9,1.07,11.64,5.05,0,否
600470,六国化工,上证,周线,看涨吞没,Bullish Engulfing,看涨,2026-07-31,92.7,0.47,5.41,5.05,11,否
601208,东材科技,上证,日线,看涨吞没,Bullish Engulfing,看涨,2026-08-11,94,1.48,47.67,5.05,20,是
002441,众业达,深证,周线,看涨吞没,Bullish Engulfing,看涨,2026-07-31,100,0.56,7.92,5.04,1,是
000030,富奥股份,深证,周线,看涨吞没,Bullish Engulfing,看涨,2026-07-17,89.7,0.85,4.18,5.03,1,否
002026,山东威达,深证,周线,看涨吞没,Bullish Engulfing,看涨,2026-07-31,86.7,0.75,9.82,5.03,0,否
002957,科瑞技术,深证,日线,启明星,Morning Star,看涨,2026-08-12,100,1.4,40.75,5.03,17,是
300311,任子行,创业,月线,看涨吞没,Bullish Engulfing,看涨,2026-07-31,100,0.5,5.43,5.03,1,是
600085,同仁堂,上证,周线,看涨吞没,Bullish Engulfing,看涨,2026-07-31,100,1.23,26.32,5.03,0,是
601033,永兴股份,上证,周线,看涨吞没,Bullish Engulfing,看涨,2026-07-17,100,0.94,14,5.03,0,是
603967,中创物流,上证,周线,看涨吞没,Bullish Engulfing,看涨,2026-07-31,100,0.73,11.49,5.03,2,是
688071,华依科技,科创,日线,看涨吞没,Bullish Engulfing,看涨,2026-08-11,100,1.07,37.98,5.03,0,是
600908,无锡银行,上证,周线,看涨吞没,Bullish Engulfing,看涨,2026-07-31,100,1.54,5.65,5.02,0,否
000790,华神科技,深证,周线,看涨吞没,Bullish Engulfing,看涨,2026-07-31,98.6,0.7,3.77,5.01,1,否
001356,富岭股份,深证,周线,看涨吞没,Bullish Engulfing,看涨,2026-07-17,92.5,0.99,8.81,5.01,0,否
603082,北自科技,上证,月线,看涨吞没,Bullish Engulfing,看涨,2026-05-29,100,2.94,35.66,5.01,8,是
000830,鲁西化工,深证,周线,启明星,Morning Star,看涨,2026-07-24,100,0.95,12.39,5,2,是
002482,广田集团,深证,周线,看涨吞没,Bullish Engulfing,看涨,2026-07-31,100,0.92,1.26,5,1,是
002482,广田集团,深证,周线,启明星,Morning Star,看涨,2026-07-31,100,0.92,1.26,5,1,是
300871,回盛生物,创业,日线,看涨吞没,Bullish Engulfing,看涨,2026-08-14,100,1.81,24.37,5,1,是
300953,震裕科技,创业,日线,看涨吞没,Bullish Engulfing,看涨,2026-08-11,86.6,1.3,105.68,5,0,否
600593,大连圣亚,上证,月线,看涨吞没,Bullish Engulfing,看涨,2026-07-31,91.4,0.68,37.83,5,6,否
688016,心脉医疗,科创,周线,看涨吞没,Bullish Engulfing,看涨,2026-07-31,100,0.71,93.45,5,0,否
600031,三一重工,上证,周线,看涨吞没,Bullish Engulfing,看涨,2026-07-24,100,1.02,19.58,4.99,0,是
600862,中航高科,上证,周线,看涨吞没,Bullish Engulfing,看涨,2026-07-31,86.5,0.77,18.73,4.99,1,否
000530,冰山冷热,深证,周线,看涨吞没,Bullish Engulfing,看涨,2026-07-31,86,0.45,4.85,4.98,4,否
300428,立中集团,创业,周线,启明星,Morning Star,看涨,2026-07-31,100,0.81,18.98,4.98,0,否
688013,天臣医疗,科创,周线,看涨吞没,Bullish Engulfing,看涨,2026-07-31,99.6,1.11,23.41,4.98,0,是
000755,山西高速,深证,月线,看涨吞没,Bullish Engulfing,看涨,2026-05-29,100,0.7,5.28,4.97,1,是
002997,瑞鹄模具,深证,周线,看涨吞没,Bullish Engulfing,看涨,2026-07-31,88.7,0.55,26.41,4.97,2,否
300718,长盛轴承,创业,日线,看涨吞没,Bullish Engulfing,看涨,2026-08-11,92.2,1.61,68.66,4.97,1,是
603897,长城科技,上证,周线,看涨吞没,Bullish Engulfing,看涨,2026-07-31,100,0.66,24.5,4.97,11,是
000656,金科股份,深证,月线,启明星,Morning Star,看涨,2026-08-14,100,1.11,1.27,4.96,4,是
300009,安科生物,创业,周线,看涨吞没,Bullish Engulfing,看涨,2026-07-31,99.5,0.87,8.26,4.96,0,是
300140,节能环境,创业,周线,看涨吞没,Bullish Engulfing,看涨,2026-07-17,90.7,0.51,5.29,4.96,0,否
603197,保隆科技,上证,月线,启明星,Morning Star,看涨,2026-08-14,100,0.28,30.4,4.94,1,是
688543,国科军工,科创,月线,看涨吞没,Bullish Engulfing,看涨,2026-08-14,100,0.5,39.76,4.94,0,是
688570,天玛智控,科创,周线,看涨吞没,Bullish Engulfing,看涨,2026-07-31,100,0.67,14.67,4.94,0,是
002531,天顺风能,深证,周线,看涨吞没,Bullish Engulfing,看涨,2026-07-31,100,0.88,6.38,4.93,1,是
003007,直真科技,深证,周线,看涨吞没,Bullish Engulfing,看涨,2026-07-31,86.6,0.4,33.72,4.92,13,否
300021,大禹节水,创业,周线,看涨吞没,Bullish Engulfing,看涨,2026-07-31,100,0.59,3.84,4.92,0,是
300132,诺斯贝尔,创业,日线,看涨吞没,Bullish Engulfing,看涨,2026-08-10,100,1.28,6.83,4.92,0,是
300580,贝斯特,创业,日线,看涨吞没,Bullish Engulfing,看涨,2026-08-11,94.6,1.34,21.96,4.92,1,是
600054,黄山旅游,上证,月线,看涨吞没,Bullish Engulfing,看涨,2026-07-31,100,0.73,11.3,4.92,0,是
600096,云天化,上证,周线,启明星,Morning Star,看涨,2026-07-24,94.8,0.65,28.8,4.92,4,否
600475,华光环能,上证,月线,看涨吞没,Bullish Engulfing,看涨,2026-07-31,100,0.88,16,4.92,13,是
000042,中洲控股,深证,周线,看涨吞没,Bullish Engulfing,看涨,2026-07-31,92,0.71,8.12,4.91,2,否
002593,日上集团,深证,周线,看涨吞没,Bullish Engulfing,看涨,2026-07-31,84.4,0.87,4.27,4.91,4,否
600153,建发股份,上证,周线,看涨吞没,Bullish Engulfing,看涨,2026-07-31,100,1.15,8.98,4.91,0,否
002287,奇正藏药,深证,周线,看涨吞没,Bullish Engulfing,看涨,2026-07-31,84.8,1.02,20.98,4.9,0,否
301289,国缆检测,创业,周线,看涨吞没,Bullish Engulfing,看涨,2026-07-31,100,0.75,42.36,4.9,1,是
600839,四川长虹,上证,月线,看涨吞没,Bullish Engulfing,看涨,2026-08-14,100,0.24,7.28,4.9,2,是
600846,同济科技,上证,周线,看涨吞没,Bullish Engulfing,看涨,2026-07-31,100,1.66,11.55,4.9,5,是
603277,银都股份,上证,月线,启明星,Morning Star,看涨,2026-08-14,100,1.18,11.34,4.9,1,是
688339,亿华通,科创,周线,看涨吞没,Bullish Engulfing,看涨,2026-07-31,100,0.54,16.91,4.9,0,是
002153,石基信息,深证,日线,看涨吞没,Bullish Engulfing,看涨,2026-08-14,100,2.47,8.79,4.89,7,是
002206,海 利 得,深证,周线,看涨吞没,Bullish Engulfing,看涨,2026-07-31,100,0.71,5.36,4.89,0,是
002718,友邦吊顶,深证,日线,看涨吞没,Bullish Engulfing,看涨,2026-08-12,100,0.92,90.15,4.89,18,是
301312,智立方,创业,日线,看涨吞没,Bullish Engulfing,看涨,2026-08-11,97,1.66,69.45,4.89,3,是
600805,悦达投资,上证,周线,看涨吞没,Bullish Engulfing,看涨,2026-07-31,100,0.53,4.29,4.89,1,是
688512,慧智微,科创,日线,看涨吞没,Bullish Engulfing,看涨,2026-08-12,80.1,0.82,15.23,4.89,1,否
688612,威迈斯,科创,周线,看涨吞没,Bullish Engulfing,看涨,2026-07-31,100,0.53,29.86,4.88,0,是
000550,江铃汽车,深证,月线,看涨吞没,Bullish Engulfing,看涨,2026-07-31,100,0.72,17.01,4.87,0,否
300457,赢合科技,创业,日线,看涨吞没,Bullish Engulfing,看涨,2026-08-12,100,2.1,21.3,4.87,1,是
600371,万向德农,上证,月线,启明星,Morning Star,看涨,2026-08-14,100,0.32,7.11,4.87,1,是
601136,首创证券,上证,月线,看涨吞没,Bullish Engulfing,看涨,2026-07-31,95.7,0.57,14.63,4.87,0,否
688499,利元亨,科创,周线,看涨吞没,Bullish Engulfing,看涨,2026-07-31,91.9,0.6,34.21,4.87,1,否
688717,艾罗能源,科创,日线,看涨吞没,Bullish Engulfing,看涨,2026-08-11,100,1.39,62.39,4.87,0,否
000762,西藏矿业,深证,周线,启明星,Morning Star,看涨,2026-07-31,99,0.51,22.24,4.86,3,否
002261,拓维信息,深证,周线,看涨吞没,Bullish Engulfing,看涨,2026-08-07,94,0.62,27.19,4.86,6,否
002779,中坚科技,深证,日线,看涨吞没,Bullish Engulfing,看涨,2026-08-10,100,1.65,74.41,4.86,6,是
301388,欣灵电气,创业,周线,看涨吞没,Bullish Engulfing,看涨,2026-07-31,100,0.54,22.05,4.85,0,是
301388,欣灵电气,创业,周线,启明星,Morning Star,看涨,2026-07-31,100,0.54,22.05,4.85,0,是
600694,大商股份,上证,周线,看涨吞没,Bullish Engulfing,看涨,2026-07-31,100,1.1,14.71,4.85,1,是
688708,佳驰科技,科创,周线,启明星,Morning Star,看涨,2026-07-31,94.6,0.83,46.87,4.85,0,否
002500,山西证券,深证,月线,看涨吞没,Bullish Engulfing,看涨,2026-07-31,100,0.95,5.41,4.84,0,是
002703,浙江世宝,深证,日线,看涨吞没,Bullish Engulfing,看涨,2026-08-11,99.5,1.86,15.59,4.84,14,是
300165,天瑞仪器,创业,周线,看涨吞没,Bullish Engulfing,看涨,2026-07-31,79.7,0.81,4.77,4.84,1,否
301586,佳力奇,创业,周线,看涨吞没,Bullish Engulfing,看涨,2026-07-31,87.7,0.85,30.09,4.84,0,否
000901,航天科技,深证,周线,看涨吞没,Bullish Engulfing,看涨,2026-07-31,100,0.6,14.12,4.83,9,否
002425,凯撒文化,深证,日线,看涨吞没,Bullish Engulfing,看涨,2026-08-11,100,3.59,3.47,4.83,4,是
600616,金枫酒业,上证,周线,看涨吞没,Bullish Engulfing,看涨,2026-08-14,100,1.32,4.34,4.83,0,是
603360,百傲化学,上证,周线,看涨吞没,Bullish Engulfing,看涨,2026-07-31,97.3,0.84,12.58,4.83,9,否
002982,湘佳股份,深证,日线,看涨吞没,Bullish Engulfing,看涨,2026-08-10,100,1.71,12.4,4.82,3,是
300022,吉峰科技,创业,周线,看涨吞没,Bullish Engulfing,看涨,2026-07-31,100,0.33,7.83,4.82,0,否
600266,城建发展,上证,月线,启明星,Morning Star,看涨,2026-08-14,100,0.53,4.35,4.82,7,是
688334,西高院,科创,周线,启明星,Morning Star,看涨,2026-07-31,100,0.55,18.31,4.81,0,否
002019,亿帆医药,深证,周线,看涨吞没,Bullish Engulfing,看涨,2026-07-31,99.6,0.59,10.27,4.8,0,是
688795,摩尔线程,科创,周线,看涨吞没,Bullish Engulfing,看涨,2026-08-07,82,0.44,597.89,4.8,1,否
300073,当升科技,创业,周线,启明星,Morning Star,看涨,2026-07-31,100,0.93,41.58,4.79,0,否
301377,鼎泰高科,创业,日线,看涨吞没,Bullish Engulfing,看涨,2026-08-12,100,0.77,449.57,4.79,3,是
301680,固德电材,创业,周线,看涨吞没,Bullish Engulfing,看涨,2026-07-31,100,0.3,90.51,4.79,1,是
002550,千红制药,深证,周线,看涨吞没,Bullish Engulfing,看涨,2026-07-31,100,0.79,6.79,4.78,1,是
000712,锦龙股份,深证,日线,看涨吞没,Bullish Engulfing,看涨,2026-08-12,86.2,2.56,9.67,4.77,2,否
001239,永达股份,深证,周线,启明星,Morning Star,看涨,2026-08-07,96.4,0.84,11.65,4.77,1,否
000507,珠海港,深证,周线,看涨吞没,Bullish Engulfing,看涨,2026-07-31,100,0.91,5.06,4.76,0,是
002745,木林森,深证,日线,启明星,Morning Star,看涨,2026-08-12,100,1.04,11.66,4.76,4,是
002423,中粮资本,深证,周线,看涨吞没,Bullish Engulfing,看涨,2026-07-31,100,0.9,9.27,4.75,3,是
002487,大金重工,深证,日线,看涨吞没,Bullish Engulfing,看涨,2026-08-12,98.2,1.02,43.63,4.75,5,否
300242,佳云科技,创业,日线,看涨吞没,Bullish Engulfing,看涨,2026-08-12,100,1.37,4.63,4.75,1,否
300712,永福股份,创业,日线,启明星,Morning Star,看涨,2026-08-10,100,1.95,21.82,4.75,0,否
300898,熊猫乳品,创业,周线,看涨吞没,Bullish Engulfing,看涨,2026-07-17,100,1.06,19.84,4.75,0,否
688007,光峰科技,科创,周线,启明星,Morning Star,看涨,2026-08-07,100,0.73,10.81,4.75,0,是
300321,同大股份,创业,日线,看涨吞没,Bullish Engulfing,看涨,2026-08-14,91.6,1.07,34.48,4.74,1,是
001309,德明利,深证,周线,看涨吞没,Bullish Engulfing,看涨,2026-08-07,98.1,1.58,404.16,4.73,20,否
002302,西部建设,深证,日线,看涨吞没,Bullish Engulfing,看涨,2026-08-10,96.4,4.08,5.09,4.73,2,是
300230,永利股份,创业,周线,看涨吞没,Bullish Engulfing,看涨,2026-07-31,100,0.67,4.21,4.73,0,是
600717,天津港,上证,周线,看涨吞没,Bullish Engulfing,看涨,2026-07-31,100,1.04,4.43,4.73,0,否
600756,浪潮软件,上证,日线,看涨吞没,Bullish Engulfing,看涨,2026-08-12,100,1.08,16.37,4.73,8,是
603062,麦加芯彩,上证,周线,看涨吞没,Bullish Engulfing,看涨,2026-07-31,100,0.29,36.12,4.73,1,否
688132,邦彦技术,科创,月线,看涨吞没,Bullish Engulfing,看涨,2026-08-14,100,0.26,13.51,4.73,0,是
000553,安道麦A,深证,周线,看涨吞没,Bullish Engulfing,看涨,2026-07-31,100,0.54,5.33,4.72,4,是
002128,电投能源,深证,周线,看涨吞没,Bullish Engulfing,看涨,2026-07-17,94.3,1.12,25.13,4.71,1,否
300106,西部牧业,创业,日线,看涨吞没,Bullish Engulfing,看涨,2026-08-10,91.7,1,9.78,4.71,0,否
300958,建工修复,创业,日线,看涨吞没,Bullish Engulfing,看涨,2026-08-10,100,1.21,11.78,4.71,0,是
301223,中荣股份,创业,月线,看涨吞没,Bullish Engulfing,看涨,2026-08-14,100,0.34,16.67,4.71,0,是
688612,威迈斯,科创,日线,看涨吞没,Bullish Engulfing,看涨,2026-08-13,94.3,1.76,33.38,4.71,0,是
002184,海得控制,深证,月线,看涨吞没,Bullish Engulfing,看涨,2026-08-14,100,0.18,10.03,4.7,2,是
300005,探路者,创业,日线,看涨吞没,Bullish Engulfing,看涨,2026-08-11,78.5,0.76,11.58,4.7,1,否
300626,华瑞股份,创业,日线,看涨吞没,Bullish Engulfing,看涨,2026-08-11,86,0.63,31.65,4.7,5,是
600796,钱江生化,上证,周线,看涨吞没,Bullish Engulfing,看涨,2026-07-31,86.6,0.73,4.9,4.7,1,否
600959,江苏有线,上证,周线,看涨吞没,Bullish Engulfing,看涨,2026-07-31,100,0.58,3.12,4.7,2,是
603566,普莱柯,上证,周线,看涨吞没,Bullish Engulfing,看涨,2026-07-17,95.6,1.29,10.7,4.7,0,否
603023,威帝股份,上证,周线,看涨吞没,Bullish Engulfing,看涨,2026-07-31,100,0.97,3.57,4.69,10,是
001322,箭牌家居,深证,周线,看涨吞没,Bullish Engulfing,看涨,2026-07-17,100,0.94,6.48,4.68,0,否
002362,汉王科技,深证,月线,启明星,Morning Star,看涨,2026-08-14,100,0.22,16.11,4.68,2,是
300335,迪森股份,创业,日线,看涨吞没,Bullish Engulfing,看涨,2026-08-10,100,0.93,5.59,4.68,1,否
600210,紫江企业,上证,周线,看涨吞没,Bullish Engulfing,看涨,2026-07-17,100,1.15,6.49,4.68,2,否
600259,中稀有色,上证,日线,看涨吞没,Bullish Engulfing,看涨,2026-08-14,100,1.26,92.2,4.68,8,是
603668,天马科技,上证,周线,看涨吞没,Bullish Engulfing,看涨,2026-07-31,100,0.61,10.95,4.68,3,是
000727,冠捷科技,深证,周线,看涨吞没,Bullish Engulfing,看涨,2026-07-31,86.7,0.46,2.24,4.67,6,否
001301,尚太科技,深证,日线,看涨吞没,Bullish Engulfing,看涨,2026-08-11,100,1.07,54.95,4.67,5,否
600787,中储股份,上证,周线,看涨吞没,Bullish Engulfing,看涨,2026-07-31,91.2,0.86,4.71,4.67,0,否
688798,艾为电子,科创,周线,看涨吞没,Bullish Engulfing,看涨,2026-08-07,100,0.68,56.22,4.67,0,否
000919,金陵药业,深证,周线,看涨吞没,Bullish Engulfing,看涨,2026-07-31,87.2,0.45,6.29,4.66,3,否
300113,顺网科技,创业,日线,看涨吞没,Bullish Engulfing,看涨,2026-08-14,95.6,1.41,18.86,4.66,2,是
601996,丰林集团,上证,日线,看涨吞没,Bullish Engulfing,看涨,2026-08-10,100,0.83,2.47,4.66,3,否
603060,国检集团,上证,周线,看涨吞没,Bullish Engulfing,看涨,2026-07-31,100,0.36,5.39,4.66,4,是
688557,兰剑智能,科创,日线,看涨吞没,Bullish Engulfing,看涨,2026-08-12,100,2.01,20.87,4.66,0,否
002489,浙江永强,深证,周线,看涨吞没,Bullish Engulfing,看涨,2026-07-31,100,0.66,2.7,4.65,0,是
002683,广东宏大,深证,日线,看涨吞没,Bullish Engulfing,看涨,2026-08-12,95.3,1.43,29.48,4.65,0,是
002743,富煌钢构,深证,日线,看涨吞没,Bullish Engulfing,看涨,2026-08-10,100,1.17,4.05,4.65,0,否
300414,中光防雷,创业,周线,看涨吞没,Bullish Engulfing,看涨,2026-08-07,100,1.73,11.48,4.65,2,是
300982,苏文电能,创业,周线,看涨吞没,Bullish Engulfing,看涨,2026-07-31,98.5,0.34,14.64,4.65,2,是
301015,百洋医药,创业,日线,看涨吞没,Bullish Engulfing,看涨,2026-08-13,100,1.74,25.2,4.65,0,是
603703,盛洋科技,上证,周线,看涨吞没,Bullish Engulfing,看涨,2026-07-31,92.3,0.77,8.55,4.65,6,否
605088,冠盛股份,上证,周线,启明星,Morning Star,看涨,2026-08-07,100,1.21,21.16,4.65,0,否
688418,震有科技,科创,日线,看涨吞没,Bullish Engulfing,看涨,2026-08-11,99.5,1.41,38.07,4.65,1,是
000913,钱江摩托,深证,周线,看涨吞没,Bullish Engulfing,看涨,2026-07-17,100,0.94,10.83,4.64,1,是
300275,梅安森,创业,日线,看涨吞没,Bullish Engulfing,看涨,2026-08-14,100,1.24,9.27,4.63,1,是
301668,昊创瑞通,创业,日线,看涨吞没,Bullish Engulfing,看涨,2026-08-10,100,1.95,38.39,4.63,1,否
600248,陕建股份,上证,周线,看涨吞没,Bullish Engulfing,看涨,2026-07-31,85.6,0.92,2.94,4.63,1,否
002629,仁智股份,深证,周线,看涨吞没,Bullish Engulfing,看涨,2026-07-31,93.5,0.51,4.3,4.62,11,否
603501,豪威集团,上证,日线,看涨吞没,Bullish Engulfing,看涨,2026-08-11,100,1.38,93.26,4.62,1,否
603898,好莱客,上证,周线,看涨吞没,Bullish Engulfing,看涨,2026-08-07,100,0.81,10.88,4.62,7,否
603700,宁水集团,上证,日线,启明星,Morning Star,看涨,2026-08-10,100,1.78,11.79,4.61,0,是
688678,福立旺,科创,日线,启明星,Morning Star,看涨,2026-08-12,100,0.8,18.85,4.61,0,是
002214,大立科技,深证,周线,看涨吞没,Bullish Engulfing,看涨,2026-07-31,98.6,0.9,12.95,4.6,2,否
600392,盛和资源,上证,日线,看涨吞没,Bullish Engulfing,看涨,2026-08-14,85.1,1.13,23.9,4.6,5,是
601696,中银证券,上证,周线,看涨吞没,Bullish Engulfing,看涨,2026-07-31,100,0.89,11.83,4.6,3,是
002285,世联行,深证,日线,看涨吞没,Bullish Engulfing,看涨,2026-08-12,100,1.31,2.28,4.59,7,是
301158,德石股份,创业,日线,看涨吞没,Bullish Engulfing,看涨,2026-08-10,100,0.97,15.48,4.59,5,否
600329,达仁堂,上证,周线,看涨吞没,Bullish Engulfing,看涨,2026-07-31,85.3,1.04,38.29,4.59,0,否
600884,杉杉股份,上证,周线,看涨吞没,Bullish Engulfing,看涨,2026-07-24,90,0.84,12.31,4.59,5,否
300196,长海股份,创业,日线,看涨吞没,Bullish Engulfing,看涨,2026-08-12,100,1.47,18.71,4.58,1,是
605507,国邦医药,上证,周线,看涨吞没,Bullish Engulfing,看涨,2026-07-31,92.1,1.4,16.24,4.57,0,否
000886,海南高速,深证,周线,看涨吞没,Bullish Engulfing,看涨,2026-07-31,100,0.87,4.59,4.56,2,是
002886,沃特股份,深证,日线,看涨吞没,Bullish Engulfing,看涨,2026-08-12,100,1.28,20.39,4.56,2,否
600310,广西能源,上证,周线,看涨吞没,Bullish Engulfing,看涨,2026-07-31,100,0.52,4.36,4.56,7,是
002014,永新股份,深证,月线,看涨吞没,Bullish Engulfing,看涨,2026-07-31,100,0.83,11.04,4.55,1,是
002572,索菲亚,深证,周线,看涨吞没,Bullish Engulfing,看涨,2026-07-17,100,1.19,8.04,4.55,0,是
300157,新锦动力,创业,日线,看涨吞没,Bullish Engulfing,看涨,2026-08-10,75.2,0.77,4.37,4.55,3,否
600269,赣粤高速,上证,周线,看涨吞没,Bullish Engulfing,看涨,2026-07-31,100,1.36,4.14,4.55,0,否
600650,锦江在线,上证,月线,启明星,Morning Star,看涨,2026-08-14,100,0.36,10.81,4.55,2,是
601065,江盐集团,上证,周线,看涨吞没,Bullish Engulfing,看涨,2026-07-31,100,0.82,6.9,4.55,0,是
000596,古井贡酒,深证,日线,看涨吞没,Bullish Engulfing,看涨,2026-08-12,100,1.1,99.18,4.54,3,是
300901,中胤时尚,创业,月线,看涨吞没,Bullish Engulfing,看涨,2026-07-31,100,0.81,15.44,4.54,0,是
603511,爱慕股份,上证,日线,看涨吞没,Bullish Engulfing,看涨,2026-08-10,100,1.12,12.44,4.54,0,否
688321,微芯生物,科创,日线,看涨吞没,Bullish Engulfing,看涨,2026-08-11,100,1.51,30.63,4.54,0,是
002259,升达林业,深证,月线,看涨吞没,Bullish Engulfing,看涨,2026-08-14,100,0.32,3.92,4.53,5,是
300358,楚天科技,创业,周线,看涨吞没,Bullish Engulfing,看涨,2026-07-24,100,1.65,8.3,4.53,1,否
300358,楚天科技,创业,周线,启明星,Morning Star,看涨,2026-07-24,100,1.65,8.3,4.53,1,否
600475,华光环能,上证,日线,看涨吞没,Bullish Engulfing,看涨,2026-08-14,96.6,2.03,14.99,4.53,13,是
600681,百川能源,上证,周线,看涨吞没,Bullish Engulfing,看涨,2026-07-31,91,0.51,3.46,4.53,6,否
688068,热景生物,科创,日线,看涨吞没,Bullish Engulfing,看涨,2026-08-13,96.7,1.7,114.98,4.53,1,是
688322,奥比中光,科创,日线,看涨吞没,Bullish Engulfing,看涨,2026-08-11,87.8,1.29,114.38,4.53,0,否
001317,三羊马,深证,周线,看涨吞没,Bullish Engulfing,看涨,2026-08-14,100,1.25,55.5,4.52,9,是
300370,安控科技,创业,周线,启明星,Morning Star,看涨,2026-07-31,100,0.82,2.08,4.52,0,是
301062,上海艾录,创业,日线,看涨吞没,Bullish Engulfing,看涨,2026-08-10,88.9,0.72,6.7,4.52,0,是
600372,中航机载,上证,月线,看涨吞没,Bullish Engulfing,看涨,2026-07-31,100,0.91,11.34,4.52,2,是
601089,福元医药,上证,周线,看涨吞没,Bullish Engulfing,看涨,2026-07-31,82.9,0.86,17.11,4.52,3,否
000403,派林生物,深证,月线,启明星,Morning Star,看涨,2026-08-14,100,0.51,10.9,4.51,1,是
301656,联合动力,创业,周线,看涨吞没,Bullish Engulfing,看涨,2026-07-31,85.1,0.55,16.9,4.51,0,否
601375,XD中原证,上证,月线,看涨吞没,Bullish Engulfing,看涨,2026-07-31,100,1.03,4.17,4.51,0,是
000407,胜利股份,深证,周线,看涨吞没,Bullish Engulfing,看涨,2026-07-31,100,0.54,3.95,4.5,10,是
600308,华泰股份,上证,周线,看涨吞没,Bullish Engulfing,看涨,2026-07-31,100,0.51,3.25,4.5,3,是
601901,方正证券,上证,月线,看涨吞没,Bullish Engulfing,看涨,2026-06-30,100,1.4,7.2,4.5,0,是
688062,迈威生物,科创,日线,看涨吞没,Bullish Engulfing,看涨,2026-08-13,100,1.4,34.12,4.5,1,否
000999,华润三九,深证,周线,看涨吞没,Bullish Engulfing,看涨,2026-07-31,100,1.24,25.81,4.49,0,否
002640,跨境通,深证,日线,看涨吞没,Bullish Engulfing,看涨,2026-08-10,100,1.33,3.49,4.49,8,否
300388,节能国祯,创业,周线,看涨吞没,Bullish Engulfing,看涨,2026-08-14,100,1.37,6.98,4.49,0,是
605277,新亚电子,上证,周线,看涨吞没,Bullish Engulfing,看涨,2026-07-31,100,0.47,14.65,4.49,6,否
688004,博汇科技,科创,日线,看涨吞没,Bullish Engulfing,看涨,2026-08-14,100,1.23,24.9,4.49,0,是
300121,阳谷华泰,创业,周线,看涨吞没,Bullish Engulfing,看涨,2026-07-31,99.3,0.54,9.34,4.47,1,是
600217,中再资环,上证,周线,看涨吞没,Bullish Engulfing,看涨,2026-07-17,100,0.96,3.04,4.47,1,是
600511,国药股份,上证,周线,看涨吞没,Bullish Engulfing,看涨,2026-07-31,100,1.09,28.3,4.47,0,是
600613,神奇制药,上证,周线,看涨吞没,Bullish Engulfing,看涨,2026-07-31,83.7,0.73,4.91,4.47,2,否
601368,绿城水务,上证,周线,看涨吞没,Bullish Engulfing,看涨,2026-07-31,87.4,0.54,4.44,4.47,1,否
603175,超颖电子,上证,日线,看涨吞没,Bullish Engulfing,看涨,2026-08-11,91.3,1.36,89.55,4.47,7,是
301598,博科测试,创业,周线,看涨吞没,Bullish Engulfing,看涨,2026-07-31,83.5,0.76,46.58,4.46,0,否
603618,杭电股份,上证,日线,启明星,Morning Star,看涨,2026-08-12,100,1.18,28.31,4.46,31,是
300687,赛意信息,创业,日线,看涨吞没,Bullish Engulfing,看涨,2026-08-14,95.2,0.93,29.6,4.45,0,是
300797,钢研纳克,创业,周线,看涨吞没,Bullish Engulfing,看涨,2026-07-31,100,0.99,11.96,4.45,1,否
000651,格力电器,深证,周线,看涨吞没,Bullish Engulfing,看涨,2026-07-17,100,1.38,39.95,4.44,0,是
001335,信凯科技,深证,周线,启明星,Morning Star,看涨,2026-08-07,100,0.57,31.31,4.44,1,是
002088,鲁阳节能,深证,周线,看涨吞没,Bullish Engulfing,看涨,2026-07-31,100,1.13,7.29,4.44,4,是
002458,益生股份,深证,周线,看涨吞没,Bullish Engulfing,看涨,2026-07-31,100,1.64,8.71,4.44,3,否
600054,黄山旅游,上证,周线,看涨吞没,Bullish Engulfing,看涨,2026-07-31,100,0.8,11.3,4.44,0,是
601515,衢州东峰,上证,周线,看涨吞没,Bullish Engulfing,看涨,2026-07-31,100,0.42,3.29,4.44,4,否
603365,水星家纺,上证,周线,看涨吞没,Bullish Engulfing,看涨,2026-07-17,100,0.78,17.42,4.44,1,是
300798,锦鸡股份,创业,日线,看涨吞没,Bullish Engulfing,看涨,2026-08-10,100,1.29,7.78,4.43,2,是
600279,重庆港,上证,周线,看涨吞没,Bullish Engulfing,看涨,2026-07-31,100,0.68,4.24,4.43,1,是
600459,贵研铂业,上证,日线,看涨吞没,Bullish Engulfing,看涨,2026-08-12,97.6,1.58,21.71,4.43,6,是
600521,华海药业,上证,周线,启明星,Morning Star,看涨,2026-07-31,100,1.21,16.72,4.43,3,否
603209,兴通股份,上证,周线,看涨吞没,Bullish Engulfing,看涨,2026-07-31,90.6,0.95,13.44,4.43,0,否
603677,奇精机械,上证,日线,看涨吞没,Bullish Engulfing,看涨,2026-08-10,100,0.94,13.9,4.43,2,是
603759,海天股份,上证,日线,看涨吞没,Bullish Engulfing,看涨,2026-08-10,100,1.31,7.54,4.43,4,是
002146,荣盛发展,深证,月线,启明星,Morning Star,看涨,2026-08-14,100,0.44,1.18,4.42,7,是
300866,安克创新,创业,周线,看涨吞没,Bullish Engulfing,看涨,2026-07-17,100,0.87,110.6,4.42,0,是
301489,思泉新材,创业,日线,启明星,Morning Star,看涨,2026-08-12,92.5,0.86,103.4,4.42,1,否
001369,双欣材料,深证,周线,看涨吞没,Bullish Engulfing,看涨,2026-07-31,87.6,0.52,12.82,4.4,4,否
300118,东方日升,创业,周线,看涨吞没,Bullish Engulfing,看涨,2026-07-31,92.9,0.56,9.49,4.4,2,否
301002,崧盛股份,创业,日线,启明星,Morning Star,看涨,2026-08-12,90.5,1.01,29.42,4.4,0,否
600315,上海家化,上证,日线,看涨吞没,Bullish Engulfing,看涨,2026-08-10,100,2.18,18.02,4.4,1,是
688128,中国电研,科创,周线,启明星,Morning Star,看涨,2026-07-31,100,0.79,22.3,4.4,1,否
688498,源杰科技,科创,日线,看涨吞没,Bullish Engulfing,看涨,2026-08-10,100,0.93,1415.1,4.4,2,否
002154,报 喜 鸟,深证,日线,看涨吞没,Bullish Engulfing,看涨,2026-08-10,100,1.2,4.28,4.39,3,是
300638,广和通,创业,周线,看涨吞没,Bullish Engulfing,看涨,2026-07-31,100,1.5,20.7,4.39,1,是
600864,哈投股份,上证,周线,看涨吞没,Bullish Engulfing,看涨,2026-07-31,100,0.54,5.48,4.38,1,是
603016,新宏泰,上证,日线,看涨吞没,Bullish Engulfing,看涨,2026-08-12,100,0.78,30.5,4.38,7,否
002391,长青股份,深证,周线,看涨吞没,Bullish Engulfing,看涨,2026-07-31,100,0.79,5.25,4.37,1,否
688776,国光电气,科创,周线,看涨吞没,Bullish Engulfing,看涨,2026-07-31,96.5,0.8,46.83,4.37,1,否
300664,鹏鹞环保,创业,周线,看涨吞没,Bullish Engulfing,看涨,2026-07-31,100,0.48,4.55,4.36,0,否
601628,中国人寿,上证,周线,看涨吞没,Bullish Engulfing,看涨,2026-07-17,96.8,1.92,39.05,4.36,0,否
603609,禾丰股份,上证,日线,看涨吞没,Bullish Engulfing,看涨,2026-08-10,100,1.71,6.46,4.36,0,否
000750,国海证券,深证,月线,看涨吞没,Bullish Engulfing,看涨,2026-07-31,100,0.62,3.84,4.35,1,是
000750,国海证券,深证,月线,启明星,Morning Star,看涨,2026-07-31,100,0.62,3.84,4.35,1,是
003031,中瓷电子,深证,日线,看涨吞没,Bullish Engulfing,看涨,2026-08-11,97,1.55,117.64,4.35,15,是
603190,亚通精工,上证,日线,看涨吞没,Bullish Engulfing,看涨,2026-08-10,100,1.35,17.04,4.35,2,否
603811,诚意药业,上证,周线,启明星,Morning Star,看涨,2026-08-07,100,0.76,7.43,4.35,1,否
688739,成大生物,科创,月线,启明星,Morning Star,看涨,2026-08-14,100,0.49,20.86,4.35,0,是
001332,锡装股份,深证,周线,启明星,Morning Star,看涨,2026-07-31,94.4,0.61,30.05,4.34,8,否
002035,华帝股份,深证,周线,看涨吞没,Bullish Engulfing,看涨,2026-07-17,100,0.78,4.81,4.34,0,是
601598,中国外运,上证,周线,看涨吞没,Bullish Engulfing,看涨,2026-07-17,100,0.7,5.53,4.34,0,否
601825,沪农商行,上证,周线,看涨吞没,Bullish Engulfing,看涨,2026-08-14,100,1.23,8.65,4.34,0,是
688316,青云科技,科创,周线,看涨吞没,Bullish Engulfing,看涨,2026-07-31,100,0.5,45.7,4.34,3,是
688581,安杰思,科创,周线,看涨吞没,Bullish Engulfing,看涨,2026-07-31,100,0.49,52.44,4.34,0,是
002349,精华制药,深证,周线,看涨吞没,Bullish Engulfing,看涨,2026-07-31,84.3,0.75,6.74,4.33,0,否
002543,万和电气,深证,月线,启明星,Morning Star,看涨,2026-08-14,100,0.54,6.99,4.33,2,是
300650,太龙股份,创业,周线,看涨吞没,Bullish Engulfing,看涨,2026-07-31,100,0.73,10.59,4.33,1,是
600888,新疆众和,上证,日线,看涨吞没,Bullish Engulfing,看涨,2026-08-14,78.1,1.1,10.37,4.33,3,否
605599,菜百股份,上证,周线,启明星,Morning Star,看涨,2026-07-24,100,1.72,14.71,4.33,2,否
000965,天保基建,深证,周线,看涨吞没,Bullish Engulfing,看涨,2026-07-31,100,0.57,3.14,4.32,2,是
002494,华斯股份,深证,日线,看涨吞没,Bullish Engulfing,看涨,2026-08-10,100,0.76,4.83,4.32,0,是
001391,国货航,深证,周线,看涨吞没,Bullish Engulfing,看涨,2026-07-31,100,1.17,4.36,4.31,0,是
600278,东方创业,上证,周线,看涨吞没,Bullish Engulfing,看涨,2026-07-31,100,0.62,6.29,4.31,0,否
600611,大众交通,上证,日线,看涨吞没,Bullish Engulfing,看涨,2026-08-14,92.9,1.53,5.08,4.31,9,是
601825,沪农商行,上证,周线,启明星,Morning Star,看涨,2026-07-17,100,1.31,7.99,4.31,0,是
603677,奇精机械,上证,周线,启明星,Morning Star,看涨,2026-08-07,100,0.61,13.31,4.31,2,是
688519,南亚新材,科创,日线,看涨吞没,Bullish Engulfing,看涨,2026-08-12,100,0.95,297.27,4.31,2,是
600303,曙光股份,上证,日线,看涨吞没,Bullish Engulfing,看涨,2026-08-10,100,1.05,2.91,4.3,5,是
601330,绿色动力,上证,周线,看涨吞没,Bullish Engulfing,看涨,2026-07-31,100,0.28,7.28,4.3,2,是
002269,美邦服饰,深证,月线,启明星,Morning Star,看涨,2026-08-14,100,0.18,1.46,4.29,4,是
002798,帝欧水华,深证,日线,看涨吞没,Bullish Engulfing,看涨,2026-08-12,100,1.65,5.83,4.29,3,否
003016,欣贺股份,深证,周线,看涨吞没,Bullish Engulfing,看涨,2026-07-17,95.7,1.64,6.57,4.29,5,否
600197,伊力特,上证,周线,看涨吞没,Bullish Engulfing,看涨,2026-07-17,100,1.33,10.21,4.29,1,是
600834,申通地铁,上证,周线,看涨吞没,Bullish Engulfing,看涨,2026-07-17,100,0.87,7.05,4.29,0,是
300425,中建环能,创业,周线,看涨吞没,Bullish Engulfing,看涨,2026-07-31,100,1.18,3.9,4.28,0,是
000028,国药一致,深证,周线,看涨吞没,Bullish Engulfing,看涨,2026-07-31,87.4,0.75,21.02,4.27,0,否
000048,京基智农,深证,周线,看涨吞没,Bullish Engulfing,看涨,2026-07-31,80.8,0.77,18.81,4.27,17,否
300708,聚灿光电,创业,日线,看涨吞没,Bullish Engulfing,看涨,2026-08-12,96.9,1.44,8.06,4.27,1,否
601018,宁波港,上证,周线,看涨吞没,Bullish Engulfing,看涨,2026-07-17,100,1.26,3.42,4.27,0,是
000019,深粮控股,深证,周线,看涨吞没,Bullish Engulfing,看涨,2026-07-31,100,0.33,6.12,4.26,2,是
000700,模塑科技,深证,日线,看涨吞没,Bullish Engulfing,看涨,2026-08-11,79.5,1.48,11.98,4.26,15,否
002111,威海广泰,深证,周线,看涨吞没,Bullish Engulfing,看涨,2026-07-31,100,0.88,9.55,4.26,1,是
300331,苏大维格,创业,日线,看涨吞没,Bullish Engulfing,看涨,2026-08-11,100,0.98,48.75,4.26,2,是
001227,兰州银行,深证,周线,看涨吞没,Bullish Engulfing,看涨,2026-07-31,100,1.79,2.21,4.25,0,否
300422,博世科,创业,日线,看涨吞没,Bullish Engulfing,看涨,2026-08-10,100,1.09,4.66,4.25,1,是
600177,雅戈尔,上证,月线,启明星,Morning Star,看涨,2026-07-31,100,1.51,7.85,4.25,0,是
600189,泉阳泉,上证,月线,看涨吞没,Bullish Engulfing,看涨,2026-08-14,92,0.34,7.61,4.25,1,否
601828,美凯龙,上证,周线,看涨吞没,Bullish Engulfing,看涨,2026-07-31,96.6,1.22,2.21,4.25,4,否
603667,五洲新春,上证,日线,看涨吞没,Bullish Engulfing,看涨,2026-08-11,84.4,1.69,56.62,4.25,9,否
000987,越秀资本,深证,周线,启明星,Morning Star,看涨,2026-07-31,100,0.75,7.86,4.24,4,否
603063,禾望电气,上证,日线,看涨吞没,Bullish Engulfing,看涨,2026-08-11,82,1.47,33.67,4.24,7,否
002124,天邦食品,深证,周线,看涨吞没,Bullish Engulfing,看涨,2026-07-31,83.8,0.42,2.22,4.23,6,否
300172,中电环保,创业,周线,看涨吞没,Bullish Engulfing,看涨,2026-07-31,100,0.68,4.44,4.23,0,否
301083,百胜智能,创业,日线,看涨吞没,Bullish Engulfing,看涨,2026-08-10,100,1.23,14.09,4.22,0,否
688008,澜起科技,科创,日线,启明星,Morning Star,看涨,2026-08-12,96.7,0.69,215.43,4.22,0,否
002685,华东重机,深证,周线,看涨吞没,Bullish Engulfing,看涨,2026-07-31,89.7,0.52,5.2,4.21,5,否
300389,艾比森,创业,周线,看涨吞没,Bullish Engulfing,看涨,2026-07-31,83.1,0.5,12.12,4.21,3,否
600930,华电新能,上证,月线,看涨吞没,Bullish Engulfing,看涨,2026-05-29,100,1,6.43,4.21,0,否
603926,铁流股份,上证,周线,看涨吞没,Bullish Engulfing,看涨,2026-07-31,100,1.36,15.36,4.21,6,否
000545,金浦钛业,深证,周线,看涨吞没,Bullish Engulfing,看涨,2026-07-31,100,0.47,2.48,4.2,12,是
000545,金浦钛业,深证,月线,看涨吞没,Bullish Engulfing,看涨,2026-07-31,100,1.07,2.48,4.2,12,是
001395,亚联机械,深证,月线,启明星,Morning Star,看涨,2026-08-14,100,0.49,29.55,4.2,3,否
300071,福石控股,创业,日线,看涨吞没,Bullish Engulfing,看涨,2026-08-12,90.3,1.1,4.71,4.2,4,是
600720,中交设计,上证,周线,看涨吞没,Bullish Engulfing,看涨,2026-07-17,100,1.32,5.21,4.2,0,否
002812,恩捷股份,深证,日线,启明星,Morning Star,看涨,2026-08-10,100,1.4,55.95,4.19,8,是
300138,晨光生物,创业,日线,看涨吞没,Bullish Engulfing,看涨,2026-08-10,85.7,1.04,11.7,4.19,0,是
688551,科威尔,科创,日线,启明星,Morning Star,看涨,2026-08-12,90.2,0.88,40.74,4.19,2,否
000968,蓝焰控股,深证,日线,看涨吞没,Bullish Engulfing,看涨,2026-08-10,100,0.79,7.23,4.18,9,否
002462,嘉事堂,深证,周线,看涨吞没,Bullish Engulfing,看涨,2026-07-17,100,0.87,11.72,4.18,3,是
300049,福瑞医科,创业,日线,看涨吞没,Bullish Engulfing,看涨,2026-08-13,100,1.37,46.38,4.18,3,是
301301,川宁生物,创业,周线,看涨吞没,Bullish Engulfing,看涨,2026-07-31,100,0.8,8.72,4.18,0,否
603023,威帝股份,上证,日线,看涨吞没,Bullish Engulfing,看涨,2026-08-10,100,1.02,3.99,4.18,10,是
688298,东方生物,科创,月线,启明星,Morning Star,看涨,2026-08-14,100,0.28,19.68,4.18,0,否
002216,三全食品,深证,周线,看涨吞没,Bullish Engulfing,看涨,2026-07-31,100,1.12,13.25,4.17,1,否
002233,塔牌集团,深证,周线,看涨吞没,Bullish Engulfing,看涨,2026-07-31,100,1.5,7.5,4.17,0,否
002233,塔牌集团,深证,周线,启明星,Morning Star,看涨,2026-07-31,100,1.5,7.5,4.17,0,否
002835,同为股份,深证,日线,看涨吞没,Bullish Engulfing,看涨,2026-08-14,100,2.09,12.74,4.17,0,是
601001,晋控煤业,上证,日线,看涨吞没,Bullish Engulfing,看涨,2026-08-10,100,1.27,18,4.17,3,是
002673,西部证券,深证,月线,看涨吞没,Bullish Engulfing,看涨,2026-07-31,100,0.65,6.76,4.16,0,是
600648,外高桥,上证,周线,看涨吞没,Bullish Engulfing,看涨,2026-07-31,100,1.5,8.76,4.16,0,是
605116,奥锐特,上证,周线,看涨吞没,Bullish Engulfing,看涨,2026-07-31,100,0.46,19.52,4.16,2,是
000852,石化机械,深证,周线,看涨吞没,Bullish Engulfing,看涨,2026-07-31,100,0.64,5.27,4.15,4,否
000912,泸天化,深证,周线,看涨吞没,Bullish Engulfing,看涨,2026-07-17,100,0.36,3.51,4.15,3,否
002782,可立克,深证,日线,看涨吞没,Bullish Engulfing,看涨,2026-08-12,100,1.01,16.05,4.15,12,否
600546,山煤国际,上证,周线,看涨吞没,Bullish Engulfing,看涨,2026-07-24,100,0.93,12.3,4.15,2,是
603456,九洲药业,上证,周线,看涨吞没,Bullish Engulfing,看涨,2026-07-31,100,1.07,14.56,4.15,0,是
603889,新澳股份,上证,日线,看涨吞没,Bullish Engulfing,看涨,2026-08-10,100,1.27,5.77,4.15,3,是
002296,辉煌科技,深证,周线,看涨吞没,Bullish Engulfing,看涨,2026-07-31,100,0.79,8.8,4.14,2,是
600668,尖峰集团,上证,周线,看涨吞没,Bullish Engulfing,看涨,2026-07-31,100,0.63,7.29,4.14,1,是
601717,中创智领,上证,周线,启明星,Morning Star,看涨,2026-07-24,100,1.27,15.34,4.14,2,否
603055,台华新材,上证,日线,看涨吞没,Bullish Engulfing,看涨,2026-08-12,100,2.09,8.8,4.14,0,是
605122,四方新材,上证,日线,看涨吞没,Bullish Engulfing,看涨,2026-08-10,100,0.93,11.33,4.14,0,是
600216,浙江医药,上证,周线,看涨吞没,Bullish Engulfing,看涨,2026-07-31,85.1,0.63,12.11,4.13,1,否
600415,小商品城,上证,周线,看涨吞没,Bullish Engulfing,看涨,2026-07-17,99.4,1.16,10.59,4.13,1,是
600261,阳光照明,上证,周线,看涨吞没,Bullish Engulfing,看涨,2026-07-31,98.6,0.34,3.04,4.11,1,是
601990,南京证券,上证,月线,看涨吞没,Bullish Engulfing,看涨,2026-07-31,100,1.01,6.84,4.11,0,是
002385,大北农,深证,周线,看涨吞没,Bullish Engulfing,看涨,2026-07-31,100,0.55,3.05,4.1,0,是
601518,吉林高速,上证,周线,看涨吞没,Bullish Engulfing,看涨,2026-07-17,100,0.92,2.79,4.1,0,是
605377,华旺科技,上证,日线,看涨吞没,Bullish Engulfing,看涨,2026-08-10,92.6,1.25,9.4,4.1,5,否
000663,永安林业,深证,日线,看涨吞没,Bullish Engulfing,看涨,2026-08-10,100,0.92,5.6,4.09,4,否
002190,成飞集成,深证,日线,看涨吞没,Bullish Engulfing,看涨,2026-08-10,100,1.9,24.15,4.09,8,是
002413,雷科防务,深证,周线,看涨吞没,Bullish Engulfing,看涨,2026-07-31,100,0.48,7.91,4.08,16,否
603059,倍加洁,上证,月线,看涨吞没,Bullish Engulfing,看涨,2026-08-14,100,0.32,25.01,4.08,2,是
603080,新疆火炬,上证,周线,启明星,Morning Star,看涨,2026-08-07,100,0.53,18.88,4.08,2,是
002520,日发精机,深证,日线,看涨吞没,Bullish Engulfing,看涨,2026-08-14,97.4,3.11,6.65,4.07,9,是
002891,中宠股份,深证,日线,看涨吞没,Bullish Engulfing,看涨,2026-08-12,98,1.26,32.48,4.07,2,是
000544,中原环保,深证,周线,看涨吞没,Bullish Engulfing,看涨,2026-07-31,99.2,0.86,7.44,4.06,0,是
300423,昇辉科技,创业,日线,看涨吞没,Bullish Engulfing,看涨,2026-08-10,69.7,1.19,5.89,4.06,2,否
300722,新余国科,创业,周线,看涨吞没,Bullish Engulfing,看涨,2026-07-31,100,1.14,21.52,4.06,0,否
600737,中粮糖业,上证,月线,看涨吞没,Bullish Engulfing,看涨,2026-08-14,100,0.89,13.06,4.06,10,否
300892,品渥食品,创业,日线,看涨吞没,Bullish Engulfing,看涨,2026-08-12,100,1.5,24.68,4.05,0,是
000816,智慧农业,深证,日线,看涨吞没,Bullish Engulfing,看涨,2026-08-12,100,1.53,2.83,4.04,2,是
601216,君正集团,上证,周线,启明星,Morning Star,看涨,2026-07-24,100,0.79,4.64,4.04,1,否
000563,陕国投Ａ,深证,周线,看涨吞没,Bullish Engulfing,看涨,2026-07-31,100,0.99,3.1,4.03,0,是
605001,威奥股份,上证,日线,看涨吞没,Bullish Engulfing,看涨,2026-08-10,100,1.08,5.68,4.03,0,否
002252,上海莱士,深证,周线,看涨吞没,Bullish Engulfing,看涨,2026-07-31,100,1.22,5.18,4.02,0,否
002318,久立特材,深证,周线,看涨吞没,Bullish Engulfing,看涨,2026-07-24,91,1.49,18.9,4.02,0,否
002086,东方海洋,深证,日线,看涨吞没,Bullish Engulfing,看涨,2026-08-13,100,2.63,2.08,4,2,是
002178,延华智能,深证,周线,看涨吞没,Bullish Engulfing,看涨,2026-08-14,100,1.79,4.68,4,4,是
002818,富森美,深证,周线,看涨吞没,Bullish Engulfing,看涨,2026-07-31,100,1.25,10.92,4,1,是
301026,浩通科技,创业,日线,看涨吞没,Bullish Engulfing,看涨,2026-08-12,91.2,1.36,22.38,4,1,是
600111,北方稀土,上证,日线,看涨吞没,Bullish Engulfing,看涨,2026-08-14,81.3,1.57,42.66,4,5,否
601686,友发集团,上证,周线,看涨吞没,Bullish Engulfing,看涨,2026-07-31,92,0.86,5.2,4,2,否
688353,华盛锂电,科创,周线,启明星,Morning Star,看涨,2026-08-14,100,1.03,98.02,4,4,否
688623,双元科技,科创,日线,看涨吞没,Bullish Engulfing,看涨,2026-08-11,100,2.88,62.17,4,0,否
000726,鲁 泰Ａ,深证,周线,看涨吞没,Bullish Engulfing,看涨,2026-07-31,100,0.82,5.99,3.99,0,是
002893,京能热力,深证,周线,看涨吞没,Bullish Engulfing,看涨,2026-07-31,100,0.32,9.64,3.99,4,是
300922,天秦装备,创业,日线,看涨吞没,Bullish Engulfing,看涨,2026-08-12,78.4,0.72,17.71,3.99,0,否
600208,衢州发展,上证,周线,看涨吞没,Bullish Engulfing,看涨,2026-07-31,100,0.62,2.87,3.99,7,是
600528,XD中铁工,上证,周线,看涨吞没,Bullish Engulfing,看涨,2026-07-31,100,0.61,7.3,3.99,1,否
603326,我乐家居,上证,日线,看涨吞没,Bullish Engulfing,看涨,2026-08-10,87,0.81,6.78,3.99,0,否
603565,中谷物流,上证,周线,启明星,Morning Star,看涨,2026-07-24,100,0.98,10.43,3.99,0,否
688192,迪哲医药,科创,日线,看涨吞没,Bullish Engulfing,看涨,2026-08-11,87.1,1.05,58.08,3.99,2,否
688816,易思维,科创,月线,看涨吞没,Bullish Engulfing,看涨,2026-05-29,100,1.21,63.83,3.99,0,是
000401,金隅冀东,深证,周线,看涨吞没,Bullish Engulfing,看涨,2026-07-31,100,0.55,3.66,3.98,0,是
600369,西南证券,上证,月线,启明星,Morning Star,看涨,2026-07-31,100,1.12,4.18,3.98,0,是
688538,和辉光电,科创,月线,看涨吞没,Bullish Engulfing,看涨,2026-05-29,100,1.53,2.35,3.98,0,是
300059,东方财富,创业,周线,看涨吞没,Bullish Engulfing,看涨,2026-07-31,93.1,0.8,20.17,3.97,0,否
300676,华大基因,创业,日线,看涨吞没,Bullish Engulfing,看涨,2026-08-13,100,2.11,41.94,3.97,0,是
300193,佳士科技,创业,日线,看涨吞没,Bullish Engulfing,看涨,2026-08-10,100,2.36,7.88,3.96,0,否
301458,钧崴电子,创业,日线,看涨吞没,Bullish Engulfing,看涨,2026-08-11,96.8,1.44,38.63,3.96,0,是
600979,广安爱众,上证,周线,看涨吞没,Bullish Engulfing,看涨,2026-07-31,100,0.32,3.94,3.96,7,是
000008,神州高铁,深证,周线,看涨吞没,Bullish Engulfing,看涨,2026-07-31,100,0.42,2.37,3.95,5,是
002027,分众传媒,深证,周线,看涨吞没,Bullish Engulfing,看涨,2026-07-17,100,1.36,5,3.95,0,是
603515,欧普照明,上证,周线,看涨吞没,Bullish Engulfing,看涨,2026-07-31,100,0.86,17.36,3.95,0,否
002758,浙农股份,深证,周线,看涨吞没,Bullish Engulfing,看涨,2026-07-31,98.5,0.59,7.91,3.94,0,是
600177,雅戈尔,上证,周线,看涨吞没,Bullish Engulfing,看涨,2026-08-14,100,1.09,7.92,3.94,0,是
605305,中际联合,上证,周线,看涨吞没,Bullish Engulfing,看涨,2026-07-31,100,0.6,39.02,3.94,5,否
002330,得利斯,深证,日线,看涨吞没,Bullish Engulfing,看涨,2026-08-10,100,1.31,3.97,3.93,2,是
603893,XD瑞芯微,上证,日线,看涨吞没,Bullish Engulfing,看涨,2026-08-11,100,0.71,213.36,3.93,3,是
002602,世纪华通,深证,日线,看涨吞没,Bullish Engulfing,看涨,2026-08-10,100,0.69,14.31,3.92,0,是
002836,新宏泽,深证,日线,看涨吞没,Bullish Engulfing,看涨,2026-08-10,98.4,1.18,10.08,3.92,6,是
300638,广和通,创业,日线,看涨吞没,Bullish Engulfing,看涨,2026-08-11,100,0.98,21.23,3.92,1,是
600211,西藏药业,上证,周线,看涨吞没,Bullish Engulfing,看涨,2026-07-31,100,0.97,38.68,3.92,2,是
000513,丽珠集团,深证,周线,看涨吞没,Bullish Engulfing,看涨,2026-07-31,93,1.13,31.13,3.91,0,否
002739,儒意电影,深证,周线,看涨吞没,Bullish Engulfing,看涨,2026-08-07,100,1.3,9.03,3.91,5,是
300481,濮阳惠成,创业,日线,看涨吞没,Bullish Engulfing,看涨,2026-08-12,100,1.06,14.34,3.91,2,是
300491,通合科技,创业,日线,启明星,Morning Star,看涨,2026-08-12,98.8,1.25,28.94,3.91,1,否
301323,新莱福,创业,日线,看涨吞没,Bullish Engulfing,看涨,2026-08-14,88.6,0.92,76.53,3.91,3,是
600056,中国医药,上证,周线,看涨吞没,Bullish Engulfing,看涨,2026-07-31,100,0.66,9.56,3.91,2,是
601860,紫金银行,上证,周线,看涨吞没,Bullish Engulfing,看涨,2026-07-31,100,1.47,2.66,3.91,0,是
688187,时代电气,科创,周线,看涨吞没,Bullish Engulfing,看涨,2026-07-31,100,0.63,47.28,3.91,1,是
001216,华瓷股份,深证,周线,看涨吞没,Bullish Engulfing,看涨,2026-07-31,99.4,0.51,13.6,3.9,7,是
002157,正邦科技,深证,周线,看涨吞没,Bullish Engulfing,看涨,2026-07-31,100,0.49,2.93,3.9,2,是
002780,三夫户外,深证,日线,看涨吞没,Bullish Engulfing,看涨,2026-08-10,100,0.85,13.59,3.9,4,否
603908,牧高笛,上证,日线,看涨吞没,Bullish Engulfing,看涨,2026-08-10,100,0.81,18.91,3.9,0,否
002508,老板电器,深证,周线,看涨吞没,Bullish Engulfing,看涨,2026-07-17,100,1.43,15.74,3.89,0,是
300422,博世科,创业,周线,看涨吞没,Bullish Engulfing,看涨,2026-07-31,99.9,0.66,4.27,3.89,1,是
600906,财达证券,上证,月线,看涨吞没,Bullish Engulfing,看涨,2026-05-29,100,1.2,6.67,3.89,1,是
688148,芳源股份,科创,日线,看涨吞没,Bullish Engulfing,看涨,2026-08-12,100,1.84,6.94,3.89,3,否
300034,钢研高纳,创业,周线,看涨吞没,Bullish Engulfing,看涨,2026-07-31,100,0.66,15.54,3.88,0,否
300153,科泰电源,创业,周线,看涨吞没,Bullish Engulfing,看涨,2026-07-31,84.1,0.52,20.09,3.88,1,否
301293,三博脑科,创业,日线,看涨吞没,Bullish Engulfing,看涨,2026-08-12,100,1.3,58.07,3.88,2,是
600152,维科技术,上证,周线,看涨吞没,Bullish Engulfing,看涨,2026-07-31,99.8,0.37,7.49,3.88,13,是
600163,中闽能源,上证,周线,启明星,Morning Star,看涨,2026-07-24,100,0.72,5.09,3.88,4,否
600618,氯碱化工,上证,月线,看涨吞没,Bullish Engulfing,看涨,2026-07-31,100,0.68,10.44,3.88,4,是
603075,热威股份,上证,周线,看涨吞没,Bullish Engulfing,看涨,2026-08-07,98.1,0.79,18.99,3.88,0,是
603121,华培动力,上证,日线,看涨吞没,Bullish Engulfing,看涨,2026-08-12,100,1.28,12.84,3.88,6,是
688235,百济神州,科创,月线,看涨吞没,Bullish Engulfing,看涨,2026-05-29,100,1.41,243.9,3.88,0,是
002661,克明食品,深证,日线,看涨吞没,Bullish Engulfing,看涨,2026-08-10,100,1.31,7.78,3.87,0,是
301626,苏州天脉,创业,日线,看涨吞没,Bullish Engulfing,看涨,2026-08-11,78.9,0.96,257.1,3.87,0,否
603166,福达股份,上证,日线,看涨吞没,Bullish Engulfing,看涨,2026-08-11,100,1.68,11.82,3.87,4,是
000090,天健集团,深证,日线,看涨吞没,Bullish Engulfing,看涨,2026-08-10,100,1.59,3.5,3.86,4,是
300363,博腾股份,创业,日线,看涨吞没,Bullish Engulfing,看涨,2026-08-13,100,1.78,22.36,3.86,1,是
300732,设研院,创业,日线,看涨吞没,Bullish Engulfing,看涨,2026-08-10,100,1.28,6.19,3.86,0,否
688538,和辉光电,科创,周线,启明星,Morning Star,看涨,2026-07-31,100,0.88,2.42,3.86,0,是
003037,三和管桩,深证,月线,看涨吞没,Bullish Engulfing,看涨,2026-08-14,100,0.16,5.67,3.85,1,是
600452,涪陵电力,上证,周线,启明星,Morning Star,看涨,2026-07-24,100,1.31,9.44,3.85,4,是
300308,中际旭创,创业,日线,启明星,Morning Star,看涨,2026-08-12,98.7,0.7,921,3.84,0,否
600784,鲁银投资,上证,周线,看涨吞没,Bullish Engulfing,看涨,2026-07-31,100,0.74,7.3,3.84,3,是
002755,奥赛康,深证,周线,看涨吞没,Bullish Engulfing,看涨,2026-07-31,100,0.62,13.04,3.82,2,否
600506,统一股份,上证,周线,启明星,Morning Star,看涨,2026-07-31,100,0.62,14.14,3.82,8,是
603331,百达精工,上证,周线,看涨吞没,Bullish Engulfing,看涨,2026-07-24,89.6,0.94,10.88,3.82,7,否
300077,国民技术,创业,日线,看涨吞没,Bullish Engulfing,看涨,2026-08-11,100,1.08,19.9,3.81,0,是
600617,国新能源,上证,日线,看涨吞没,Bullish Engulfing,看涨,2026-08-10,100,0.67,3.54,3.81,11,否
603958,哈森股份,上证,日线,看涨吞没,Bullish Engulfing,看涨,2026-08-14,73.2,1.13,15.25,3.81,6,否
688185,康希诺,科创,周线,看涨吞没,Bullish Engulfing,看涨,2026-07-31,100,0.67,50.19,3.81,0,是
002016,世荣兆业,深证,日线,看涨吞没,Bullish Engulfing,看涨,2026-08-12,100,1.14,4.64,3.8,1,是
002663,普邦股份,深证,日线,看涨吞没,Bullish Engulfing,看涨,2026-08-10,87,1.1,1.64,3.8,4,是
003015,日久光电,深证,日线,看涨吞没,Bullish Engulfing,看涨,2026-08-12,100,1.24,12.03,3.8,0,是
600059,古越龙山,上证,周线,看涨吞没,Bullish Engulfing,看涨,2026-08-14,100,2.49,8.2,3.8,1,是
600459,贵研铂业,上证,周线,看涨吞没,Bullish Engulfing,看涨,2026-07-31,100,0.53,18.31,3.8,6,是
603393,新天然气,上证,日线,看涨吞没,Bullish Engulfing,看涨,2026-08-10,77.5,1.09,26.47,3.8,1,否
688229,博睿数据,科创,日线,启明星,Morning Star,看涨,2026-08-11,100,1.41,72.88,3.8,3,否
000713,国投丰乐,深证,周线,看涨吞没,Bullish Engulfing,看涨,2026-07-31,100,0.56,5.75,3.79,0,是
000722,湖南发展,深证,月线,看涨吞没,Bullish Engulfing,看涨,2026-05-29,100,1.26,14.78,3.79,7,是
300506,名家汇,创业,周线,看涨吞没,Bullish Engulfing,看涨,2026-07-31,89.1,1.39,5.75,3.79,1,否
600252,中恒集团,上证,周线,看涨吞没,Bullish Engulfing,看涨,2026-07-31,88.3,0.89,2.19,3.79,1,否
000816,智慧农业,深证,周线,看涨吞没,Bullish Engulfing,看涨,2026-07-24,100,0.8,2.47,3.78,2,是
300355,蒙草生态,创业,周线,看涨吞没,Bullish Engulfing,看涨,2026-08-14,100,1.54,3.02,3.78,0,是
300647,超频三,创业,日线,看涨吞没,Bullish Engulfing,看涨,2026-08-14,76,1.49,5.76,3.78,0,否
300691,联合光电,创业,日线,看涨吞没,Bullish Engulfing,看涨,2026-08-12,100,0.9,14,3.78,0,否
600320,振华重工,上证,周线,看涨吞没,Bullish Engulfing,看涨,2026-07-24,84.2,0.89,4.12,3.78,1,否
000958,电投产融,深证,周线,看涨吞没,Bullish Engulfing,看涨,2026-07-31,100,0.39,5.5,3.77,1,否
300357,我武生物,创业,周线,看涨吞没,Bullish Engulfing,看涨,2026-07-31,84.1,0.71,23.66,3.77,0,否
301057,汇隆新材,创业,日线,启明星,Morning Star,看涨,2026-08-10,88.9,0.77,22.04,3.77,0,否
600748,上实发展,上证,月线,看涨吞没,Bullish Engulfing,看涨,2026-08-14,100,0.29,3.85,3.77,9,是
603538,美诺华,上证,日线,看涨吞没,Bullish Engulfing,看涨,2026-08-11,100,1.27,30.3,3.77,15,是
002317,众生药业,深证,日线,看涨吞没,Bullish Engulfing,看涨,2026-08-13,100,1.41,29,3.76,9,是
002737,葵花药业,深证,周线,看涨吞没,Bullish Engulfing,看涨,2026-07-31,79.5,1.17,13.52,3.76,0,否
300067,安诺其,创业,周线,看涨吞没,Bullish Engulfing,看涨,2026-08-14,100,1.59,5.79,3.76,4,否
300012,华测检测,创业,月线,看涨吞没,Bullish Engulfing,看涨,2026-07-31,94.5,1.4,14.38,3.75,0,否
601518,吉林高速,上证,月线,看涨吞没,Bullish Engulfing,看涨,2026-05-29,100,1.19,3.04,3.75,0,是
601668,中国建筑,上证,周线,看涨吞没,Bullish Engulfing,看涨,2026-07-24,100,1.52,4.7,3.75,0,否
605567,春雪食品,上证,日线,看涨吞没,Bullish Engulfing,看涨,2026-08-10,100,0.95,9.12,3.75,0,是
000755,山西高速,深证,周线,看涨吞没,Bullish Engulfing,看涨,2026-07-31,100,0.55,4.71,3.74,1,是
002042,华孚时尚,深证,月线,启明星,Morning Star,看涨,2026-08-14,100,0.25,3.88,3.74,4,否
300452,山河药辅,创业,周线,看涨吞没,Bullish Engulfing,看涨,2026-07-17,100,1.74,12.47,3.74,1,是
301163,宏德股份,创业,日线,看涨吞没,Bullish Engulfing,看涨,2026-08-10,100,0.8,23.55,3.74,0,否
301479,弘景光电,创业,日线,启明星,Morning Star,看涨,2026-08-12,100,1.5,49.64,3.74,0,是
600419,天润乳业,上证,周线,看涨吞没,Bullish Engulfing,看涨,2026-08-14,100,1.77,8.87,3.74,1,是
600522,中天科技,上证,日线,启明星,Morning Star,看涨,2026-08-12,97.9,0.9,33.55,3.74,5,是
603039,泛微网络,上证,月线,看涨吞没,Bullish Engulfing,看涨,2026-07-31,100,2.59,37.42,3.74,6,是
603353,和顺石油,上证,日线,启明星,Morning Star,看涨,2026-08-13,100,1.66,31.31,3.74,22,否
600685,中船防务,上证,周线,启明星,Morning Star,看涨,2026-07-31,100,0.88,26.7,3.73,3,否
688090,瑞松科技,科创,日线,启明星,Morning Star,看涨,2026-08-12,100,0.62,69.54,3.73,2,是
002375,亚厦股份,深证,周线,看涨吞没,Bullish Engulfing,看涨,2026-08-14,100,0.72,3.62,3.72,2,是
002535,林州重机,深证,日线,看涨吞没,Bullish Engulfing,看涨,2026-08-10,100,0.93,2.51,3.72,1,是
603112,华翔股份,上证,日线,看涨吞没,Bullish Engulfing,看涨,2026-08-10,100,1.08,15.6,3.72,0,是
002279,久其软件,深证,日线,看涨吞没,Bullish Engulfing,看涨,2026-08-14,100,2.17,7.27,3.71,8,是
000090,天健集团,深证,周线,看涨吞没,Bullish Engulfing,看涨,2026-07-31,100,0.63,3.36,3.7,4,是
300895,铜牛信息,创业,日线,看涨吞没,Bullish Engulfing,看涨,2026-08-14,100,1.42,57.41,3.7,2,否
603238,诺邦股份,上证,日线,看涨吞没,Bullish Engulfing,看涨,2026-08-10,100,1.08,12.34,3.7,0,否
001205,盛航股份,深证,月线,看涨吞没,Bullish Engulfing,看涨,2026-08-14,100,0.32,13.77,3.69,0,是
002321,华英农业,深证,日线,看涨吞没,Bullish Engulfing,看涨,2026-08-10,100,1.45,1.97,3.68,2,是
002673,西部证券,深证,周线,看涨吞没,Bullish Engulfing,看涨,2026-07-31,100,1.02,6.76,3.68,0,是
002852,道道全,深证,日线,看涨吞没,Bullish Engulfing,看涨,2026-08-10,95.9,1.89,7.88,3.68,0,是
300879,大叶股份,创业,日线,看涨吞没,Bullish Engulfing,看涨,2026-08-10,100,1.58,17.77,3.68,0,是
301355,南王科技,创业,日线,看涨吞没,Bullish Engulfing,看涨,2026-08-10,100,1.2,10.13,3.68,0,是
600518,康美药业,上证,月线,启明星,Morning Star,看涨,2026-08-14,100,0.52,1.41,3.68,0,是
601966,玲珑轮胎,上证,周线,看涨吞没,Bullish Engulfing,看涨,2026-07-17,100,1.25,10.99,3.68,0,否
300964,本川智能,创业,日线,启明星,Morning Star,看涨,2026-08-12,100,1,57.86,3.67,3,是
600971,恒源煤电,上证,周线,看涨吞没,Bullish Engulfing,看涨,2026-07-31,100,0.81,7.9,3.67,1,是
600135,乐凯胶片,上证,日线,看涨吞没,Bullish Engulfing,看涨,2026-08-10,100,1.28,7.64,3.66,9,是
603569,长久物流,上证,日线,看涨吞没,Bullish Engulfing,看涨,2026-08-10,100,1.29,5.94,3.66,0,是
688175,高凌信息,科创,日线,看涨吞没,Bullish Engulfing,看涨,2026-08-12,100,0.61,19.54,3.66,0,是
000538,云南白药,深证,周线,看涨吞没,Bullish Engulfing,看涨,2026-07-31,100,1.18,52.86,3.65,0,否
000571,新大洲A,深证,日线,看涨吞没,Bullish Engulfing,看涨,2026-08-11,91.4,1.41,7.38,3.65,12,是
002521,齐峰新材,深证,日线,看涨吞没,Bullish Engulfing,看涨,2026-08-10,86.2,1.97,7.1,3.65,1,否
002824,和胜股份,深证,日线,看涨吞没,Bullish Engulfing,看涨,2026-08-12,89.8,0.79,23.6,3.65,10,否
300414,中光防雷,创业,月线,看涨吞没,Bullish Engulfing,看涨,2026-08-14,100,0.4,11.37,3.65,2,是
301226,祥明智能,创业,日线,看涨吞没,Bullish Engulfing,看涨,2026-08-14,89.4,1.1,30.68,3.65,4,是
688075,安旭生物,科创,周线,启明星,Morning Star,看涨,2026-08-07,100,1.58,28.94,3.65,0,否
002564,天沃科技,深证,日线,看涨吞没,Bullish Engulfing,看涨,2026-08-10,95,1.23,4.56,3.64,3,是
003038,鑫铂股份,深证,日线,看涨吞没,Bullish Engulfing,看涨,2026-08-10,100,0.96,11.14,3.63,4,否
300654,世纪天鸿,创业,日线,看涨吞没,Bullish Engulfing,看涨,2026-08-10,95.7,1.55,11.43,3.63,0,否
603803,瑞斯康达,上证,日线,看涨吞没,Bullish Engulfing,看涨,2026-08-14,100,1.73,11.14,3.63,16,否
600739,辽宁成大,上证,周线,看涨吞没,Bullish Engulfing,看涨,2026-07-31,100,1.23,10.88,3.62,0,是
600935,华塑股份,上证,周线,看涨吞没,Bullish Engulfing,看涨,2026-07-31,100,0.31,2.29,3.62,2,是
688568,中科星图,科创,周线,看涨吞没,Bullish Engulfing,看涨,2026-07-31,96,0.74,33.52,3.62,1,否
300155,安居宝,创业,日线,看涨吞没,Bullish Engulfing,看涨,2026-08-10,100,1.1,4.3,3.61,0,否
600987,航民股份,上证,周线,看涨吞没,Bullish Engulfing,看涨,2026-07-17,100,0.64,6.6,3.61,2,是
300864,南大环境,创业,周线,启明星,Morning Star,看涨,2026-08-07,100,0.65,18.72,3.6,0,是
603588,高能环境,上证,日线,启明星,Morning Star,看涨,2026-08-10,100,0.9,14.69,3.6,2,是
603777,来伊份,上证,周线,看涨吞没,Bullish Engulfing,看涨,2026-07-31,100,0.51,13.23,3.6,5,否
000953,中哲精化,深证,周线,看涨吞没,Bullish Engulfing,看涨,2026-07-17,88.2,0.96,5.48,3.59,2,否
001260,坤泰股份,深证,日线,看涨吞没,Bullish Engulfing,看涨,2026-08-10,100,0.76,17.33,3.59,6,否
002356,鹏飞绿能,深证,周线,看涨吞没,Bullish Engulfing,看涨,2026-07-31,96.6,0.39,2.6,3.59,9,否
002614,奥佳华,深证,月线,启明星,Morning Star,看涨,2026-08-14,100,0.26,4.91,3.59,2,是
600499,科达制造,上证,日线,看涨吞没,Bullish Engulfing,看涨,2026-08-11,100,1.88,14.73,3.59,3,是
605258,协和电子,上证,日线,看涨吞没,Bullish Engulfing,看涨,2026-08-12,100,0.96,27.68,3.59,3,否
300976,达瑞电子,创业,日线,看涨吞没,Bullish Engulfing,看涨,2026-08-12,80.6,1,57.61,3.58,0,否
688778,厦钨新能,科创,日线,启明星,Morning Star,看涨,2026-08-10,100,1.22,49.12,3.58,1,否
000090,天健集团,深证,月线,启明星,Morning Star,看涨,2026-08-14,100,0.29,3.48,3.57,4,是
300427,红相股份,创业,日线,看涨吞没,Bullish Engulfing,看涨,2026-08-12,84.8,0.7,7.25,3.57,4,否
301601,惠通科技,创业,月线,看涨吞没,Bullish Engulfing,看涨,2026-08-14,100,0.33,16.24,3.57,0,是
600807,济高发展,上证,日线,看涨吞没,Bullish Engulfing,看涨,2026-08-10,100,1.34,2.61,3.57,2,是
603982,泉峰汽车,上证,日线,看涨吞没,Bullish Engulfing,看涨,2026-08-10,100,0.95,6.09,3.57,0,否
605005,合兴股份,上证,周线,启明星,Morning Star,看涨,2026-08-07,100,0.51,15.38,3.57,0,否
688013,天臣医疗,科创,日线,看涨吞没,Bullish Engulfing,看涨,2026-08-12,100,1.23,26.37,3.57,0,是
000545,金浦钛业,深证,日线,看涨吞没,Bullish Engulfing,看涨,2026-08-10,100,1.42,2.62,3.56,12,是
002626,金达威,深证,日线,看涨吞没,Bullish Engulfing,看涨,2026-08-12,82.7,2.65,16.58,3.56,1,否
600251,冠农股份,上证,日线,看涨吞没,Bullish Engulfing,看涨,2026-08-12,88.3,1.56,9.89,3.56,1,否
600368,五洲交通,上证,日线,看涨吞没,Bullish Engulfing,看涨,2026-08-10,100,1.88,4.07,3.56,0,是
600383,金地集团,上证,日线,看涨吞没,Bullish Engulfing,看涨,2026-08-12,100,2.07,2.33,3.56,0,是
605108,同庆楼,上证,日线,看涨吞没,Bullish Engulfing,看涨,2026-08-10,100,1.12,13.1,3.56,3,是
002936,郑州银行,深证,周线,看涨吞没,Bullish Engulfing,看涨,2026-07-17,100,1.55,1.75,3.55,0,是
002966,苏州银行,深证,周线,看涨吞没,Bullish Engulfing,看涨,2026-08-14,98.5,0.97,8.47,3.55,0,是
600493,凤竹纺织,上证,日线,看涨吞没,Bullish Engulfing,看涨,2026-08-10,100,0.96,6.13,3.55,3,否
603207,小方制药,上证,周线,启明星,Morning Star,看涨,2026-08-07,100,1.08,23.03,3.55,0,是
603920,世运电路,上证,日线,启明星,Morning Star,看涨,2026-08-12,100,0.88,37.37,3.55,8,是
002573,清新环境,深证,周线,看涨吞没,Bullish Engulfing,看涨,2026-07-31,100,0.9,3.22,3.54,1,是
300009,安科生物,创业,日线,看涨吞没,Bullish Engulfing,看涨,2026-08-13,100,2.37,8.78,3.54,0,是
300992,泰福泵业,创业,日线,看涨吞没,Bullish Engulfing,看涨,2026-08-12,90.3,0.95,25.48,3.54,1,是
002646,天佑德酒,深证,周线,看涨吞没,Bullish Engulfing,看涨,2026-08-14,100,1.42,7.04,3.53,1,是
000089,深圳机场,深证,周线,看涨吞没,Bullish Engulfing,看涨,2026-07-31,100,1.39,6.77,3.52,0,否
300523,辰安科技,创业,日线,看涨吞没,Bullish Engulfing,看涨,2026-08-10,96.5,1.1,20,3.52,0,是
301025,读客文化,创业,周线,看涨吞没,Bullish Engulfing,看涨,2026-08-14,100,2.84,9.14,3.51,1,是
600390,五矿资本,上证,周线,看涨吞没,Bullish Engulfing,看涨,2026-07-31,100,1.07,5.02,3.51,0,是
688050,爱博医疗,科创,周线,看涨吞没,Bullish Engulfing,看涨,2026-08-14,100,1.97,42.5,3.51,0,否
002970,锐明技术,深证,日线,看涨吞没,Bullish Engulfing,看涨,2026-08-10,72.2,0.95,53.2,3.5,7,否
301169,零点有数,创业,日线,看涨吞没,Bullish Engulfing,看涨,2026-08-12,90.1,0.8,53.22,3.5,0,是
301176,逸豪新材,创业,日线,启明星,Morning Star,看涨,2026-08-12,100,0.57,49.15,3.5,5,是
600348,华阳股份,上证,日线,看涨吞没,Bullish Engulfing,看涨,2026-08-14,91.6,1.21,8.87,3.5,0,否
601011,宝泰隆,上证,月线,看涨吞没,Bullish Engulfing,看涨,2026-08-14,100,0.2,2.66,3.5,8,是
603031,安孚科技,上证,日线,看涨吞没,Bullish Engulfing,看涨,2026-08-14,81.4,0.7,41.71,3.5,12,否
000597,东北制药,深证,周线,启明星,Morning Star,看涨,2026-08-07,100,0.85,4.74,3.49,0,否
002138,顺络电子,深证,日线,看涨吞没,Bullish Engulfing,看涨,2026-08-11,72.7,1,49.78,3.49,4,否
300687,赛意信息,创业,周线,看涨吞没,Bullish Engulfing,看涨,2026-07-31,100,0.86,22.54,3.49,0,是
300711,广哈通信,创业,日线,看涨吞没,Bullish Engulfing,看涨,2026-08-14,94.8,1.6,18.4,3.49,2,是
600108,亚盛集团,上证,日线,看涨吞没,Bullish Engulfing,看涨,2026-08-10,100,1.3,3.26,3.49,9,否
600761,安徽合力,上证,周线,启明星,Morning Star,看涨,2026-07-24,100,0.93,16.91,3.49,2,是
000422,湖北宜化,深证,日线,看涨吞没,Bullish Engulfing,看涨,2026-08-10,100,1.72,13.66,3.48,2,否
300041,回天新材,创业,日线,看涨吞没,Bullish Engulfing,看涨,2026-08-14,85.3,1.05,11.29,3.48,0,否
600483,福能股份,上证,周线,看涨吞没,Bullish Engulfing,看涨,2026-07-17,92.3,0.72,10.7,3.48,0,否
000828,东莞控股,深证,周线,看涨吞没,Bullish Engulfing,看涨,2026-07-31,100,1.07,10.15,3.47,0,是
002256,兆新股份,深证,周线,启明星,Morning Star,看涨,2026-07-31,94.9,0.43,3.28,3.47,14,否
300776,帝尔激光,创业,日线,启明星,Morning Star,看涨,2026-08-12,84,0.75,119.51,3.47,1,否
600280,中央商场,上证,日线,看涨吞没,Bullish Engulfing,看涨,2026-08-10,95,0.58,2.98,3.47,10,是
600368,五洲交通,上证,周线,看涨吞没,Bullish Engulfing,看涨,2026-07-31,100,0.85,3.88,3.47,0,是
600791,京能置业,上证,日线,看涨吞没,Bullish Engulfing,看涨,2026-08-11,73.9,1.18,7.75,3.47,8,否
603719,良品铺子,上证,月线,启明星,Morning Star,看涨,2026-08-14,100,0.37,9.85,3.47,1,是
688663,新风光,科创,日线,看涨吞没,Bullish Engulfing,看涨,2026-08-11,74.3,0.99,54.03,3.47,0,否
002033,丽江股份,深证,周线,看涨吞没,Bullish Engulfing,看涨,2026-08-14,100,0.99,8.96,3.46,2,是
002943,宇晶股份,深证,日线,看涨吞没,Bullish Engulfing,看涨,2026-08-12,80.4,1.23,36.21,3.46,14,否
002943,宇晶股份,深证,日线,启明星,Morning Star,看涨,2026-08-12,87.1,1.23,36.21,3.46,14,否
300643,万通智控,创业,日线,看涨吞没,Bullish Engulfing,看涨,2026-08-12,100,0.59,19.45,3.46,1,是
600479,千金药业,上证,周线,看涨吞没,Bullish Engulfing,看涨,2026-07-17,100,1.44,9.88,3.46,0,是
600496,精工钢构,上证,周线,看涨吞没,Bullish Engulfing,看涨,2026-07-31,100,0.62,3.29,3.46,2,是
603057,紫燕食品,上证,日线,看涨吞没,Bullish Engulfing,看涨,2026-08-10,100,1.18,23.03,3.46,6,是
000498,山东路桥,深证,周线,看涨吞没,Bullish Engulfing,看涨,2026-07-31,85.4,1.06,5.1,3.45,0,否
000813,德展健康,深证,周线,看涨吞没,Bullish Engulfing,看涨,2026-07-31,88.1,0.64,3.3,3.45,4,否
002753,永东股份,深证,周线,看涨吞没,Bullish Engulfing,看涨,2026-07-31,100,0.43,6,3.45,1,是
301318,维海德,创业,月线,看涨吞没,Bullish Engulfing,看涨,2026-08-14,100,0.23,20.69,3.45,0,是
301536,星宸科技,创业,日线,看涨吞没,Bullish Engulfing,看涨,2026-08-11,100,0.74,125.79,3.45,0,否
600132,重庆啤酒,上证,周线,看涨吞没,Bullish Engulfing,看涨,2026-07-17,92.9,0.92,43.19,3.45,0,否
600211,西藏药业,上证,月线,看涨吞没,Bullish Engulfing,看涨,2026-07-31,100,1.17,38.68,3.45,2,是
600361,创新新材,上证,周线,启明星,Morning Star,看涨,2026-07-24,100,0.8,3.6,3.45,1,否
600391,航发科技,上证,日线,看涨吞没,Bullish Engulfing,看涨,2026-08-12,100,0.84,31.48,3.45,12,是
301501,恒鑫生活,创业,周线,看涨吞没,Bullish Engulfing,看涨,2026-07-17,100,1.6,28.26,3.44,0,否
600301,华锡有色,上证,日线,看涨吞没,Bullish Engulfing,看涨,2026-08-14,100,0.97,50.45,3.44,10,否
603282,亚光股份,上证,日线,看涨吞没,Bullish Engulfing,看涨,2026-08-10,100,0.9,15.03,3.44,2,否
688029,南微医学,科创,日线,启明星,Morning Star,看涨,2026-08-13,100,2.07,73.03,3.44,0,否
688816,易思维,科创,日线,看涨吞没,Bullish Engulfing,看涨,2026-08-11,100,3.88,52.32,3.44,0,是
000932,华菱钢铁,深证,周线,看涨吞没,Bullish Engulfing,看涨,2026-07-17,100,1.21,3.62,3.43,0,否
000935,四川双马,深证,日线,看涨吞没,Bullish Engulfing,看涨,2026-08-10,84.8,0.87,22.94,3.43,1,否
000989,九芝堂,深证,周线,看涨吞没,Bullish Engulfing,看涨,2026-07-31,100,1.72,9.05,3.43,2,是
300667,必创科技,创业,日线,看涨吞没,Bullish Engulfing,看涨,2026-08-12,82.9,1.4,14.77,3.43,0,否
300848,美瑞新材,创业,周线,启明星,Morning Star,看涨,2026-07-31,100,0.48,12.68,3.43,1,否
600824,XD益民集,上证,日线,看涨吞没,Bullish Engulfing,看涨,2026-08-10,100,1.59,3.62,3.43,2,是
603048,浙江黎明,上证,日线,看涨吞没,Bullish Engulfing,看涨,2026-08-10,100,1.02,21.42,3.43,1,是
300240,飞力达,创业,日线,看涨吞没,Bullish Engulfing,看涨,2026-08-10,96.7,1.18,5.74,3.42,0,是
300355,蒙草生态,创业,月线,启明星,Morning Star,看涨,2026-08-14,100,0.27,3.02,3.42,0,是
600765,中航重机,上证,日线,看涨吞没,Bullish Engulfing,看涨,2026-08-10,100,1.4,13.9,3.42,0,否
002048,宁波华翔,深证,周线,启明星,Morning Star,看涨,2026-08-07,100,0.82,19.4,3.41,4,是
002508,老板电器,深证,日线,看涨吞没,Bullish Engulfing,看涨,2026-08-10,100,1.49,15.77,3.41,0,是
300913,兆龙互连,创业,日线,启明星,Morning Star,看涨,2026-08-12,100,1.24,36.39,3.41,0,是
301132,满坤科技,创业,日线,看涨吞没,Bullish Engulfing,看涨,2026-08-12,100,0.74,34.85,3.41,1,否
600403,大有能源,上证,日线,看涨吞没,Bullish Engulfing,看涨,2026-08-10,100,1.38,6.68,3.41,30,是
002282,博深股份,深证,周线,看涨吞没,Bullish Engulfing,看涨,2026-07-31,84.3,0.62,5.78,3.4,0,否
300530,领湃科技,创业,日线,看涨吞没,Bullish Engulfing,看涨,2026-08-12,91.6,1.49,20.99,3.4,1,否
301025,读客文化,创业,日线,看涨吞没,Bullish Engulfing,看涨,2026-08-10,100,1.08,9.13,3.4,1,是
600638,新黄浦,上证,日线,看涨吞没,Bullish Engulfing,看涨,2026-08-12,100,0.98,5.17,3.4,1,是
000404,长虹华意,深证,日线,看涨吞没,Bullish Engulfing,看涨,2026-08-10,100,1.61,7.94,3.39,1,是
600004,白云机场,上证,周线,看涨吞没,Bullish Engulfing,看涨,2026-07-31,100,1.06,7.93,3.39,0,是
600103,青山纸业,上证,日线,看涨吞没,Bullish Engulfing,看涨,2026-08-12,100,1.15,3.05,3.39,15,是
600310,广西能源,上证,日线,看涨吞没,Bullish Engulfing,看涨,2026-08-10,100,0.99,4.57,3.39,7,是
603693,江苏新能,上证,日线,看涨吞没,Bullish Engulfing,看涨,2026-08-10,100,1.14,12.49,3.39,3,是
002056,横店东磁,深证,日线,看涨吞没,Bullish Engulfing,看涨,2026-08-11,100,1.19,22.64,3.38,4,是
002876,三利谱,深证,周线,看涨吞没,Bullish Engulfing,看涨,2026-07-31,100,0.52,26.64,3.38,4,是
600258,首旅酒店,上证,周线,看涨吞没,Bullish Engulfing,看涨,2026-07-17,100,1.32,11.62,3.38,1,是
603030,全筑股份,上证,日线,看涨吞没,Bullish Engulfing,看涨,2026-08-12,100,0.95,2.14,3.38,8,是
688055,龙腾光电,科创,日线,看涨吞没,Bullish Engulfing,看涨,2026-08-12,88,1.39,3.98,3.38,2,否
000952,广济药业,深证,日线,看涨吞没,Bullish Engulfing,看涨,2026-08-12,100,1.09,6.44,3.37,8,否
002014,永新股份,深证,周线,看涨吞没,Bullish Engulfing,看涨,2026-07-31,100,1.1,11.04,3.37,1,是
002054,德美化工,深证,日线,看涨吞没,Bullish Engulfing,看涨,2026-08-10,88.7,1,7.36,3.37,6,是
002420,毅昌科技,深证,日线,看涨吞没,Bullish Engulfing,看涨,2026-08-10,93.7,1.15,5.82,3.37,2,是
301296,新巨丰,创业,日线,看涨吞没,Bullish Engulfing,看涨,2026-08-10,100,2.03,6.45,3.37,0,是
301390,经纬股份,创业,日线,看涨吞没,Bullish Engulfing,看涨,2026-08-10,94.7,0.76,30.95,3.37,0,是
600697,欧亚集团,上证,日线,看涨吞没,Bullish Engulfing,看涨,2026-08-10,100,0.78,10.73,3.37,3,是
601606,长城军工,上证,周线,看涨吞没,Bullish Engulfing,看涨,2026-08-14,100,2.04,34,3.37,14,否
603912,佳力图,上证,周线,看涨吞没,Bullish Engulfing,看涨,2026-07-31,100,0.43,7.05,3.37,7,否
600167,联美控股,上证,周线,看涨吞没,Bullish Engulfing,看涨,2026-07-31,100,0.66,5.85,3.36,7,是
000657,中钨高新,深证,日线,看涨吞没,Bullish Engulfing,看涨,2026-08-12,90.3,1.33,70.43,3.35,15,否
000883,湖北能源,深证,周线,看涨吞没,Bullish Engulfing,看涨,2026-07-17,100,0.72,4.63,3.35,0,否
600066,宇通客车,上证,日线,看涨吞没,Bullish Engulfing,看涨,2026-08-10,78.9,0.85,32.97,3.35,1,否
600858,银座股份,上证,日线,看涨吞没,Bullish Engulfing,看涨,2026-08-10,100,1.46,4.93,3.35,2,是
688692,达梦数据,科创,日线,看涨吞没,Bullish Engulfing,看涨,2026-08-14,100,0.96,243.9,3.35,0,是
000576,甘化科工,深证,日线,看涨吞没,Bullish Engulfing,看涨,2026-08-10,100,0.83,7.42,3.34,3,是
002277,友阿股份,深证,日线,看涨吞没,Bullish Engulfing,看涨,2026-08-12,100,1.44,5.88,3.34,7,否
002385,大北农,深证,日线,看涨吞没,Bullish Engulfing,看涨,2026-08-10,100,1.53,3.09,3.34,0,是
300909,汇创达,创业,日线,看涨吞没,Bullish Engulfing,看涨,2026-08-11,98.8,1.17,51.91,3.34,0,是
600620,天宸股份,上证,日线,看涨吞没,Bullish Engulfing,看涨,2026-08-10,82.4,0.74,4.33,3.34,2,否
000768,中航西飞,深证,周线,看涨吞没,Bullish Engulfing,看涨,2026-08-14,100,1.05,21.43,3.33,2,是
002695,煌上煌,深证,日线,看涨吞没,Bullish Engulfing,看涨,2026-08-12,97.4,0.93,11.47,3.33,1,是
301526,国际复材,创业,日线,看涨吞没,Bullish Engulfing,看涨,2026-08-11,100,1.05,39.39,3.33,7,否
301528,多浦乐,创业,日线,看涨吞没,Bullish Engulfing,看涨,2026-08-12,100,0.66,54.3,3.33,1,是
600027,华电国际,上证,周线,看涨吞没,Bullish Engulfing,看涨,2026-07-17,100,0.59,4.65,3.33,0,否
600125,铁龙物流,上证,周线,看涨吞没,Bullish Engulfing,看涨,2026-07-31,100,0.59,5.59,3.33,0,否
605018,长华集团,上证,周线,看涨吞没,Bullish Engulfing,看涨,2026-07-31,93.8,0.79,11.48,3.33,5,是
002321,华英农业,深证,周线,看涨吞没,Bullish Engulfing,看涨,2026-07-31,99.3,0.7,1.87,3.31,2,是
600548,深高速,上证,周线,看涨吞没,Bullish Engulfing,看涨,2026-07-31,100,0.9,8.73,3.31,0,否
600971,恒源煤电,上证,日线,看涨吞没,Bullish Engulfing,看涨,2026-08-10,100,1.14,8.43,3.31,1,是
002736,国信证券,深证,月线,看涨吞没,Bullish Engulfing,看涨,2026-07-31,100,1.12,10.32,3.3,0,是
002674,兴业科技,深证,日线,看涨吞没,Bullish Engulfing,看涨,2026-08-12,100,0.8,28.88,3.29,19,否
002887,绿茵生态,深证,日线,看涨吞没,Bullish Engulfing,看涨,2026-08-10,86.2,0.96,11,3.29,1,否
300286,安科瑞,创业,周线,启明星,Morning Star,看涨,2026-07-31,100,0.54,20.1,3.29,0,是
300292,吴通控股,创业,日线,看涨吞没,Bullish Engulfing,看涨,2026-08-12,100,1.15,4.4,3.29,0,是
300806,斯迪克,创业,日线,看涨吞没,Bullish Engulfing,看涨,2026-08-11,83.4,1.31,48.66,3.29,2,否
600820,隧道股份,上证,周线,看涨吞没,Bullish Engulfing,看涨,2026-07-31,95.4,1.2,5.65,3.29,0,否
603299,苏盐井神,上证,周线,看涨吞没,Bullish Engulfing,看涨,2026-07-31,86.7,0.74,9.41,3.29,0,否
002352,顺丰控股,深证,周线,看涨吞没,Bullish Engulfing,看涨,2026-07-17,100,1.03,33.08,3.28,0,是
002470,金正大,深证,周线,启明星,Morning Star,看涨,2026-07-31,100,0.33,1.89,3.28,10,否
600009,上海机场,上证,周线,看涨吞没,Bullish Engulfing,看涨,2026-07-17,100,1.38,23.59,3.28,0,否
600477,杭萧钢构,上证,日线,看涨吞没,Bullish Engulfing,看涨,2026-08-12,100,1.48,2.52,3.28,8,是
605228,神通科技,上证,日线,看涨吞没,Bullish Engulfing,看涨,2026-08-11,100,1.09,11.33,3.28,3,是
605338,巴比食品,上证,周线,看涨吞没,Bullish Engulfing,看涨,2026-08-14,100,1.45,19.51,3.28,3,是
301193,家联科技,创业,日线,看涨吞没,Bullish Engulfing,看涨,2026-08-10,84,1.14,18.3,3.27,2,否
600208,衢州发展,上证,日线,看涨吞没,Bullish Engulfing,看涨,2026-08-12,100,1.54,3.16,3.27,7,是
600688,上海石化,上证,周线,启明星,Morning Star,看涨,2026-07-31,96,0.73,2.84,3.27,4,否
603113,金能科技,上证,日线,看涨吞没,Bullish Engulfing,看涨,2026-08-12,100,1.91,4.74,3.27,2,是
603321,梅轮电梯,上证,日线,看涨吞没,Bullish Engulfing,看涨,2026-08-10,100,1.07,6.31,3.27,0,否
002136,安 纳 达,深证,周线,看涨吞没,Bullish Engulfing,看涨,2026-07-31,100,0.61,12.06,3.25,7,否
002136,安 纳 达,深证,周线,启明星,Morning Star,看涨,2026-07-31,100,0.61,12.06,3.25,7,否
002222,福晶科技,深证,日线,看涨吞没,Bullish Engulfing,看涨,2026-08-11,98.8,1.02,63.13,3.25,9,是
002459,晶澳科技,深证,日线,看涨吞没,Bullish Engulfing,看涨,2026-08-12,100,1.2,7.94,3.25,2,是
003036,泰坦股份,深证,日线,看涨吞没,Bullish Engulfing,看涨,2026-08-12,100,1.29,55.24,3.25,24,是
300621,维业股份,创业,日线,看涨吞没,Bullish Engulfing,看涨,2026-08-10,100,0.77,7.31,3.25,0,是
601022,宁波远洋,上证,周线,看涨吞没,Bullish Engulfing,看涨,2026-07-17,99.1,0.45,7.95,3.25,2,是
300092,科新机电,创业,周线,看涨吞没,Bullish Engulfing,看涨,2026-08-14,100,1.93,11.78,3.24,2,是
600322,津投城开,上证,周线,看涨吞没,Bullish Engulfing,看涨,2026-07-31,96.6,0.56,2.55,3.24,6,是
600067,冠城新材,上证,日线,看涨吞没,Bullish Engulfing,看涨,2026-08-12,96,1.06,2.88,3.23,6,否
688056,莱伯泰科,科创,日线,看涨吞没,Bullish Engulfing,看涨,2026-08-12,100,0.58,43.72,3.23,1,是
300414,中光防雷,创业,日线,看涨吞没,Bullish Engulfing,看涨,2026-08-10,100,1.31,11.85,3.22,2,是
301021,英诺激光,创业,日线,启明星,Morning Star,看涨,2026-08-12,89.4,0.81,69.19,3.22,0,否
600020,中原高速,上证,周线,看涨吞没,Bullish Engulfing,看涨,2026-07-31,86.5,0.87,3.85,3.22,0,否
601100,恒立液压,上证,日线,看涨吞没,Bullish Engulfing,看涨,2026-08-11,100,1.47,107.22,3.22,2,否
601375,XD中原证,上证,周线,看涨吞没,Bullish Engulfing,看涨,2026-07-31,100,1.06,4.17,3.22,0,是
000736,中交发展,深证,日线,看涨吞没,Bullish Engulfing,看涨,2026-08-10,89.2,1.4,4.5,3.21,3,是
001318,阳光乳业,深证,日线,看涨吞没,Bullish Engulfing,看涨,2026-08-10,100,1.18,11.24,3.21,4,是
002799,环球印务,深证,日线,看涨吞没,Bullish Engulfing,看涨,2026-08-10,99,1.01,6.76,3.21,1,是
300417,南华仪器,创业,日线,看涨吞没,Bullish Engulfing,看涨,2026-08-10,100,0.67,10.94,3.21,0,是
300823,建科智能,创业,日线,看涨吞没,Bullish Engulfing,看涨,2026-08-10,100,0.86,14.81,3.21,0,否
600188,兖矿能源,上证,日线,看涨吞没,Bullish Engulfing,看涨,2026-08-14,71.9,0.94,22.19,3.21,5,否
601326,秦港股份,上证,周线,看涨吞没,Bullish Engulfing,看涨,2026-07-31,100,0.86,3.54,3.21,2,是
603668,天马科技,上证,日线,看涨吞没,Bullish Engulfing,看涨,2026-08-10,100,1.5,10.92,3.21,3,是
603668,天马科技,上证,日线,启明星,Morning Star,看涨,2026-08-10,100,1.5,10.92,3.21,3,是
002482,广田集团,深证,日线,看涨吞没,Bullish Engulfing,看涨,2026-08-10,91,0.84,1.29,3.2,1,是
600332,白云山,上证,周线,看涨吞没,Bullish Engulfing,看涨,2026-07-31,100,1.12,22.28,3.2,0,是
603096,新经典,上证,日线,看涨吞没,Bullish Engulfing,看涨,2026-08-10,100,1.06,15.14,3.2,0,是
688105,诺唯赞,科创,周线,看涨吞没,Bullish Engulfing,看涨,2026-07-31,100,1.94,17.42,3.2,0,是
000591,太阳能,深证,周线,看涨吞没,Bullish Engulfing,看涨,2026-07-31,100,0.35,4.53,3.19,3,是
002316,亚联发展,深证,日线,看涨吞没,Bullish Engulfing,看涨,2026-08-10,84.3,0.87,4.53,3.19,4,是
002777,久远银海,深证,日线,看涨吞没,Bullish Engulfing,看涨,2026-08-10,93.7,1.45,13.58,3.19,2,是
600395,盘江股份,上证,日线,看涨吞没,Bullish Engulfing,看涨,2026-08-14,89.6,1.3,5.18,3.19,2,否
603350,安乃达,上证,周线,启明星,Morning Star,看涨,2026-08-07,100,0.67,27.82,3.19,2,否
300516,久之洋,创业,周线,看涨吞没,Bullish Engulfing,看涨,2026-07-31,100,1.07,27.55,3.18,4,否
300659,中孚信息,创业,月线,启明星,Morning Star,看涨,2026-08-14,100,0.36,10.37,3.18,1,否
301047,义翘神州,创业,日线,看涨吞没,Bullish Engulfing,看涨,2026-08-13,100,2.51,120,3.18,2,否
600330,天通股份,上证,日线,看涨吞没,Bullish Engulfing,看涨,2026-08-14,92.1,1.2,24.98,3.18,26,是
688448,磁谷科技,科创,日线,看涨吞没,Bullish Engulfing,看涨,2026-08-13,99.3,0.9,55.21,3.18,2,否
002039,黔源电力,深证,周线,看涨吞没,Bullish Engulfing,看涨,2026-07-31,100,0.54,20.15,3.17,1,否
002682,龙洲股份,深证,日线,看涨吞没,Bullish Engulfing,看涨,2026-08-10,100,0.73,4.55,3.17,14,是
002878,元隆雅图,深证,日线,看涨吞没,Bullish Engulfing,看涨,2026-08-10,99.6,0.87,12.71,3.17,4,是
601990,南京证券,上证,周线,看涨吞没,Bullish Engulfing,看涨,2026-07-17,100,1.39,6.84,3.17,0,是
603317,天味食品,上证,日线,看涨吞没,Bullish Engulfing,看涨,2026-08-10,100,1.18,14.64,3.17,3,是
603444,吉比特,上证,日线,看涨吞没,Bullish Engulfing,看涨,2026-08-10,100,0.85,394.8,3.17,3,是
603779,威龙股份,上证,日线,看涨吞没,Bullish Engulfing,看涨,2026-08-12,100,0.45,8.13,3.17,10,否
300740,水羊股份,创业,日线,看涨吞没,Bullish Engulfing,看涨,2026-08-10,99.3,0.92,22.23,3.16,1,是
601298,青岛港,上证,月线,启明星,Morning Star,看涨,2026-05-29,100,0.53,9.13,3.16,0,否
600686,金龙汽车,上证,日线,看涨吞没,Bullish Engulfing,看涨,2026-08-10,100,1.01,12.12,3.15,4,是
603867,新化股份,上证,日线,看涨吞没,Bullish Engulfing,看涨,2026-08-14,75.1,1.38,29.16,3.15,2,否
688775,影石创新,科创,日线,看涨吞没,Bullish Engulfing,看涨,2026-08-11,100,1.25,137.6,3.15,2,是
002174,游族网络,深证,日线,看涨吞没,Bullish Engulfing,看涨,2026-08-12,79.7,0.9,12.16,3.14,4,否
300397,天和防务,创业,周线,看涨吞没,Bullish Engulfing,看涨,2026-07-31,83.8,0.7,10.18,3.14,0,否
600283,钱江水利,上证,周线,启明星,Morning Star,看涨,2026-07-31,100,0.46,7.89,3.14,0,否
600715,文投控股,上证,日线,看涨吞没,Bullish Engulfing,看涨,2026-08-10,95,0.81,1.64,3.14,7,是
603123,翠微股份,上证,日线,看涨吞没,Bullish Engulfing,看涨,2026-08-10,79.5,1.52,9.86,3.14,8,否
002224,三 力 士,深证,日线,看涨吞没,Bullish Engulfing,看涨,2026-08-10,100,1.31,3.62,3.13,0,是
002548,金新农,深证,周线,启明星,Morning Star,看涨,2026-08-07,97.5,0.82,3.95,3.13,6,否
002652,扬子新材,深证,日线,看涨吞没,Bullish Engulfing,看涨,2026-08-10,96,0.74,3.95,3.13,8,否
002692,远程股份,深证,日线,看涨吞没,Bullish Engulfing,看涨,2026-08-12,97.4,0.76,4.28,3.13,5,是
300031,宝通科技,创业,日线,看涨吞没,Bullish Engulfing,看涨,2026-08-12,98.7,0.8,22.42,3.13,0,是
600895,张江高科,上证,日线,看涨吞没,Bullish Engulfing,看涨,2026-08-12,100,1.09,33.58,3.13,5,是
688018,乐鑫科技,科创,日线,看涨吞没,Bullish Engulfing,看涨,2026-08-11,100,0.65,114.47,3.13,0,是
001289,龙源电力,深证,周线,看涨吞没,Bullish Engulfing,看涨,2026-07-31,84.5,0.55,16.52,3.12,0,否
002901,大博医疗,深证,周线,看涨吞没,Bullish Engulfing,看涨,2026-08-07,89.4,0.99,44.55,3.12,0,否
300827,上能电气,创业,周线,启明星,Morning Star,看涨,2026-07-31,100,0.42,24.78,3.12,3,否
600371,万向德农,上证,日线,看涨吞没,Bullish Engulfing,看涨,2026-08-10,100,1.32,7.27,3.12,1,是
688516,奥特维,科创,日线,看涨吞没,Bullish Engulfing,看涨,2026-08-12,100,0.85,42.61,3.12,2,否
000011,深物业A,深证,周线,看涨吞没,Bullish Engulfing,看涨,2026-07-17,98.7,0.89,6.63,3.11,5,是
300502,新易盛,创业,日线,启明星,Morning Star,看涨,2026-08-12,100,0.72,428.2,3.11,0,否
300521,爱司凯,创业,日线,启明星,Morning Star,看涨,2026-08-10,92.2,0.93,24.21,3.11,0,否
300625,三雄极光,创业,日线,看涨吞没,Bullish Engulfing,看涨,2026-08-10,100,1.39,9.62,3.11,0,否
000002,万 科Ａ,深证,日线,看涨吞没,Bullish Engulfing,看涨,2026-08-12,100,1.46,3.33,3.1,1,是
002283,天润工业,深证,日线,看涨吞没,Bullish Engulfing,看涨,2026-08-12,100,0.68,9.31,3.1,7,否
300388,节能国祯,创业,日线,看涨吞没,Bullish Engulfing,看涨,2026-08-14,99.9,2.41,6.98,3.1,0,是
301391,卡莱特,创业,周线,看涨吞没,Bullish Engulfing,看涨,2026-07-31,96.3,0.8,45.55,3.1,0,否
600258,首旅酒店,上证,日线,看涨吞没,Bullish Engulfing,看涨,2026-08-10,100,1.31,12.3,3.1,1,是
000990,诚志股份,深证,周线,看涨吞没,Bullish Engulfing,看涨,2026-07-17,98.9,1.27,9.02,3.09,6,否
002475,立讯精密,深证,日线,启明星,Morning Star,看涨,2026-08-12,94.4,0.82,57.35,3.09,4,否
000036,华联控股,深证,日线,看涨吞没,Bullish Engulfing,看涨,2026-08-12,100,0.63,4.35,3.08,11,是
001896,豫能控股,深证,周线,看涨吞没,Bullish Engulfing,看涨,2026-07-24,100,0.99,14.39,3.08,18,否
301161,唯万密封,创业,日线,启明星,Morning Star,看涨,2026-08-12,100,0.88,28.1,3.08,0,是
600567,山鹰国际,上证,周线,看涨吞没,Bullish Engulfing,看涨,2026-07-31,85.9,0.7,1.34,3.08,1,否
601568,北元化工,上证,周线,看涨吞没,Bullish Engulfing,看涨,2026-07-31,100,0.63,3.68,3.08,0,是
603855,华荣股份,上证,周线,启明星,Morning Star,看涨,2026-07-31,100,0.46,16.39,3.08,0,否
688570,天玛智控,科创,日线,看涨吞没,Bullish Engulfing,看涨,2026-08-10,100,1.81,15.08,3.08,0,是
000973,佛塑科技,深证,周线,看涨吞没,Bullish Engulfing,看涨,2026-08-07,100,0.5,12.44,3.07,12,否
001387,雪祺电气,深证,日线,看涨吞没,Bullish Engulfing,看涨,2026-08-10,88,0.71,12.08,3.07,3,否
002555,三七互娱,深证,日线,看涨吞没,Bullish Engulfing,看涨,2026-08-14,88.8,1.22,19.8,3.07,4,是
002661,克明食品,深证,周线,看涨吞没,Bullish Engulfing,看涨,2026-08-14,100,0.77,7.72,3.07,0,是
300518,新迅达,创业,日线,看涨吞没,Bullish Engulfing,看涨,2026-08-12,76.4,0.83,25.15,3.07,2,否
300802,矩子科技,创业,日线,看涨吞没,Bullish Engulfing,看涨,2026-08-14,75.8,0.78,23.18,3.07,1,否
600327,大东方,上证,日线,看涨吞没,Bullish Engulfing,看涨,2026-08-12,97.7,2.84,4.03,3.07,3,是
002616,长青集团,深证,周线,看涨吞没,Bullish Engulfing,看涨,2026-07-31,86.9,0.39,4.72,3.06,0,否
300333,兆日科技,创业,日线,看涨吞没,Bullish Engulfing,看涨,2026-07-27,95.8,0.78,7.07,3.06,2,是
600272,开开实业,上证,周线,看涨吞没,Bullish Engulfing,看涨,2026-07-17,100,1.65,11.12,3.06,8,是
603139,康惠股份,上证,日线,看涨吞没,Bullish Engulfing,看涨,2026-08-12,100,0.47,36.39,3.06,7,是
603889,新澳股份,上证,周线,看涨吞没,Bullish Engulfing,看涨,2026-07-17,100,0.93,5.39,3.06,3,是
000679,大连友谊,深证,日线,看涨吞没,Bullish Engulfing,看涨,2026-08-10,75.1,0.64,6.08,3.05,2,否
002523,天桥起重,深证,日线,看涨吞没,Bullish Engulfing,看涨,2026-08-10,100,0.9,3.38,3.05,4,是
002050,三花智控,深证,日线,看涨吞没,Bullish Engulfing,看涨,2026-08-11,84.2,1.36,39.7,3.04,4,否
002132,恒星科技,深证,日线,看涨吞没,Bullish Engulfing,看涨,2026-08-14,100,0.81,4.4,3.04,3,是
003017,大洋生物,深证,日线,看涨吞没,Bullish Engulfing,看涨,2026-08-14,100,2.32,22.37,3.04,2,否
300403,汉宇集团,创业,月线,看涨吞没,Bullish Engulfing,看涨,2026-08-14,100,0.15,9.49,3.04,0,否
601236,红塔证券,上证,周线,看涨吞没,Bullish Engulfing,看涨,2026-07-31,100,0.99,7.12,3.04,0,是
000709,河钢股份,深证,周线,看涨吞没,Bullish Engulfing,看涨,2026-07-17,100,0.93,2.04,3.03,0,否
300860,锋尚文化,创业,日线,看涨吞没,Bullish Engulfing,看涨,2026-08-12,100,0.69,27.2,3.03,0,是
601999,出版传媒,上证,日线,看涨吞没,Bullish Engulfing,看涨,2026-08-10,88,1.25,6.12,3.03,3,否
002572,索菲亚,深证,日线,看涨吞没,Bullish Engulfing,看涨,2026-08-12,100,0.97,8.52,3.02,0,是
300320,海达股份,创业,周线,看涨吞没,Bullish Engulfing,看涨,2026-07-31,100,0.53,8.2,3.02,0,否
300320,海达股份,创业,周线,启明星,Morning Star,看涨,2026-07-31,95,0.53,8.2,3.02,0,否
300347,泰格医药,创业,日线,看涨吞没,Bullish Engulfing,看涨,2026-08-13,89.3,1.27,55.32,3.02,0,是
300538,同益股份,创业,月线,看涨吞没,Bullish Engulfing,看涨,2026-06-30,100,1.96,16.69,3.02,0,是
300677,英科医疗,创业,日线,看涨吞没,Bullish Engulfing,看涨,2026-08-11,100,0.96,51.1,3.02,0,是
300811,铂科新材,创业,日线,看涨吞没,Bullish Engulfing,看涨,2026-08-11,82.9,1.11,72.6,3.01,0,否
301491,汉桑科技,创业,周线,看涨吞没,Bullish Engulfing,看涨,2026-08-14,100,1.38,40.33,3.01,0,是
603230,内蒙新华,上证,月线,启明星,Morning Star,看涨,2026-08-14,100,0.24,9.28,3,0,是
688570,天玛智控,科创,月线,启明星,Morning Star,看涨,2026-08-14,100,0.46,15.11,3,0,是
002274,华昌化工,深证,周线,看涨吞没,Bullish Engulfing,看涨,2026-07-31,100,0.67,5.52,2.99,2,是
300532,今天国际,创业,日线,看涨吞没,Bullish Engulfing,看涨,2026-08-10,100,0.71,7.23,2.99,1,是
300826,测绘股份,创业,日线,看涨吞没,Bullish Engulfing,看涨,2026-08-13,90,0.96,14.45,2.99,0,否
300835,龙磁科技,创业,日线,看涨吞没,Bullish Engulfing,看涨,2026-08-11,90.4,0.96,152.09,2.99,2,否
603071,物产环能,上证,周线,看涨吞没,Bullish Engulfing,看涨,2026-07-31,100,0.64,12.07,2.99,0,否
603599,广信股份,上证,周线,看涨吞没,Bullish Engulfing,看涨,2026-07-17,100,0.68,9.98,2.99,2,否
603689,皖天然气,上证,周线,看涨吞没,Bullish Engulfing,看涨,2026-07-31,100,0.61,7.58,2.99,1,是
603826,坤彩科技,上证,日线,启明星,Morning Star,看涨,2026-08-10,100,1.68,17.92,2.99,6,否
000927,中国铁物,深证,周线,看涨吞没,Bullish Engulfing,看涨,2026-07-17,100,0.57,2.42,2.98,4,否
001316,润贝航科,深证,周线,看涨吞没,Bullish Engulfing,看涨,2026-07-31,91,0.6,25.26,2.98,9,否
002098,浔兴股份,深证,日线,看涨吞没,Bullish Engulfing,看涨,2026-08-10,100,1.53,6.91,2.98,2,否
600137,浪莎股份,上证,日线,看涨吞没,Bullish Engulfing,看涨,2026-08-10,100,0.95,17.98,2.98,2,是
603358,华达科技,上证,日线,看涨吞没,Bullish Engulfing,看涨,2026-08-14,98.6,1.14,43.93,2.98,6,是
000731,四川美丰,深证,日线,看涨吞没,Bullish Engulfing,看涨,2026-08-10,93,0.87,5.89,2.97,1,是
300001,特锐德,创业,日线,看涨吞没,Bullish Engulfing,看涨,2026-08-12,81,1.1,36.71,2.97,0,否
301123,奕东电子,创业,日线,启明星,Morning Star,看涨,2026-08-12,100,0.79,72.55,2.97,7,是
300568,星源材质,创业,日线,看涨吞没,Bullish Engulfing,看涨,2026-08-14,81.5,1.69,14.95,2.96,0,否
600017,日照港,上证,周线,看涨吞没,Bullish Engulfing,看涨,2026-07-31,100,0.89,2.78,2.96,0,是
600369,西南证券,上证,周线,看涨吞没,Bullish Engulfing,看涨,2026-07-31,100,1.09,4.18,2.96,0,是
002186,全 聚 德,深证,周线,看涨吞没,Bullish Engulfing,看涨,2026-08-14,100,1.06,9.43,2.95,1,是
600073,光明肉业,上证,日线,看涨吞没,Bullish Engulfing,看涨,2026-08-10,100,1.31,5.24,2.95,0,是
600690,海尔智家,上证,周线,看涨吞没,Bullish Engulfing,看涨,2026-07-17,100,1.07,20.95,2.95,0,否
601666,平煤股份,上证,周线,看涨吞没,Bullish Engulfing,看涨,2026-07-24,100,1.04,7.69,2.95,3,是
001366,播恩集团,深证,日线,看涨吞没,Bullish Engulfing,看涨,2026-08-10,100,0.73,11.9,2.94,4,是
002724,海洋王,深证,日线,看涨吞没,Bullish Engulfing,看涨,2026-08-12,100,1.44,5.6,2.94,4,是
301317,鑫磊股份,创业,日线,看涨吞没,Bullish Engulfing,看涨,2026-08-12,100,0.93,45.88,2.94,2,是
603776,永安行,上证,周线,看涨吞没,Bullish Engulfing,看涨,2026-07-31,100,0.39,18.89,2.94,0,是
002453,华软科技,深证,日线,看涨吞没,Bullish Engulfing,看涨,2026-08-12,100,0.75,4.56,2.93,10,是
601607,上海医药,上证,周线,看涨吞没,Bullish Engulfing,看涨,2026-07-31,100,1.13,16.86,2.93,0,是
601689,拓普集团,上证,日线,看涨吞没,Bullish Engulfing,看涨,2026-08-11,92.6,1.19,50.93,2.93,3,是
002205,国统股份,深证,日线,看涨吞没,Bullish Engulfing,看涨,2026-08-10,92.1,1.15,10.59,2.92,3,是
300083,创世纪,创业,日线,看涨吞没,Bullish Engulfing,看涨,2026-08-12,93.5,0.93,14.44,2.92,1,是
300303,聚飞光电,创业,日线,启明星,Morning Star,看涨,2026-08-12,100,1.16,7.41,2.92,2,是
600018,上港集团,上证,周线,看涨吞没,Bullish Engulfing,看涨,2026-07-31,100,1.12,5.29,2.92,0,是
603896,寿仙谷,上证,周线,看涨吞没,Bullish Engulfing,看涨,2026-08-14,100,1.36,15.14,2.92,0,否
688626,翔宇医疗,科创,日线,看涨吞没,Bullish Engulfing,看涨,2026-08-12,100,1,46.5,2.92,2,是
300195,长荣股份,创业,日线,看涨吞没,Bullish Engulfing,看涨,2026-08-12,92,0.93,5.66,2.91,0,是
601007,金陵饭店,上证,日线,看涨吞没,Bullish Engulfing,看涨,2026-08-10,100,1.28,6.72,2.91,0,是
688577,浙海德曼,科创,日线,看涨吞没,Bullish Engulfing,看涨,2026-08-11,89.4,1.67,43.52,2.91,1,否
001213,中铁特货,深证,周线,看涨吞没,Bullish Engulfing,看涨,2026-07-17,100,0.78,3.55,2.9,0,是
002570,贝因美,深证,日线,看涨吞没,Bullish Engulfing,看涨,2026-08-12,100,1.24,4.62,2.9,1,是
002847,盐津铺子,深证,日线,看涨吞没,Bullish Engulfing,看涨,2026-08-10,99.2,1.2,50.79,2.9,2,是
600838,上海九百,上证,日线,看涨吞没,Bullish Engulfing,看涨,2026-08-10,97,0.97,7.45,2.9,5,是
601992,金隅集团,上证,周线,看涨吞没,Bullish Engulfing,看涨,2026-07-31,100,0.56,1.42,2.9,7,是
603086,先达股份,上证,日线,看涨吞没,Bullish Engulfing,看涨,2026-08-10,100,1.13,5.68,2.9,0,是
000839,国安股份,深证,月线,启明星,Morning Star,看涨,2026-08-14,100,1.11,2.85,2.89,11,否
000897,津滨发展,深证,周线,看涨吞没,Bullish Engulfing,看涨,2026-08-14,100,1.37,1.78,2.89,0,是
002178,延华智能,深证,日线,看涨吞没,Bullish Engulfing,看涨,2026-08-10,87.4,0.98,4.63,2.89,4,是
002736,国信证券,深证,周线,看涨吞没,Bullish Engulfing,看涨,2026-07-31,100,0.74,10.32,2.89,0,是
301367,瑞迈特,创业,日线,看涨吞没,Bullish Engulfing,看涨,2026-08-14,100,0.77,47.58,2.88,0,是
600736,苏州高新,上证,日线,看涨吞没,Bullish Engulfing,看涨,2026-08-12,100,1.34,6.79,2.88,7,是
002314,南山控股,深证,日线,看涨吞没,Bullish Engulfing,看涨,2026-08-10,88.6,1.3,2.15,2.87,3,是
301366,一博科技,创业,日线,看涨吞没,Bullish Engulfing,看涨,2026-08-12,100,1.41,54.8,2.87,4,否
600751,海航科技,上证,日线,看涨吞没,Bullish Engulfing,看涨,2026-08-10,100,0.88,3.23,2.87,3,否
600785,新华百货,上证,日线,看涨吞没,Bullish Engulfing,看涨,2026-08-10,100,0.55,8.96,2.87,10,是
601366,利群股份,上证,日线,看涨吞没,Bullish Engulfing,看涨,2026-08-10,91,1.17,3.58,2.87,4,是
688252,天德钰,科创,周线,看涨吞没,Bullish Engulfing,看涨,2026-07-31,100,0.84,17.19,2.87,0,否
000906,浙商中拓,深证,周线,看涨吞没,Bullish Engulfing,看涨,2026-07-17,100,0.81,5.39,2.86,1,是
600508,上海能源,上证,周线,看涨吞没,Bullish Engulfing,看涨,2026-07-17,100,0.91,8.26,2.86,1,是
600595,中孚实业,上证,周线,看涨吞没,Bullish Engulfing,看涨,2026-07-17,100,1.66,6.11,2.86,3,否
603556,海兴电力,上证,日线,看涨吞没,Bullish Engulfing,看涨,2026-08-13,100,1.11,25.91,2.86,5,是
001234,泰慕士,深证,日线,看涨吞没,Bullish Engulfing,看涨,2026-08-10,100,0.92,20.92,2.85,10,是
003012,东鹏控股,深证,周线,看涨吞没,Bullish Engulfing,看涨,2026-07-17,100,0.98,4.69,2.85,2,是
300805,电声股份,创业,日线,看涨吞没,Bullish Engulfing,看涨,2026-08-12,71.6,0.6,8.66,2.85,2,否
600211,西藏药业,上证,日线,看涨吞没,Bullish Engulfing,看涨,2026-08-13,100,1.9,40.05,2.85,2,是
600211,西藏药业,上证,日线,启明星,Morning Star,看涨,2026-08-13,100,1.9,40.05,2.85,2,是
601788,光大证券,上证,周线,看涨吞没,Bullish Engulfing,看涨,2026-07-31,100,0.63,14.8,2.85,1,是
603636,南威软件,上证,日线,看涨吞没,Bullish Engulfing,看涨,2026-08-12,100,1,7.58,2.85,6,是
002186,全 聚 德,深证,日线,看涨吞没,Bullish Engulfing,看涨,2026-08-10,100,1.28,9.42,2.84,1,是
300227,光韵达,创业,日线,看涨吞没,Bullish Engulfing,看涨,2026-08-12,100,0.99,11.94,2.84,0,是
300439,美康生物,创业,周线,看涨吞没,Bullish Engulfing,看涨,2026-07-17,100,1.38,8.7,2.84,0,否
301608,博实结,创业,日线,看涨吞没,Bullish Engulfing,看涨,2026-08-14,71,0.93,47.82,2.84,0,否
000755,山西高速,深证,日线,看涨吞没,Bullish Engulfing,看涨,2026-08-10,90.6,1.27,4.73,2.83,1,是
002991,甘源食品,深证,日线,看涨吞没,Bullish Engulfing,看涨,2026-08-10,100,1.34,43.64,2.83,0,是
600308,华泰股份,上证,日线,看涨吞没,Bullish Engulfing,看涨,2026-08-10,100,1.18,3.27,2.83,3,是
603298,杭叉集团,上证,日线,看涨吞没,Bullish Engulfing,看涨,2026-08-10,83.7,1.17,26.88,2.83,0,否
603880,南卫股份,上证,日线,看涨吞没,Bullish Engulfing,看涨,2026-08-12,100,1.15,7.99,2.83,3,否
605339,南侨食品,上证,日线,看涨吞没,Bullish Engulfing,看涨,2026-08-10,95.3,0.73,13.45,2.83,4,是
688127,蓝特光学,科创,日线,看涨吞没,Bullish Engulfing,看涨,2026-08-12,100,0.63,66.53,2.83,0,是
688127,蓝特光学,科创,日线,启明星,Morning Star,看涨,2026-08-12,100,0.63,66.53,2.83,0,是
000890,法尔胜,深证,日线,看涨吞没,Bullish Engulfing,看涨,2026-08-12,97.4,0.64,7.67,2.82,23,是
002927,泰永长征,深证,日线,看涨吞没,Bullish Engulfing,看涨,2026-08-12,100,0.9,16.38,2.82,12,否
603335,迪生力,上证,日线,看涨吞没,Bullish Engulfing,看涨,2026-08-12,85.9,0.69,6.92,2.82,11,是
688097,博众精工,科创,日线,启明星,Morning Star,看涨,2026-08-12,86.6,0.98,44.51,2.82,0,否
002029,七 匹 狼,深证,日线,看涨吞没,Bullish Engulfing,看涨,2026-08-10,100,1.11,9.15,2.81,11,是
000895,双汇发展,深证,日线,看涨吞没,Bullish Engulfing,看涨,2026-08-10,89.6,1.3,24.95,2.8,0,是
600998,九州通,上证,周线,看涨吞没,Bullish Engulfing,看涨,2026-07-31,100,1.04,5.15,2.79,0,是
601579,会稽山,上证,日线,看涨吞没,Bullish Engulfing,看涨,2026-08-12,100,2,15.86,2.79,8,是
601969,海南矿业,上证,周线,启明星,Morning Star,看涨,2026-07-24,100,1.05,8.46,2.79,7,否
603700,宁水集团,上证,周线,看涨吞没,Bullish Engulfing,看涨,2026-07-31,100,1.02,11.06,2.79,0,是
001336,楚环科技,深证,周线,启明星,Morning Star,看涨,2026-08-14,95.1,0.77,18.14,2.78,5,否
603099,长白山,上证,周线,看涨吞没,Bullish Engulfing,看涨,2026-08-14,100,1.48,39.99,2.78,0,是
688522,纳睿雷达,科创,周线,启明星,Morning Star,看涨,2026-08-07,100,0.82,19.58,2.78,0,否
001338,永顺泰,深证,日线,看涨吞没,Bullish Engulfing,看涨,2026-08-10,100,1.27,8.89,2.77,0,是
002258,利尔化学,深证,日线,看涨吞没,Bullish Engulfing,看涨,2026-08-10,100,0.92,14.48,2.77,4,是
300175,朗源股份,创业,月线,看涨吞没,Bullish Engulfing,看涨,2026-05-29,100,0.5,6.3,2.77,1,是
600733,北汽蓝谷,上证,日线,看涨吞没,Bullish Engulfing,看涨,2026-08-12,100,1.12,5.57,2.77,2,否
603312,西典新能,上证,日线,看涨吞没,Bullish Engulfing,看涨,2026-08-14,85.1,2.09,33.38,2.77,2,否
002046,国机精工,深证,日线,启明星,Morning Star,看涨,2026-08-12,85.1,0.76,47.73,2.76,16,否
002995,天地在线,深证,月线,看涨吞没,Bullish Engulfing,看涨,2026-08-14,100,0.56,17.84,2.76,18,否
000595,新能股份,深证,日线,看涨吞没,Bullish Engulfing,看涨,2026-08-10,94.3,1.54,6.36,2.75,8,否
002659,凯文教育,深证,日线,看涨吞没,Bullish Engulfing,看涨,2026-08-12,100,0.75,4.86,2.75,6,是
002889,东方嘉盛,深证,日线,看涨吞没,Bullish Engulfing,看涨,2026-08-10,87.6,0.98,12.32,2.75,1,是
600495,晋西车轴,上证,周线,看涨吞没,Bullish Engulfing,看涨,2026-07-17,100,0.84,3.74,2.75,1,否
601162,天风证券,上证,周线,看涨吞没,Bullish Engulfing,看涨,2026-08-14,100,1.02,3.73,2.75,2,是
603363,傲农生物,上证,日线,看涨吞没,Bullish Engulfing,看涨,2026-08-12,100,1.62,2.99,2.75,7,是
000682,东方电子,深证,周线,启明星,Morning Star,看涨,2026-07-31,100,0.65,11.98,2.74,2,否
002115,三维通信,深证,日线,看涨吞没,Bullish Engulfing,看涨,2026-08-12,72.6,0.63,11.99,2.74,15,否
300405,科隆股份,创业,日线,看涨吞没,Bullish Engulfing,看涨,2026-08-10,100,0.85,5.62,2.74,0,否
300552,万集科技,创业,日线,看涨吞没,Bullish Engulfing,看涨,2026-08-11,100,2.13,22.84,2.74,3,是
600386,北巴传媒,上证,日线,看涨吞没,Bullish Engulfing,看涨,2026-08-10,100,0.91,3.38,2.74,1,否
600668,尖峰集团,上证,月线,看涨吞没,Bullish Engulfing,看涨,2026-08-14,100,0.49,7.49,2.74,1,是
601012,隆基绿能,上证,日线,看涨吞没,Bullish Engulfing,看涨,2026-08-12,93.7,1.15,13.14,2.74,2,是
605389,长龄液压,上证,日线,看涨吞没,Bullish Engulfing,看涨,2026-08-12,100,0.61,73.83,2.74,4,否
688575,亚辉龙,科创,周线,看涨吞没,Bullish Engulfing,看涨,2026-07-17,100,1.78,9.36,2.74,0,是
000069,华侨城Ａ,深证,日线,看涨吞没,Bullish Engulfing,看涨,2026-08-12,100,1.04,1.88,2.73,2,是
002811,郑中设计,深证,日线,看涨吞没,Bullish Engulfing,看涨,2026-08-10,100,0.8,10.55,2.73,6,是
002873,新天药业,深证,周线,看涨吞没,Bullish Engulfing,看涨,2026-07-17,88.9,1.28,7.89,2.73,4,否
002881,美格智能,深证,日线,看涨吞没,Bullish Engulfing,看涨,2026-08-11,97.5,0.8,38.16,2.72,6,是
300074,华平股份,创业,日线,看涨吞没,Bullish Engulfing,看涨,2026-08-10,91,0.98,3.77,2.72,0,是
600831,广电网络,上证,日线,看涨吞没,Bullish Engulfing,看涨,2026-08-10,93,0.94,3.4,2.72,3,是
688136,科兴制药,科创,日线,看涨吞没,Bullish Engulfing,看涨,2026-08-13,100,1.51,21.12,2.72,0,是
002187,广百股份,深证,周线,看涨吞没,Bullish Engulfing,看涨,2026-07-17,92.9,1.48,4.93,2.71,7,否
002578,闽发铝业,深证,日线,看涨吞没,Bullish Engulfing,看涨,2026-08-14,86.6,0.92,3.41,2.71,10,是
300288,朗玛信息,创业,日线,看涨吞没,Bullish Engulfing,看涨,2026-08-10,100,1.19,10.22,2.71,0,是
300866,安克创新,创业,日线,看涨吞没,Bullish Engulfing,看涨,2026-08-12,100,0.66,124.29,2.71,0,是
300970,华绿生物,创业,日线,看涨吞没,Bullish Engulfing,看涨,2026-08-10,100,0.95,17.81,2.71,1,是
301135,瑞德智能,创业,日线,看涨吞没,Bullish Engulfing,看涨,2026-08-10,100,0.91,16.7,2.71,0,是
002146,荣盛发展,深证,日线,看涨吞没,Bullish Engulfing,看涨,2026-08-10,100,1.38,1.14,2.7,7,是
002515,金字火腿,深证,日线,启明星,Morning Star,看涨,2026-08-12,100,0.57,7.24,2.7,9,是
300266,兴源环境,创业,日线,看涨吞没,Bullish Engulfing,看涨,2026-08-10,88.3,1.11,1.9,2.7,1,是
300557,理工光科,创业,日线,启明星,Morning Star,看涨,2026-08-12,98.6,0.98,27.03,2.7,2,否
603178,圣龙股份,上证,日线,看涨吞没,Bullish Engulfing,看涨,2026-08-13,100,1.35,17.85,2.7,12,是
688539,高华科技,科创,日线,看涨吞没,Bullish Engulfing,看涨,2026-08-12,70.8,0.91,27.05,2.7,0,否
301227,森鹰窗业,创业,日线,看涨吞没,Bullish Engulfing,看涨,2026-08-11,74,0.68,25.97,2.69,1,否
601319,中国人保,上证,周线,看涨吞没,Bullish Engulfing,看涨,2026-07-17,100,1.35,7.25,2.69,0,是
603170,宝立食品,上证,日线,看涨吞没,Bullish Engulfing,看涨,2026-08-10,100,1.08,13.34,2.69,0,是
603860,中公高科,上证,日线,看涨吞没,Bullish Engulfing,看涨,2026-08-10,100,0.83,26.35,2.69,0,是
002210,飞马国际,深证,日线,看涨吞没,Bullish Engulfing,看涨,2026-08-10,91,1.02,2.3,2.68,10,是
603708,家家悦,上证,日线,看涨吞没,Bullish Engulfing,看涨,2026-08-10,100,1.31,9.57,2.68,2,是
688185,康希诺,科创,日线,看涨吞没,Bullish Engulfing,看涨,2026-08-13,100,1.65,56.72,2.68,0,是
600104,上汽集团,上证,周线,看涨吞没,Bullish Engulfing,看涨,2026-07-17,100,1.14,10.39,2.67,1,否
600546,山煤国际,上证,日线,看涨吞没,Bullish Engulfing,看涨,2026-08-14,90.1,0.86,13.06,2.67,2,是
600575,淮河能源,上证,日线,看涨吞没,Bullish Engulfing,看涨,2026-08-10,93,1.06,3.46,2.67,0,是
603721,中广天择,上证,周线,看涨吞没,Bullish Engulfing,看涨,2026-08-14,100,2.04,18.07,2.67,2,是
000599,青岛双星,深证,日线,看涨吞没,Bullish Engulfing,看涨,2026-08-10,85.4,0.8,5.02,2.66,5,是
000978,桂林旅游,深证,日线,看涨吞没,Bullish Engulfing,看涨,2026-08-10,92,0.8,6.17,2.66,3,否
001236,弘业期货,深证,日线,看涨吞没,Bullish Engulfing,看涨,2026-08-10,77.8,0.95,7.71,2.66,0,否
002500,山西证券,深证,周线,看涨吞没,Bullish Engulfing,看涨,2026-07-31,100,0.96,5.41,2.66,0,是
600116,三峡水利,上证,日线,看涨吞没,Bullish Engulfing,看涨,2026-08-10,100,0.8,6.57,2.66,0,是
603682,锦和商管,上证,日线,看涨吞没,Bullish Engulfing,看涨,2026-08-10,100,1.22,11.58,2.66,8,否
301311,昆船智能,创业,日线,看涨吞没,Bullish Engulfing,看涨,2026-08-10,100,1,13.92,2.65,0,是
600333,长春燃气,上证,日线,看涨吞没,Bullish Engulfing,看涨,2026-08-10,86.6,0.88,6.2,2.65,3,是
601599,浙文影业,上证,日线,看涨吞没,Bullish Engulfing,看涨,2026-08-10,100,1.21,3.1,2.65,2,是
300950,德固特,创业,日线,看涨吞没,Bullish Engulfing,看涨,2026-08-10,78.5,1.04,17.12,2.64,2,否
600048,保利发展,上证,日线,看涨吞没,Bullish Engulfing,看涨,2026-08-12,100,1.37,5.45,2.64,0,否
000421,南京公用,深证,日线,看涨吞没,Bullish Engulfing,看涨,2026-08-10,100,1.39,5.47,2.63,2,是
001207,联科科技,深证,日线,看涨吞没,Bullish Engulfing,看涨,2026-08-10,100,1.22,15.99,2.63,4,否
002315,焦点科技,深证,周线,看涨吞没,Bullish Engulfing,看涨,2026-07-17,100,1.52,24.18,2.63,0,是
301513,尚水智能,创业,日线,看涨吞没,Bullish Engulfing,看涨,2026-08-14,89.5,1.36,50.7,2.63,1,否
301632,广东建科,创业,日线,看涨吞没,Bullish Engulfing,看涨,2026-08-10,100,1.47,15.61,2.63,2,是
601001,晋控煤业,上证,周线,看涨吞没,Bullish Engulfing,看涨,2026-07-17,97.6,0.79,17.53,2.63,3,是
002679,福建金森,深证,日线,看涨吞没,Bullish Engulfing,看涨,2026-08-10,100,0.96,9,2.62,9,是
300498,温氏股份,创业,周线,看涨吞没,Bullish Engulfing,看涨,2026-07-31,100,0.95,14.09,2.62,0,是
601500,通用股份,上证,周线,看涨吞没,Bullish Engulfing,看涨,2026-07-17,92.7,1.29,3.92,2.62,1,否
601633,长城汽车,上证,周线,看涨吞没,Bullish Engulfing,看涨,2026-07-17,100,1,15.66,2.62,0,是
603439,三力制药,上证,日线,看涨吞没,Bullish Engulfing,看涨,2026-08-13,90.5,1.46,12.93,2.62,2,是
603815,交建股份,上证,日线,看涨吞没,Bullish Engulfing,看涨,2026-08-10,73.3,0.66,5.49,2.62,9,否
002011,盾安环境,深证,周线,看涨吞没,Bullish Engulfing,看涨,2026-07-24,99.8,1.04,10.21,2.61,1,是
002106,莱宝高科,深证,日线,看涨吞没,Bullish Engulfing,看涨,2026-08-12,100,0.81,10.62,2.61,4,否
002202,金风科技,深证,日线,看涨吞没,Bullish Engulfing,看涨,2026-08-12,100,1.11,20.44,2.61,13,否
002296,辉煌科技,深证,月线,看涨吞没,Bullish Engulfing,看涨,2026-08-14,100,0.29,9.03,2.61,2,是
300987,川网传媒,创业,日线,看涨吞没,Bullish Engulfing,看涨,2026-08-10,87.7,0.89,13.74,2.61,1,是
301043,绿岛风,创业,日线,看涨吞没,Bullish Engulfing,看涨,2026-08-10,100,0.66,43.99,2.61,4,是
600422,昆药集团,上证,日线,看涨吞没,Bullish Engulfing,看涨,2026-08-11,100,1.4,9.04,2.61,0,否
600435,北方导航,上证,周线,启明星,Morning Star,看涨,2026-07-31,98.4,0.83,10.6,2.61,3,否
601083,锦江航运,上证,日线,看涨吞没,Bullish Engulfing,看涨,2026-08-10,100,1.3,11.39,2.61,2,是
603698,航天工程,上证,日线,看涨吞没,Bullish Engulfing,看涨,2026-08-12,77.1,0.91,24,2.61,15,否
688065,凯赛生物,科创,日线,看涨吞没,Bullish Engulfing,看涨,2026-08-11,77.6,1.66,48.77,2.61,0,否
688410,山外山,科创,日线,看涨吞没,Bullish Engulfing,看涨,2026-08-13,100,2.37,11.4,2.61,0,是
000592,平潭发展,深证,日线,看涨吞没,Bullish Engulfing,看涨,2026-08-10,97.7,0.94,6.71,2.6,24,是
002224,三 力 士,深证,月线,启明星,Morning Star,看涨,2026-08-14,100,0.24,3.55,2.6,0,是
600876,凯盛新能,上证,日线,看涨吞没,Bullish Engulfing,看涨,2026-08-10,100,0.96,7.11,2.6,2,是
000009,中国宝安,深证,日线,看涨吞没,Bullish Engulfing,看涨,2026-08-12,100,0.81,8.33,2.59,3,否
002066,瑞泰科技,深证,周线,看涨吞没,Bullish Engulfing,看涨,2026-08-07,100,0.45,20.59,2.59,6,是
002084,海鸥住工,深证,日线,看涨吞没,Bullish Engulfing,看涨,2026-08-10,99,1.81,3.57,2.59,9,是
300928,华安鑫创,创业,日线,看涨吞没,Bullish Engulfing,看涨,2026-08-10,75.4,1.06,25.76,2.59,0,否
601200,上海环境,上证,周线,看涨吞没,Bullish Engulfing,看涨,2026-07-31,100,0.91,7.12,2.59,0,是
000768,中航西飞,深证,日线,看涨吞没,Bullish Engulfing,看涨,2026-08-14,100,2.16,21.43,2.58,2,是
002043,兔 宝 宝,深证,日线,看涨吞没,Bullish Engulfing,看涨,2026-08-10,90.2,0.68,12.7,2.58,0,是
300040,九洲集团,创业,日线,看涨吞没,Bullish Engulfing,看涨,2026-08-13,100,1.05,6.75,2.58,0,否
688190,云路股份,科创,日线,看涨吞没,Bullish Engulfing,看涨,2026-08-10,100,0.92,75.6,2.58,0,是
688371,菲沃泰,科创,日线,看涨吞没,Bullish Engulfing,看涨,2026-08-11,92.1,0.83,28.6,2.58,2,是
002861,瀛通通讯,深证,日线,看涨吞没,Bullish Engulfing,看涨,2026-08-12,100,0.5,16.74,2.57,1,是
003018,金富科技,深证,日线,启明星,Morning Star,看涨,2026-08-12,86.1,1.03,39.57,2.57,31,否
300374,中铁装配,创业,日线,看涨吞没,Bullish Engulfing,看涨,2026-08-10,72.6,0.91,11.19,2.57,0,否
301628,强达电路,创业,日线,看涨吞没,Bullish Engulfing,看涨,2026-08-11,93.9,1.28,84.48,2.57,1,是
000039,中集集团,深证,周线,看涨吞没,Bullish Engulfing,看涨,2026-08-14,100,1.52,8.8,2.56,5,否
000723,美锦能源,深证,周线,看涨吞没,Bullish Engulfing,看涨,2026-08-14,100,0.79,3.61,2.56,2,是
001270,铖昌科技,深证,日线,看涨吞没,Bullish Engulfing,看涨,2026-08-12,100,0.63,114.63,2.56,2,是
600572,康恩贝,上证,日线,看涨吞没,Bullish Engulfing,看涨,2026-08-14,100,3.34,4.8,2.56,2,是
601788,光大证券,上证,月线,启明星,Morning Star,看涨,2026-07-31,100,0.88,14.8,2.56,1,是
603229,奥翔药业,上证,日线,看涨吞没,Bullish Engulfing,看涨,2026-08-13,100,1.4,8.4,2.56,0,是
688332,中科蓝讯,科创,日线,看涨吞没,Bullish Engulfing,看涨,2026-08-11,91.6,0.78,89.18,2.56,1,是
300575,中旗股份,创业,日线,看涨吞没,Bullish Engulfing,看涨,2026-08-10,100,0.94,5.64,2.55,0,是
600660,福耀玻璃,上证,日线,看涨吞没,Bullish Engulfing,看涨,2026-08-14,92.3,1.04,56.27,2.55,1,是
300825,阿尔特,创业,日线,看涨吞没,Bullish Engulfing,看涨,2026-08-12,100,0.51,11.3,2.54,0,是
300949,奥雅股份,创业,日线,看涨吞没,Bullish Engulfing,看涨,2026-08-10,100,0.84,22.2,2.54,1,是
603310,巍华新材,上证,周线,看涨吞没,Bullish Engulfing,看涨,2026-07-31,86.9,0.48,14.56,2.54,1,否
688329,艾隆科技,科创,日线,看涨吞没,Bullish Engulfing,看涨,2026-08-12,100,0.68,20.27,2.53,0,是
600545,卓郎智能,上证,日线,看涨吞没,Bullish Engulfing,看涨,2026-08-12,100,0.65,4.47,2.52,22,是
600693,东百集团,上证,日线,看涨吞没,Bullish Engulfing,看涨,2026-08-12,100,1.13,10.17,2.52,19,否
603057,紫燕食品,上证,周线,看涨吞没,Bullish Engulfing,看涨,2026-08-14,100,0.87,22.82,2.52,6,是
600512,腾达建设,上证,周线,看涨吞没,Bullish Engulfing,看涨,2026-08-14,100,0.84,2.04,2.51,0,是
600810,神马股份,上证,日线,看涨吞没,Bullish Engulfing,看涨,2026-08-10,88.8,1.18,6.54,2.51,4,否
688119,中钢洛耐,科创,日线,看涨吞没,Bullish Engulfing,看涨,2026-08-12,86.4,0.94,4.08,2.51,2,是
688277,天智航,科创,月线,看涨吞没,Bullish Engulfing,看涨,2026-07-31,100,0.83,17.53,2.51,0,否
688680,海优新材,科创,日线,启明星,Morning Star,看涨,2026-08-10,100,0.93,35.95,2.51,1,否
688772,珠海冠宇,科创,日线,启明星,Morning Star,看涨,2026-08-10,89.5,0.88,14.69,2.51,0,否
000716,黑芝麻,深证,日线,看涨吞没,Bullish Engulfing,看涨,2026-08-12,95.8,0.96,4.92,2.5,3,是
301419,阿莱德,创业,日线,启明星,Morning Star,看涨,2026-08-12,100,0.69,31.92,2.5,3,是
600477,杭萧钢构,上证,周线,看涨吞没,Bullish Engulfing,看涨,2026-08-14,100,1.02,2.46,2.5,8,是
600853,龙建股份,上证,周线,看涨吞没,Bullish Engulfing,看涨,2026-08-14,100,0.8,3.28,2.5,0,是
688151,华强科技,科创,周线,看涨吞没,Bullish Engulfing,看涨,2026-08-07,100,1.62,16.41,2.5,0,否
000561,烽火电子,深证,日线,看涨吞没,Bullish Engulfing,看涨,2026-08-12,100,0.92,7.82,2.49,5,是
000970,中科三环,深证,日线,看涨吞没,Bullish Engulfing,看涨,2026-08-14,88.9,0.63,13.59,2.49,5,是
300932,三友联众,创业,日线,看涨吞没,Bullish Engulfing,看涨,2026-08-12,69.3,0.75,10.28,2.49,0,否
600114,东睦股份,上证,日线,看涨吞没,Bullish Engulfing,看涨,2026-08-14,68.2,0.84,30.02,2.49,4,否
603325,博隆技术,上证,日线,看涨吞没,Bullish Engulfing,看涨,2026-08-12,85.6,1.7,55.65,2.49,1,否
002067,景兴纸业,深证,日线,看涨吞没,Bullish Engulfing,看涨,2026-08-12,91,0.89,4.55,2.48,10,是
300436,广生堂,创业,日线,看涨吞没,Bullish Engulfing,看涨,2026-08-13,97.2,1.5,100.65,2.48,3,否
603080,新疆火炬,上证,月线,看涨吞没,Bullish Engulfing,看涨,2026-08-14,100,0.14,18.59,2.48,2,是
603813,原尚股份,上证,日线,看涨吞没,Bullish Engulfing,看涨,2026-08-12,94.6,0.65,32.19,2.48,2,是
603950,长源东谷,上证,日线,启明星,Morning Star,看涨,2026-08-13,86.4,0.96,59.15,2.48,21,否
605189,富春染织,上证,周线,看涨吞没,Bullish Engulfing,看涨,2026-08-14,100,1.79,16.14,2.48,9,是
002244,滨江集团,深证,日线,看涨吞没,Bullish Engulfing,看涨,2026-08-10,100,1.42,8.71,2.47,2,是
301370,国科恒泰,创业,周线,看涨吞没,Bullish Engulfing,看涨,2026-07-17,100,1.92,8.71,2.47,0,否
600064,南京高科,上证,周线,看涨吞没,Bullish Engulfing,看涨,2026-07-24,100,1.25,7.48,2.47,0,是
600865,百大集团,上证,日线,看涨吞没,Bullish Engulfing,看涨,2026-08-12,91,1.06,9.14,2.47,9,是
603136,天目湖,上证,日线,看涨吞没,Bullish Engulfing,看涨,2026-08-10,100,1.18,9.13,2.47,0,是
000547,航天发展,深证,周线,看涨吞没,Bullish Engulfing,看涨,2026-07-31,100,0.43,14.17,2.46,19,否
000789,万年青,深证,日线,看涨吞没,Bullish Engulfing,看涨,2026-08-10,88.3,1.02,4.16,2.46,0,是
002077,大港股份,深证,日线,看涨吞没,Bullish Engulfing,看涨,2026-08-12,100,0.64,12.92,2.46,4,是
002939,长城证券,深证,周线,看涨吞没,Bullish Engulfing,看涨,2026-07-31,100,0.77,8.32,2.46,4,否
300343,联创股份,创业,周线,看涨吞没,Bullish Engulfing,看涨,2026-07-31,100,0.9,5.84,2.46,1,否
688288,鸿泉技术,科创,日线,看涨吞没,Bullish Engulfing,看涨,2026-08-12,82.3,0.9,18.76,2.46,0,否
000068,华控赛格,深证,日线,看涨吞没,Bullish Engulfing,看涨,2026-08-10,86.2,1.08,2.93,2.45,5,是
000531,穗恒运Ａ,深证,周线,看涨吞没,Bullish Engulfing,看涨,2026-07-31,90.8,0.34,5.86,2.45,1,否
000731,四川美丰,深证,周线,看涨吞没,Bullish Engulfing,看涨,2026-07-31,100,0.3,5.85,2.45,1,是
000900,现代投资,深证,周线,看涨吞没,Bullish Engulfing,看涨,2026-07-31,98.8,0.81,3.76,2.45,0,是
000963,华东医药,深证,周线,看涨吞没,Bullish Engulfing,看涨,2026-07-17,100,2.48,30.1,2.45,0,是
601007,金陵饭店,上证,周线,看涨吞没,Bullish Engulfing,看涨,2026-08-14,100,0.65,6.69,2.45,0,是
000993,闽东电力,深证,周线,看涨吞没,Bullish Engulfing,看涨,2026-07-31,100,0.36,10.08,2.44,9,否
002543,万和电气,深证,日线,看涨吞没,Bullish Engulfing,看涨,2026-08-10,93.3,1.07,6.71,2.44,2,是
002545,东方铁塔,深证,日线,看涨吞没,Bullish Engulfing,看涨,2026-08-10,100,0.94,18.92,2.44,7,是
300910,瑞丰新材,创业,周线,看涨吞没,Bullish Engulfing,看涨,2026-07-24,100,0.95,28.18,2.44,0,是
601901,方正证券,上证,周线,看涨吞没,Bullish Engulfing,看涨,2026-07-24,99.8,1.09,7.14,2.44,0,是
603258,电魂网络,上证,日线,看涨吞没,Bullish Engulfing,看涨,2026-08-10,80.8,0.71,13.41,2.44,1,否
603389,亚振家居,上证,日线,看涨吞没,Bullish Engulfing,看涨,2026-08-11,79.2,1.16,45.8,2.44,2,否
688379,华光新材,科创,日线,看涨吞没,Bullish Engulfing,看涨,2026-08-12,96.5,0.66,50.4,2.44,0,是
000573,粤宏远Ａ,深证,日线,看涨吞没,Bullish Engulfing,看涨,2026-08-12,86.7,1.09,3.8,2.43,2,否
000988,华工科技,深证,日线,启明星,Morning Star,看涨,2026-08-12,87.7,0.77,106.32,2.43,7,否
002366,融发核电,深证,日线,看涨吞没,Bullish Engulfing,看涨,2026-08-10,70.5,1.07,6.33,2.43,4,否
603182,嘉华股份,上证,日线,看涨吞没,Bullish Engulfing,看涨,2026-08-12,100,1.2,13.08,2.43,0,否
000151,中成股份,深证,日线,看涨吞没,Bullish Engulfing,看涨,2026-08-10,83.7,0.96,10.17,2.42,2,是
002163,海南发展,深证,日线,看涨吞没,Bullish Engulfing,看涨,2026-08-10,100,0.78,8.46,2.42,11,是
002454,松芝股份,深证,日线,看涨吞没,Bullish Engulfing,看涨,2026-08-10,86.2,1.01,5.08,2.42,3,是
002723,小崧股份,深证,日线,看涨吞没,Bullish Engulfing,看涨,2026-08-14,88.5,0.89,7.2,2.42,4,是
605266,健之佳,上证,周线,看涨吞没,Bullish Engulfing,看涨,2026-08-14,100,2.02,16.9,2.42,0,否
605338,巴比食品,上证,日线,看涨吞没,Bullish Engulfing,看涨,2026-08-12,100,1.67,20.35,2.42,3,是
688150,莱特光电,科创,日线,看涨吞没,Bullish Engulfing,看涨,2026-08-12,95.3,0.87,41.12,2.42,0,是
002278,神开股份,深证,日线,看涨吞没,Bullish Engulfing,看涨,2026-08-10,74.5,0.87,8.07,2.41,9,否
002394,联发股份,深证,日线,看涨吞没,Bullish Engulfing,看涨,2026-08-12,100,0.88,10.18,2.41,5,是
300355,蒙草生态,创业,日线,看涨吞没,Bullish Engulfing,看涨,2026-08-10,100,1.04,2.98,2.41,0,是
301665,泰禾股份,创业,日线,看涨吞没,Bullish Engulfing,看涨,2026-08-12,91.6,1.73,23.37,2.41,0,否
605208,永茂泰,上证,日线,看涨吞没,Bullish Engulfing,看涨,2026-08-12,100,0.47,14.05,2.41,3,否
688382,益方生物,科创,日线,看涨吞没,Bullish Engulfing,看涨,2026-08-13,100,1.07,21.21,2.41,0,是
002344,海宁皮城,深证,周线,看涨吞没,Bullish Engulfing,看涨,2026-08-14,100,1.45,3.84,2.4,1,是
003022,联泓新科,深证,周线,看涨吞没,Bullish Engulfing,看涨,2026-07-31,100,0.47,18.77,2.4,6,是
300916,朗特智能,创业,周线,看涨吞没,Bullish Engulfing,看涨,2026-07-31,100,0.93,19.17,2.4,1,是
600702,舍得酒业,上证,日线,看涨吞没,Bullish Engulfing,看涨,2026-08-12,97.3,1.32,38.43,2.4,4,是
001324,长青科技,深证,日线,看涨吞没,Bullish Engulfing,看涨,2026-08-10,100,1.76,19.68,2.39,0,是
300614,百川畅银,创业,日线,看涨吞没,Bullish Engulfing,看涨,2026-08-10,100,0.83,10.71,2.39,0,是
600825,新华传媒,上证,日线,看涨吞没,Bullish Engulfing,看涨,2026-08-12,87,0.9,5.15,2.39,3,是
605016,百龙创园,上证,日线,看涨吞没,Bullish Engulfing,看涨,2026-08-10,75.7,1.06,21.84,2.39,3,否
688689,银河微电,科创,日线,启明星,Morning Star,看涨,2026-08-12,100,0.73,41.07,2.39,0,是
001391,国货航,深证,日线,看涨吞没,Bullish Engulfing,看涨,2026-08-10,97,1.06,4.31,2.38,0,是
002967,广电计量,深证,日线,启明星,Morning Star,看涨,2026-08-10,100,1.15,17.66,2.38,1,是
600212,绿能慧充,上证,日线,看涨吞没,Bullish Engulfing,看涨,2026-08-12,100,0.91,5.6,2.38,0,是
600231,凌钢股份,上证,日线,看涨吞没,Bullish Engulfing,看涨,2026-08-10,70.7,0.71,1.72,2.38,2,否
600616,金枫酒业,上证,日线,看涨吞没,Bullish Engulfing,看涨,2026-08-12,99,1.2,4.31,2.38,0,是
600867,通化东宝,上证,日线,看涨吞没,Bullish Engulfing,看涨,2026-08-13,100,1.82,8.59,2.38,1,是
603376,大明电子,上证,周线,看涨吞没,Bullish Engulfing,看涨,2026-08-14,100,1.15,26.29,2.38,1,是
688098,申联生物,科创,月线,看涨吞没,Bullish Engulfing,看涨,2026-08-14,100,0.29,8.61,2.38,3,是
002286,保龄宝,深证,日线,看涨吞没,Bullish Engulfing,看涨,2026-08-10,100,1.19,8.19,2.37,5,是
300868,杰美特,创业,日线,看涨吞没,Bullish Engulfing,看涨,2026-08-12,89.5,0.51,89.58,2.37,3,是
603180,金牌家居,上证,日线,看涨吞没,Bullish Engulfing,看涨,2026-08-10,100,0.94,15.11,2.37,1,是
605333,沪光股份,上证,日线,看涨吞没,Bullish Engulfing,看涨,2026-08-10,100,1.19,17.31,2.37,0,否
600503,华丽家族,上证,日线,看涨吞没,Bullish Engulfing,看涨,2026-08-10,95,0.9,2.17,2.36,6,是
603043,广州酒家,上证,日线,看涨吞没,Bullish Engulfing,看涨,2026-08-10,100,1.77,13.86,2.36,0,是
002587,奥拓电子,深证,日线,看涨吞没,Bullish Engulfing,看涨,2026-08-12,92.3,1.18,5.66,2.35,2,是
300293,蓝英装备,创业,日线,看涨吞没,Bullish Engulfing,看涨,2026-08-12,100,0.71,16.55,2.35,0,是
600223,福瑞达,上证,周线,看涨吞没,Bullish Engulfing,看涨,2026-08-14,100,1.19,5.67,2.35,0,否
600724,宁波富达,上证,日线,看涨吞没,Bullish Engulfing,看涨,2026-08-12,78,1.25,5.23,2.35,7,否
600970,中材国际,上证,周线,看涨吞没,Bullish Engulfing,看涨,2026-07-17,92,0.85,7.41,2.35,0,否
603833,欧派家居,上证,日线,看涨吞没,Bullish Engulfing,看涨,2026-08-12,100,1.32,33.04,2.35,1,是
002544,普天科技,深证,日线,看涨吞没,Bullish Engulfing,看涨,2026-08-12,100,0.84,17.09,2.34,2,是
002889,东方嘉盛,深证,周线,看涨吞没,Bullish Engulfing,看涨,2026-08-14,100,1.57,12.27,2.34,1,是
600679,上海凤凰,上证,周线,看涨吞没,Bullish Engulfing,看涨,2026-07-17,100,0.89,9.2,2.34,1,是
601137,博威合金,上证,日线,启明星,Morning Star,看涨,2026-08-12,85.7,0.8,17.9,2.34,4,否
002342,巨力索具,深证,日线,看涨吞没,Bullish Engulfing,看涨,2026-08-12,71.7,0.58,8.35,2.33,19,否
300162,雷曼光电,创业,日线,看涨吞没,Bullish Engulfing,看涨,2026-08-12,88,0.7,7.92,2.33,3,否
300252,金信诺,创业,日线,看涨吞没,Bullish Engulfing,看涨,2026-08-12,82.4,0.78,11.87,2.33,1,否
301349,信德新材,创业,日线,看涨吞没,Bullish Engulfing,看涨,2026-08-12,100,0.62,43.42,2.33,1,否
301578,辰奕智能,创业,日线,看涨吞没,Bullish Engulfing,看涨,2026-08-14,88,0.72,23.28,2.33,0,否
603661,恒林股份,上证,月线,看涨吞没,Bullish Engulfing,看涨,2026-05-29,100,2.83,31.24,2.33,8,是
688297,中无人机,科创,周线,启明星,Morning Star,看涨,2026-07-31,100,0.9,40.76,2.33,0,否
688589,力合微,科创,日线,看涨吞没,Bullish Engulfing,看涨,2026-08-12,100,0.93,18.46,2.33,1,是
688692,达梦数据,科创,周线,看涨吞没,Bullish Engulfing,看涨,2026-08-14,100,0.75,243.9,2.33,0,是
000897,津滨发展,深证,日线,看涨吞没,Bullish Engulfing,看涨,2026-08-10,95,1.46,1.77,2.31,0,是
002427,尤夫股份,深证,日线,看涨吞没,Bullish Engulfing,看涨,2026-08-10,95,0.9,4.43,2.31,6,是
002758,浙农股份,深证,日线,看涨吞没,Bullish Engulfing,看涨,2026-08-10,99,1.68,7.96,2.31,0,是
600941,中国移动,上证,周线,看涨吞没,Bullish Engulfing,看涨,2026-08-14,100,0.92,97.71,2.31,0,是
603225,新凤鸣,上证,日线,看涨吞没,Bullish Engulfing,看涨,2026-08-10,100,0.78,19.93,2.31,2,是
002035,华帝股份,深证,日线,看涨吞没,Bullish Engulfing,看涨,2026-08-10,97,1.14,4.9,2.3,0,是
300004,南风股份,创业,日线,看涨吞没,Bullish Engulfing,看涨,2026-08-12,75.2,0.73,8.46,2.3,4,否
600319,亚星化学,上证,日线,看涨吞没,Bullish Engulfing,看涨,2026-08-10,91,0.65,6.23,2.3,6,是
603289,泰瑞机器,上证,日线,看涨吞没,Bullish Engulfing,看涨,2026-08-10,100,0.9,8.46,2.3,2,否
002116,中国海诚,深证,日线,看涨吞没,Bullish Engulfing,看涨,2026-08-10,100,1.44,7.15,2.29,1,是
002142,宁波银行,深证,周线,看涨吞没,Bullish Engulfing,看涨,2026-08-14,100,0.82,32.2,2.29,0,是
002493,荣盛石化,深证,周线,启明星,Morning Star,看涨,2026-07-24,100,1.19,11.59,2.29,0,是
301307,美利信,创业,日线,看涨吞没,Bullish Engulfing,看涨,2026-08-12,73.1,0.84,53.5,2.29,2,否
600527,江南高纤,上证,日线,看涨吞没,Bullish Engulfing,看涨,2026-08-12,76,1.05,2.23,2.29,8,否
605058,澳弘电子,上证,日线,看涨吞没,Bullish Engulfing,看涨,2026-08-12,79.4,0.72,27.25,2.29,3,否
688543,国科军工,科创,周线,启明星,Morning Star,看涨,2026-07-31,100,1.4,37.89,2.29,0,是
002061,浙江交科,深证,周线,看涨吞没,Bullish Engulfing,看涨,2026-07-17,100,0.79,3.59,2.28,0,是
603967,中创物流,上证,日线,看涨吞没,Bullish Engulfing,看涨,2026-08-10,100,1.02,11.66,2.28,2,是
001390,古麒绒材,深证,日线,看涨吞没,Bullish Engulfing,看涨,2026-08-10,90.7,1.25,18.02,2.27,2,是
002387,维信诺,深证,日线,看涨吞没,Bullish Engulfing,看涨,2026-08-12,100,0.8,7.22,2.27,5,是
002917,金奥博,深证,日线,看涨吞没,Bullish Engulfing,看涨,2026-08-10,79.4,1.96,10.84,2.26,0,否
300351,永贵电器,创业,日线,看涨吞没,Bullish Engulfing,看涨,2026-08-12,100,0.81,14.46,2.26,1,是
300995,奇德新材,创业,日线,看涨吞没,Bullish Engulfing,看涨,2026-08-10,81.5,0.94,26.67,2.26,1,否
301360,荣旗科技,创业,日线,看涨吞没,Bullish Engulfing,看涨,2026-08-11,77.6,1.05,52.04,2.26,1,否
600794,保税科技,上证,日线,看涨吞没,Bullish Engulfing,看涨,2026-08-10,86.2,1.15,3.17,2.26,0,是
600828,茂业商业,上证,日线,看涨吞没,Bullish Engulfing,看涨,2026-08-12,100,0.8,4.07,2.26,17,是
603376,大明电子,上证,日线,看涨吞没,Bullish Engulfing,看涨,2026-08-10,92.7,1.25,26.26,2.26,1,是
000159,国际实业,深证,日线,看涨吞没,Bullish Engulfing,看涨,2026-08-12,100,1.13,5.9,2.25,3,是
002232,启明信息,深证,月线,启明星,Morning Star,看涨,2026-08-14,100,0.2,14.54,2.25,4,是
300855,图南股份,创业,日线,看涨吞没,Bullish Engulfing,看涨,2026-08-14,74.2,0.74,31.4,2.25,0,否
600345,长江通信,上证,日线,看涨吞没,Bullish Engulfing,看涨,2026-08-12,100,0.6,47.22,2.25,16,是
600879,航天电子,上证,日线,看涨吞没,Bullish Engulfing,看涨,2026-08-12,90,0.7,15.88,2.25,9,否
000785,居然智家,深证,日线,看涨吞没,Bullish Engulfing,看涨,2026-08-10,95,0.81,2.28,2.24,5,是
600160,巨化股份,上证,日线,看涨吞没,Bullish Engulfing,看涨,2026-08-10,100,0.77,44.26,2.24,3,是
600300,维维股份,上证,日线,看涨吞没,Bullish Engulfing,看涨,2026-08-10,100,1.05,3.2,2.24,0,是
601002,晋亿实业,上证,日线,看涨吞没,Bullish Engulfing,看涨,2026-08-10,93.3,0.52,5.47,2.24,4,是
688765,禾元生物,科创,周线,启明星,Morning Star,看涨,2026-08-14,100,2.31,39.63,2.24,2,否
002624,完美世界,深证,日线,看涨吞没,Bullish Engulfing,看涨,2026-08-12,100,0.61,11.93,2.23,6,是
300639,凯普生物,创业,日线,看涨吞没,Bullish Engulfing,看涨,2026-08-14,79,1.11,6.41,2.23,2,否
300786,国林科技,创业,日线,看涨吞没,Bullish Engulfing,看涨,2026-08-12,100,0.46,16.05,2.23,2,否
300804,广康生化,创业,日线,看涨吞没,Bullish Engulfing,看涨,2026-08-12,90.8,0.65,43.63,2.23,0,是
600885,宏发股份,上证,周线,看涨吞没,Bullish Engulfing,看涨,2026-08-14,85.7,0.73,36.2,2.23,2,否
600975,新五丰,上证,日线,看涨吞没,Bullish Engulfing,看涨,2026-08-10,93.3,1.19,5.04,2.23,1,否
688001,华兴源创,科创,日线,看涨吞没,Bullish Engulfing,看涨,2026-08-12,100,0.65,50.36,2.23,3,是
002551,尚荣医疗,深证,日线,看涨吞没,Bullish Engulfing,看涨,2026-08-12,100,0.95,3.22,2.22,1,是
603208,江山欧派,上证,日线,看涨吞没,Bullish Engulfing,看涨,2026-08-12,100,1.48,11.5,2.22,0,是
603408,建霖家居,上证,日线,看涨吞没,Bullish Engulfing,看涨,2026-08-10,72.5,0.86,10.57,2.22,1,否
001400,江顺科技,深证,日线,看涨吞没,Bullish Engulfing,看涨,2026-08-12,100,0.65,76.66,2.21,23,否
002867,周大生,深证,日线,看涨吞没,Bullish Engulfing,看涨,2026-08-10,100,0.98,12.93,2.21,1,否
300458,全志科技,创业,日线,看涨吞没,Bullish Engulfing,看涨,2026-08-11,95.6,0.77,34.74,2.21,0,是
688303,大全能源,科创,月线,启明星,Morning Star,看涨,2026-08-14,100,0.49,18.53,2.21,1,是
002588,史丹利,深证,日线,看涨吞没,Bullish Engulfing,看涨,2026-08-10,100,1.32,8.84,2.2,1,否
300011,鼎汉技术,创业,日线,看涨吞没,Bullish Engulfing,看涨,2026-08-10,100,0.92,6.05,2.2,0,否
300948,冠中生态,创业,日线,看涨吞没,Bullish Engulfing,看涨,2026-08-12,100,0.58,21.83,2.2,4,否
301631,壹连科技,创业,周线,看涨吞没,Bullish Engulfing,看涨,2026-07-31,100,1.46,58.54,2.2,0,否
600305,恒顺醋业,上证,日线,看涨吞没,Bullish Engulfing,看涨,2026-08-10,81.1,1.37,6.96,2.2,0,否
300739,明阳电路,创业,日线,启明星,Morning Star,看涨,2026-08-12,90.2,0.7,23.37,2.19,1,否
301024,霍普股份,创业,日线,看涨吞没,Bullish Engulfing,看涨,2026-08-10,100,1.01,32.71,2.19,1,否
601033,永兴股份,上证,日线,看涨吞没,Bullish Engulfing,看涨,2026-08-10,95.7,0.89,14.48,2.19,0,是
000888,峨眉山Ａ,深证,日线,看涨吞没,Bullish Engulfing,看涨,2026-08-10,100,0.89,9.85,2.18,1,是
002646,天佑德酒,深证,月线,启明星,Morning Star,看涨,2026-08-14,100,0.46,7.04,2.18,1,是
300410,正业科技,创业,日线,看涨吞没,Bullish Engulfing,看涨,2026-08-12,100,0.62,7.96,2.18,1,否
300538,同益股份,创业,日线,看涨吞没,Bullish Engulfing,看涨,2026-08-14,99.6,0.87,15.48,2.18,0,是
301491,汉桑科技,创业,日线,看涨吞没,Bullish Engulfing,看涨,2026-08-14,87.7,1.1,40.33,2.18,0,是
600229,城市传媒,上证,月线,启明星,Morning Star,看涨,2026-08-14,100,0.27,5.16,2.18,2,是
601155,新城控股,上证,日线,看涨吞没,Bullish Engulfing,看涨,2026-08-10,100,1.49,11.26,2.18,2,是
603348,文灿股份,上证,日线,看涨吞没,Bullish Engulfing,看涨,2026-08-10,100,0.97,14.53,2.18,2,是
603806,福斯特,上证,日线,看涨吞没,Bullish Engulfing,看涨,2026-08-12,92.9,0.62,15.45,2.18,5,否
002868,绿康生化,深证,日线,看涨吞没,Bullish Engulfing,看涨,2026-08-10,100,0.98,23.49,2.17,3,是
300628,亿联网络,创业,日线,看涨吞没,Bullish Engulfing,看涨,2026-08-10,93.1,0.88,40.03,2.17,0,是
600621,华鑫股份,上证,月线,看涨吞没,Bullish Engulfing,看涨,2026-07-31,100,0.71,13.2,2.17,0,是
000333,美的集团,深证,日线,看涨吞没,Bullish Engulfing,看涨,2026-08-10,68.2,0.84,85.3,2.16,0,否
300602,飞荣达,创业,日线,启明星,Morning Star,看涨,2026-08-12,100,0.6,37.42,2.16,0,是
301137,哈焊华通,创业,日线,看涨吞没,Bullish Engulfing,看涨,2026-08-10,100,1.29,36.49,2.16,2,是
600098,广州发展,上证,周线,看涨吞没,Bullish Engulfing,看涨,2026-07-17,88.5,0.79,6.15,2.16,0,否
600282,南钢股份,上证,周线,看涨吞没,Bullish Engulfing,看涨,2026-07-17,100,0.91,4.74,2.16,0,是
603075,热威股份,上证,日线,看涨吞没,Bullish Engulfing,看涨,2026-08-10,96.3,0.78,19.4,2.16,0,是
603352,至信股份,上证,日线,看涨吞没,Bullish Engulfing,看涨,2026-08-11,100,1.85,28.43,2.16,1,是
688244,永信至诚,科创,日线,看涨吞没,Bullish Engulfing,看涨,2026-08-10,100,0.86,16.1,2.16,1,是
002675,东诚药业,深证,月线,看涨吞没,Bullish Engulfing,看涨,2026-07-31,100,1.08,12.82,2.15,1,是
002972,科安达,深证,日线,看涨吞没,Bullish Engulfing,看涨,2026-08-12,92.5,0.71,13.8,2.15,1,是
300197,节能铁汉,创业,日线,看涨吞没,Bullish Engulfing,看涨,2026-08-10,91,0.86,1.9,2.15,5,是
300743,天地数码,创业,日线,看涨吞没,Bullish Engulfing,看涨,2026-08-10,100,0.84,15.23,2.15,0,是
600318,新力金融,上证,日线,看涨吞没,Bullish Engulfing,看涨,2026-08-10,85.9,0.8,6.65,2.15,0,是
601101,昊华能源,上证,日线,看涨吞没,Bullish Engulfing,看涨,2026-08-14,100,1.27,12.84,2.15,7,否
688026,洁特生物,科创,日线,看涨吞没,Bullish Engulfing,看涨,2026-08-13,91,1.4,18.55,2.15,0,是
000551,创元科技,深证,日线,看涨吞没,Bullish Engulfing,看涨,2026-08-12,100,0.52,13.81,2.14,8,是
603558,健盛集团,上证,日线,看涨吞没,Bullish Engulfing,看涨,2026-08-10,84,0.83,12.88,2.14,1,是
000750,国海证券,深证,周线,看涨吞没,Bullish Engulfing,看涨,2026-07-31,100,0.94,3.84,2.13,1,是
000882,华联股份,深证,周线,看涨吞没,Bullish Engulfing,看涨,2026-08-14,100,1.16,1.44,2.13,1,否
001333,光华股份,深证,日线,看涨吞没,Bullish Engulfing,看涨,2026-08-10,70.9,0.84,19.64,2.13,3,否
002275,桂林三金,深证,周线,看涨吞没,Bullish Engulfing,看涨,2026-07-17,100,1.34,13.4,2.13,0,否
002554,惠博普,深证,日线,看涨吞没,Bullish Engulfing,看涨,2026-08-10,91,1.01,2.88,2.13,9,是
300599,雄塑科技,创业,日线,看涨吞没,Bullish Engulfing,看涨,2026-08-12,95,1.06,11.99,2.13,1,是
300611,美力科技,创业,日线,看涨吞没,Bullish Engulfing,看涨,2026-08-12,76.3,1,24.4,2.13,1,否
300657,弘信电子,创业,日线,启明星,Morning Star,看涨,2026-08-12,99.6,0.72,36.36,2.13,2,否
600496,精工钢构,上证,日线,看涨吞没,Bullish Engulfing,看涨,2026-08-10,100,1.28,3.35,2.13,2,是
601992,金隅集团,上证,日线,看涨吞没,Bullish Engulfing,看涨,2026-08-12,99,1.12,1.44,2.13,7,是
605488,福莱新材,上证,日线,看涨吞没,Bullish Engulfing,看涨,2026-08-11,100,1.13,28.76,2.13,9,否
605488,福莱新材,上证,日线,启明星,Morning Star,看涨,2026-08-11,92.9,1.13,28.76,2.13,9,否
688631,莱斯信息,科创,日线,看涨吞没,Bullish Engulfing,看涨,2026-08-10,92.3,0.85,43.1,2.13,0,是
002517,恺英网络,深证,日线,看涨吞没,Bullish Engulfing,看涨,2026-08-10,100,0.71,18.31,2.12,2,是
300791,仙乐健康,创业,日线,看涨吞没,Bullish Engulfing,看涨,2026-08-10,100,1.09,17.31,2.12,0,是
601188,龙江交通,上证,日线,看涨吞没,Bullish Engulfing,看涨,2026-08-10,100,1.61,2.89,2.12,0,否
603128,华贸物流,上证,周线,看涨吞没,Bullish Engulfing,看涨,2026-07-17,100,0.76,5.31,2.12,0,是
000020,深华发Ａ,深证,日线,看涨吞没,Bullish Engulfing,看涨,2026-08-10,87.3,0.77,11.15,2.11,8,是
000822,山东海化,深证,日线,看涨吞没,Bullish Engulfing,看涨,2026-08-10,74.4,0.75,4.35,2.11,2,否
002812,恩捷股份,深证,周线,看涨吞没,Bullish Engulfing,看涨,2026-08-07,100,0.58,53.7,2.11,8,是
002852,道道全,深证,周线,看涨吞没,Bullish Engulfing,看涨,2026-08-14,100,1.04,7.76,2.11,0,是
300231,银信科技,创业,月线,启明星,Morning Star,看涨,2026-08-14,100,0.39,8.72,2.11,1,是
600623,华谊集团,上证,周线,启明星,Morning Star,看涨,2026-07-31,100,0.67,8.23,2.11,2,是
603197,保隆科技,上证,日线,看涨吞没,Bullish Engulfing,看涨,2026-08-10,100,0.75,30.53,2.11,1,是
603348,文灿股份,上证,周线,看涨吞没,Bullish Engulfing,看涨,2026-08-14,100,0.79,14.52,2.11,2,是
688750,金天钛业,科创,日线,启明星,Morning Star,看涨,2026-08-10,100,1.37,15.03,2.11,0,否
000739,普洛药业,深证,日线,看涨吞没,Bullish Engulfing,看涨,2026-08-13,100,1.48,22.81,2.1,3,否
300937,药易购,创业,日线,看涨吞没,Bullish Engulfing,看涨,2026-08-10,100,1.28,26.76,2.1,3,是
600081,东风科技,上证,日线,看涨吞没,Bullish Engulfing,看涨,2026-08-14,88.6,1.03,10.21,2.1,1,否
600508,上海能源,上证,日线,看涨吞没,Bullish Engulfing,看涨,2026-08-10,92.8,1.06,8.74,2.1,1,是
600925,苏能股份,上证,日线,看涨吞没,Bullish Engulfing,看涨,2026-08-10,100,1.13,4.37,2.1,0,否
603899,晨光股份,上证,周线,看涨吞没,Bullish Engulfing,看涨,2026-07-17,100,0.94,21.9,2.1,0,是
688179,阿拉丁,科创,日线,看涨吞没,Bullish Engulfing,看涨,2026-08-13,85.6,1.11,21.87,2.1,0,否
688556,高测股份,科创,日线,看涨吞没,Bullish Engulfing,看涨,2026-08-12,96.8,0.77,8.77,2.1,1,是
000728,国元证券,深证,周线,看涨吞没,Bullish Engulfing,看涨,2026-07-31,100,0.79,7.34,2.09,0,是
600731,湖南海利,上证,日线,看涨吞没,Bullish Engulfing,看涨,2026-08-10,97.4,0.84,5.85,2.09,0,是
001380,华纬科技,深证,日线,看涨吞没,Bullish Engulfing,看涨,2026-08-10,100,1.12,16.68,2.08,1,是
002518,科士达,深证,日线,看涨吞没,Bullish Engulfing,看涨,2026-08-12,100,1.33,34.92,2.08,10,否
002518,科士达,深证,日线,启明星,Morning Star,看涨,2026-08-12,100,1.33,34.92,2.08,10,否
002966,苏州银行,深证,日线,看涨吞没,Bullish Engulfing,看涨,2026-08-10,100,0.79,8.35,2.08,0,是
002967,广电计量,深证,日线,看涨吞没,Bullish Engulfing,看涨,2026-08-12,90.2,1.01,17.66,2.08,1,是
002996,顺博合金,深证,日线,看涨吞没,Bullish Engulfing,看涨,2026-08-12,69.5,1.15,6.38,2.08,0,否
301223,中荣股份,创业,日线,看涨吞没,Bullish Engulfing,看涨,2026-08-10,100,0.83,16.66,2.08,0,是
600313,农发种业,上证,日线,看涨吞没,Bullish Engulfing,看涨,2026-08-10,100,1.31,5.88,2.08,4,否
688196,卓越新能,科创,日线,看涨吞没,Bullish Engulfing,看涨,2026-08-12,83.3,0.63,35.35,2.08,1,是
000998,隆平高科,深证,日线,看涨吞没,Bullish Engulfing,看涨,2026-08-10,100,1.18,8.38,2.07,0,否
002576,通达动力,深证,日线,看涨吞没,Bullish Engulfing,看涨,2026-08-10,100,0.92,14.78,2.07,1,否
003816,中国广核,深证,周线,看涨吞没,Bullish Engulfing,看涨,2026-07-17,99.7,0.75,3.94,2.07,0,否
603259,药明康德,上证,日线,看涨吞没,Bullish Engulfing,看涨,2026-08-13,100,1.04,162.33,2.07,2,是
603858,步长制药,上证,周线,看涨吞没,Bullish Engulfing,看涨,2026-07-31,100,1.2,15.76,2.07,0,是
605018,长华集团,上证,日线,看涨吞没,Bullish Engulfing,看涨,2026-08-11,85.8,0.74,12.8,2.07,5,是
688275,万润新能,科创,日线,看涨吞没,Bullish Engulfing,看涨,2026-08-12,100,0.69,82.28,2.07,1,是
000421,南京公用,深证,周线,看涨吞没,Bullish Engulfing,看涨,2026-08-14,100,0.93,5.44,2.06,2,是
300441,鲍斯股份,创业,日线,看涨吞没,Bullish Engulfing,看涨,2026-08-10,100,0.6,6.95,2.06,0,是
600328,中盐化工,上证,日线,看涨吞没,Bullish Engulfing,看涨,2026-08-10,94.7,1.2,6.45,2.06,1,否
600860,京城股份,上证,日线,看涨吞没,Bullish Engulfing,看涨,2026-08-10,94.4,0.76,8.43,2.06,2,是
601988,中国银行,上证,日线,看涨吞没,Bullish Engulfing,看涨,2026-08-13,100,0.9,5.95,2.06,0,是
603366,日出东方,上证,日线,看涨吞没,Bullish Engulfing,看涨,2026-08-10,88.3,0.79,6.94,2.06,6,是
000848,承德露露,深证,日线,看涨吞没,Bullish Engulfing,看涨,2026-08-10,100,0.96,8.97,2.05,0,是
002617,露笑科技,深证,日线,启明星,Morning Star,看涨,2026-08-12,100,0.82,6.47,2.05,3,是
300021,大禹节水,创业,日线,看涨吞没,Bullish Engulfing,看涨,2026-08-10,97,1.41,3.98,2.05,0,是
600648,外高桥,上证,月线,启明星,Morning Star,看涨,2026-08-14,100,0.3,8.94,2.05,0,是
601083,锦江航运,上证,周线,看涨吞没,Bullish Engulfing,看涨,2026-07-17,100,0.49,10.46,2.05,2,是
601111,中国国航,上证,周线,看涨吞没,Bullish Engulfing,看涨,2026-07-24,100,0.83,5.96,2.05,0,否
603535,嘉诚国际,上证,日线,看涨吞没,Bullish Engulfing,看涨,2026-08-10,69.5,0.5,6.47,2.05,2,否
002078,太阳纸业,深证,日线,看涨吞没,Bullish Engulfing,看涨,2026-08-10,92.6,0.81,14.03,2.04,0,是
002404,嘉欣丝绸,深证,日线,看涨吞没,Bullish Engulfing,看涨,2026-08-10,100,0.76,6,2.04,4,是
002946,新乳业,深证,日线,看涨吞没,Bullish Engulfing,看涨,2026-08-10,100,1.16,16.97,2.04,0,是
603066,音飞储存,上证,周线,启明星,Morning Star,看涨,2026-08-07,100,0.78,8.99,2.04,1,是
002615,哈尔斯,深证,周线,启明星,Morning Star,看涨,2026-08-07,97.6,0.54,6.53,2.03,1,否
301188,力诺药包,创业,日线,启明星,Morning Star,看涨,2026-08-12,84.7,0.98,39.74,2.03,3,否
603568,伟明环保,上证,月线,看涨吞没,Bullish Engulfing,看涨,2026-08-14,100,0.62,15.61,2.03,0,否
000801,四川九洲,深证,日线,看涨吞没,Bullish Engulfing,看涨,2026-08-10,94.2,0.86,11.61,2.02,2,是
000850,华茂股份,深证,周线,启明星,Morning Star,看涨,2026-08-07,100,0.76,4.04,2.02,1,是
002264,新 华 都,深证,周线,看涨吞没,Bullish Engulfing,看涨,2026-07-17,100,1.13,6.05,2.02,11,是
300218,安利股份,创业,日线,看涨吞没,Bullish Engulfing,看涨,2026-08-10,86.2,0.92,12.6,2.02,0,否
600679,上海凤凰,上证,日线,看涨吞没,Bullish Engulfing,看涨,2026-08-10,87.7,0.96,9.58,2.02,1,是
688077,大地熊,科创,日线,看涨吞没,Bullish Engulfing,看涨,2026-08-14,76,0.85,27.27,2.02,0,否
001317,三羊马,深证,周线,启明星,Morning Star,看涨,2026-07-24,100,1.78,47.1,2.01,9,是
002375,亚厦股份,深证,日线,看涨吞没,Bullish Engulfing,看涨,2026-08-10,96.3,0.93,3.56,2.01,2,是
300972,万辰集团,创业,日线,看涨吞没,Bullish Engulfing,看涨,2026-08-10,100,0.63,206.4,2.01,1,是
688348,昱能科技,科创,日线,看涨吞没,Bullish Engulfing,看涨,2026-08-12,100,0.92,33.49,2.01,0,是
000525,红太阳,深证,日线,看涨吞没,Bullish Engulfing,看涨,2026-08-10,74.7,0.74,4.59,2,2,否
000570,苏常柴Ａ,深证,日线,看涨吞没,Bullish Engulfing,看涨,2026-08-12,92.6,0.98,5.1,2,1,是
002095,生 意 宝,深证,周线,看涨吞没,Bullish Engulfing,看涨,2026-07-17,100,0.76,13.29,2,1,是
300461,田中精机,创业,日线,看涨吞没,Bullish Engulfing,看涨,2026-08-14,100,1.44,34.7,2,3,否
300792,壹网壹创,创业,日线,看涨吞没,Bullish Engulfing,看涨,2026-08-12,87.5,0.85,25.5,2,2,是
600826,兰生股份,上证,日线,看涨吞没,Bullish Engulfing,看涨,2026-08-10,98,0.65,8.17,2,4,否
600826,兰生股份,上证,日线,启明星,Morning Star,看涨,2026-08-10,90.3,0.65,8.17,2,4,否
600880,博瑞传播,上证,日线,看涨吞没,Bullish Engulfing,看涨,2026-08-12,96,0.74,4.08,2,3,否
688383,新益昌,科创,日线,看涨吞没,Bullish Engulfing,看涨,2026-08-12,76.5,0.52,120.67,2,0,否
000738,航发控制,深证,月线,看涨吞没,Bullish Engulfing,看涨,2026-08-14,100,0.29,18.48,1.99,3,是
002130,沃尔核材,深证,日线,看涨吞没,Bullish Engulfing,看涨,2026-08-12,92,0.75,17.41,1.99,3,是
002577,雷柏科技,深证,月线,看涨吞没,Bullish Engulfing,看涨,2026-08-14,100,0.29,18.46,1.99,1,是
600512,腾达建设,上证,日线,看涨吞没,Bullish Engulfing,看涨,2026-08-12,99,1.54,2.05,1.99,0,是
603600,永艺股份,上证,日线,看涨吞没,Bullish Engulfing,看涨,2026-08-10,100,0.97,9.72,1.99,0,是
300864,南大环境,创业,日线,看涨吞没,Bullish Engulfing,看涨,2026-08-10,92,0.95,19.09,1.98,0,是
301136,招标股份,创业,日线,看涨吞没,Bullish Engulfing,看涨,2026-08-12,100,0.77,11.82,1.98,3,是
301345,涛涛车业,创业,日线,看涨吞没,Bullish Engulfing,看涨,2026-08-13,79.6,0.89,255.93,1.98,0,否
301498,乖宝宠物,创业,日线,看涨吞没,Bullish Engulfing,看涨,2026-08-12,87.9,1.1,43.78,1.98,0,是
603365,水星家纺,上证,日线,看涨吞没,Bullish Engulfing,看涨,2026-08-10,91,0.86,18.03,1.98,1,是
002162,悦心健康,深证,日线,看涨吞没,Bullish Engulfing,看涨,2026-08-12,91,0.75,4.15,1.97,4,是
002722,物产金轮,深证,日线,看涨吞没,Bullish Engulfing,看涨,2026-08-10,100,1.03,12.95,1.97,1,是
301512,智信精密,创业,日线,看涨吞没,Bullish Engulfing,看涨,2026-08-10,100,0.78,30.6,1.97,0,否
000600,建投能源,深证,日线,看涨吞没,Bullish Engulfing,看涨,2026-08-11,88,1.32,8.84,1.96,4,否
002033,丽江股份,深证,日线,看涨吞没,Bullish Engulfing,看涨,2026-08-10,100,1.33,8.83,1.96,2,是
002707,众信旅游,深证,日线,看涨吞没,Bullish Engulfing,看涨,2026-08-10,86.7,0.73,5.2,1.96,2,否
300745,欣锐科技,创业,日线,看涨吞没,Bullish Engulfing,看涨,2026-08-12,85.8,0.63,29.61,1.96,1,否
600367,红星发展,上证,日线,看涨吞没,Bullish Engulfing,看涨,2026-08-11,100,1.9,33.75,1.96,14,是
600420,国药现代,上证,周线,看涨吞没,Bullish Engulfing,看涨,2026-07-17,100,1.66,8.86,1.96,0,是
605368,蓝天燃气,上证,周线,看涨吞没,Bullish Engulfing,看涨,2026-07-31,100,0.79,6.77,1.96,1,否
002877,智能自控,深证,日线,看涨吞没,Bullish Engulfing,看涨,2026-08-10,90,1.13,7.33,1.95,6,否
600167,联美控股,上证,月线,看涨吞没,Bullish Engulfing,看涨,2026-05-29,100,0.82,6.8,1.95,7,是
600228,返利科技,上证,日线,看涨吞没,Bullish Engulfing,看涨,2026-08-14,100,0.78,8.36,1.95,7,是
600959,江苏有线,上证,日线,看涨吞没,Bullish Engulfing,看涨,2026-08-12,100,1.23,3.14,1.95,2,是
002315,焦点科技,深证,日线,看涨吞没,Bullish Engulfing,看涨,2026-08-10,95.2,0.86,27.83,1.94,0,是
300316,晶盛机电,创业,日线,看涨吞没,Bullish Engulfing,看涨,2026-08-11,100,0.97,42.47,1.94,0,是
300774,倍杰特,创业,日线,看涨吞没,Bullish Engulfing,看涨,2026-08-12,92.3,0.83,11.05,1.94,1,是
603588,高能环境,上证,周线,看涨吞没,Bullish Engulfing,看涨,2026-07-31,100,0.83,12.61,1.94,2,是
002180,奔图科技,深证,周线,看涨吞没,Bullish Engulfing,看涨,2026-07-24,100,1.24,16.39,1.93,4,是
002513,蓝丰生化,深证,日线,看涨吞没,Bullish Engulfing,看涨,2026-08-12,88.3,0.65,5.29,1.93,12,是
002948,青岛银行,深证,日线,看涨吞没,Bullish Engulfing,看涨,2026-08-10,95.8,0.79,5.8,1.93,1,是
300190,维尔利,创业,周线,看涨吞没,Bullish Engulfing,看涨,2026-08-14,100,0.83,3.7,1.93,0,是
300210,森远股份,创业,日线,看涨吞没,Bullish Engulfing,看涨,2026-08-12,100,0.83,8.99,1.93,1,否
300762,上海瀚讯,创业,日线,看涨吞没,Bullish Engulfing,看涨,2026-08-12,86.1,0.8,31.71,1.93,0,否
301552,科力装备,创业,周线,看涨吞没,Bullish Engulfing,看涨,2026-07-24,100,1.42,22.16,1.93,0,是
600510,黑牡丹,上证,日线,看涨吞没,Bullish Engulfing,看涨,2026-08-11,70.7,1.12,6.87,1.93,4,否
601696,中银证券,上证,日线,看涨吞没,Bullish Engulfing,看涨,2026-08-12,100,1.2,12.13,1.93,3,是
688181,八亿时空,科创,日线,看涨吞没,Bullish Engulfing,看涨,2026-08-12,100,0.56,40.05,1.93,0,是
300856,科思股份,创业,日线,看涨吞没,Bullish Engulfing,看涨,2026-08-10,100,0.98,11.14,1.92,0,是
600000,浦发银行,上证,周线,看涨吞没,Bullish Engulfing,看涨,2026-07-24,98.8,1.09,9.04,1.92,0,是
600057,厦门象屿,上证,日线,看涨吞没,Bullish Engulfing,看涨,2026-08-10,79.2,0.79,6.36,1.92,0,否
603334,丰倍生物,上证,日线,看涨吞没,Bullish Engulfing,看涨,2026-08-10,87.6,0.83,33.45,1.92,3,否
603569,长久物流,上证,周线,看涨吞没,Bullish Engulfing,看涨,2026-08-14,100,0.74,5.84,1.92,0,是
688067,爱威科技,科创,日线,看涨吞没,Bullish Engulfing,看涨,2026-08-14,72.6,0.7,22.77,1.92,0,否
000557,西部创业,深证,日线,看涨吞没,Bullish Engulfing,看涨,2026-08-10,97.7,1.22,3.73,1.91,0,是
000713,国投丰乐,深证,日线,看涨吞没,Bullish Engulfing,看涨,2026-08-10,89.7,1.31,5.87,1.91,0,是
001328,登康口腔,深证,日线,看涨吞没,Bullish Engulfing,看涨,2026-08-14,84.7,0.73,29.9,1.91,1,是
002111,威海广泰,深证,日线,看涨吞没,Bullish Engulfing,看涨,2026-08-14,84,1.14,9.62,1.91,1,是
002189,中光学,深证,周线,看涨吞没,Bullish Engulfing,看涨,2026-08-07,95.1,0.7,18.67,1.91,1,否
002357,富临运业,深证,日线,看涨吞没,Bullish Engulfing,看涨,2026-08-10,94.1,0.65,9.06,1.91,5,是
002922,伊戈尔,深证,日线,看涨吞没,Bullish Engulfing,看涨,2026-08-12,69.3,0.8,26.14,1.91,7,否
601616,广电电气,上证,日线,看涨吞没,Bullish Engulfing,看涨,2026-08-10,78.7,0.76,3.74,1.91,8,否
603286,日盈电子,上证,日线,看涨吞没,Bullish Engulfing,看涨,2026-08-11,100,1.08,43.17,1.91,14,是
688660,电气风电,科创,日线,看涨吞没,Bullish Engulfing,看涨,2026-08-10,90.1,0.69,9.05,1.91,1,是
000045,深纺织Ａ,深证,日线,看涨吞没,Bullish Engulfing,看涨,2026-08-12,100,0.7,10.17,1.9,6,是
000719,中原传媒,深证,日线,看涨吞没,Bullish Engulfing,看涨,2026-08-10,83.4,0.78,12.36,1.9,0,是
002184,海得控制,深证,日线,看涨吞没,Bullish Engulfing,看涨,2026-08-12,100,1.09,10.17,1.9,2,是
002242,九阳股份,深证,日线,看涨吞没,Bullish Engulfing,看涨,2026-08-12,86.7,0.94,9.14,1.9,5,是
002664,信质集团,深证,日线,看涨吞没,Bullish Engulfing,看涨,2026-08-12,100,0.75,16.61,1.9,5,否
300213,佳讯飞鸿,创业,日线,看涨吞没,Bullish Engulfing,看涨,2026-08-10,97.4,0.8,6.45,1.9,0,是
600256,广汇能源,上证,日线,看涨吞没,Bullish Engulfing,看涨,2026-08-14,84.6,0.58,5.89,1.9,2,是
601279,英利汽车,上证,周线,看涨吞没,Bullish Engulfing,看涨,2026-08-14,100,0.82,3.22,1.9,6,是
603639,海利尔,上证,日线,看涨吞没,Bullish Engulfing,看涨,2026-08-10,100,1.24,10.74,1.9,0,否
603733,仙鹤股份,上证,日线,看涨吞没,Bullish Engulfing,看涨,2026-08-11,87,0.79,21.49,1.9,1,是
688733,壹石通,科创,日线,看涨吞没,Bullish Engulfing,看涨,2026-08-12,100,0.4,29.01,1.9,1,否
000753,漳州发展,深证,日线,看涨吞没,Bullish Engulfing,看涨,2026-08-10,74.4,0.69,4.85,1.89,12,否
300150,世纪瑞尔,创业,日线,看涨吞没,Bullish Engulfing,看涨,2026-08-12,100,0.69,4.31,1.89,0,是
300203,聚光科技,创业,周线,看涨吞没,Bullish Engulfing,看涨,2026-07-31,100,0.55,11.83,1.89,0,否
300947,德必集团,创业,日线,看涨吞没,Bullish Engulfing,看涨,2026-08-12,96.6,1.06,14.55,1.89,1,是
688036,传音控股,科创,日线,看涨吞没,Bullish Engulfing,看涨,2026-08-10,77.5,0.73,58.11,1.89,0,否
688317,之江生物,科创,日线,看涨吞没,Bullish Engulfing,看涨,2026-08-12,100,0.97,17.79,1.89,1,是
000655,金岭矿业,深证,日线,看涨吞没,Bullish Engulfing,看涨,2026-08-10,100,1.23,7.06,1.88,1,是
000965,天保基建,深证,日线,看涨吞没,Bullish Engulfing,看涨,2026-08-12,100,1.56,3.25,1.88,2,是
600859,王府井,上证,日线,看涨吞没,Bullish Engulfing,看涨,2026-08-10,76.9,1.01,10.27,1.88,0,否
601611,中国核建,上证,日线,看涨吞没,Bullish Engulfing,看涨,2026-08-10,100,1.4,11.91,1.88,11,是
688070,纵横股份,科创,日线,启明星,Morning Star,看涨,2026-08-10,91.2,0.94,34.74,1.88,0,否
688701,卓锦股份,科创,日线,看涨吞没,Bullish Engulfing,看涨,2026-08-12,99,0.7,8.12,1.88,0,是
002395,双象股份,深证,日线,看涨吞没,Bullish Engulfing,看涨,2026-08-10,98,0.88,12.51,1.87,2,是
002713,东易日盛,深证,日线,看涨吞没,Bullish Engulfing,看涨,2026-08-11,80.6,0.95,9.78,1.87,1,否
600763,通策医疗,上证,日线,看涨吞没,Bullish Engulfing,看涨,2026-08-14,100,1.65,37.5,1.87,0,是
600901,江苏金租,上证,日线,看涨吞没,Bullish Engulfing,看涨,2026-08-12,89.9,0.94,6.55,1.87,0,是
603049,中策橡胶,上证,日线,看涨吞没,Bullish Engulfing,看涨,2026-08-10,96.6,0.91,49.67,1.87,0,是
603778,国晟科技,上证,日线,看涨吞没,Bullish Engulfing,看涨,2026-08-10,85,0.64,10.92,1.87,36,是
603817,海峡环保,上证,周线,看涨吞没,Bullish Engulfing,看涨,2026-07-17,93.3,0.62,5.46,1.87,4,否
000509,华塑控股,深证,日线,看涨吞没,Bullish Engulfing,看涨,2026-08-10,100,0.69,3.28,1.86,14,是
002347,泰尔股份,深证,日线,看涨吞没,Bullish Engulfing,看涨,2026-08-10,95.8,0.77,6.02,1.86,8,是
300727,润禾材料,创业,日线,看涨吞没,Bullish Engulfing,看涨,2026-08-14,71,0.85,28,1.86,1,否
600727,鲁北化工,上证,日线,看涨吞没,Bullish Engulfing,看涨,2026-08-10,84,1.12,7.67,1.86,3,否
601008,连云港,上证,日线,看涨吞没,Bullish Engulfing,看涨,2026-08-10,96.3,0.95,4.37,1.86,0,是
000586,汇源通信,深证,日线,看涨吞没,Bullish Engulfing,看涨,2026-08-10,99.2,0.7,12.13,1.85,9,否
000906,浙商中拓,深证,日线,看涨吞没,Bullish Engulfing,看涨,2026-08-10,100,0.86,5.52,1.85,1,是
002607,中公教育,深证,日线,看涨吞没,Bullish Engulfing,看涨,2026-08-12,95,0.88,2.2,1.85,7,是
300542,新晨科技,创业,月线,启明星,Morning Star,看涨,2026-08-14,100,0.22,12.13,1.85,0,是
600352,浙江龙盛,上证,周线,看涨吞没,Bullish Engulfing,看涨,2026-07-17,98.9,1.17,12.14,1.85,2,否
600635,大众公用,上证,周线,看涨吞没,Bullish Engulfing,看涨,2026-07-24,85.9,0.69,4.41,1.85,12,否
600853,龙建股份,上证,日线,看涨吞没,Bullish Engulfing,看涨,2026-08-12,99,0.82,3.3,1.85,0,是
603868,飞科电器,上证,日线,看涨吞没,Bullish Engulfing,看涨,2026-08-12,99.8,0.88,31.38,1.85,1,是
688007,光峰科技,科创,日线,看涨吞没,Bullish Engulfing,看涨,2026-08-12,100,0.54,11.04,1.85,0,是
300554,三超新材,创业,日线,看涨吞没,Bullish Engulfing,看涨,2026-08-12,76.7,0.53,21.08,1.84,0,否
301335,天元宠物,创业,日线,看涨吞没,Bullish Engulfing,看涨,2026-08-12,100,1.31,22.74,1.84,0,是
002810,山东赫达,深证,日线,看涨吞没,Bullish Engulfing,看涨,2026-08-10,76.4,0.76,20.61,1.83,7,否
603060,国检集团,上证,日线,看涨吞没,Bullish Engulfing,看涨,2026-08-10,83.8,0.81,5.56,1.83,4,是
688206,概伦电子,科创,日线,看涨吞没,Bullish Engulfing,看涨,2026-08-12,94.2,0.84,36.77,1.83,1,是
688206,概伦电子,科创,日线,启明星,Morning Star,看涨,2026-08-12,100,0.84,36.77,1.83,1,是
002426,胜利精密,深证,日线,启明星,Morning Star,看涨,2026-08-12,89.5,0.78,2.79,1.82,7,否
300207,欣旺达,创业,日线,看涨吞没,Bullish Engulfing,看涨,2026-08-12,100,0.92,18.98,1.82,0,否
300500,启迪设计,创业,日线,看涨吞没,Bullish Engulfing,看涨,2026-08-12,80.6,0.73,9.51,1.82,0,否
300962,中金辐照,创业,日线,看涨吞没,Bullish Engulfing,看涨,2026-08-10,77.7,0.83,13.4,1.82,0,否
600621,华鑫股份,上证,日线,看涨吞没,Bullish Engulfing,看涨,2026-08-12,100,0.93,13.43,1.82,0,是
603116,红蜻蜓,上证,日线,看涨吞没,Bullish Engulfing,看涨,2026-08-11,99,0.83,6.16,1.82,2,是
002264,新 华 都,深证,日线,看涨吞没,Bullish Engulfing,看涨,2026-08-12,100,0.87,6.74,1.81,11,是
002291,遥望科技,深证,日线,看涨吞没,Bullish Engulfing,看涨,2026-08-12,86,0.94,5.64,1.81,8,是
002554,惠博普,深证,周线,看涨吞没,Bullish Engulfing,看涨,2026-07-31,100,0.45,2.81,1.81,9,是
300115,长盈精密,创业,日线,看涨吞没,Bullish Engulfing,看涨,2026-08-11,93.3,1.04,28.18,1.81,1,是
300181,佐力药业,创业,日线,看涨吞没,Bullish Engulfing,看涨,2026-08-11,100,1.23,14.62,1.81,0,是
301017,漱玉平民,创业,日线,看涨吞没,Bullish Engulfing,看涨,2026-08-11,100,1.45,14.04,1.81,2,是
600072,中船科技,上证,日线,看涨吞没,Bullish Engulfing,看涨,2026-08-10,90.1,0.77,9.02,1.81,3,是
600156,华升股份,上证,日线,看涨吞没,Bullish Engulfing,看涨,2026-08-12,100,0.99,8.45,1.81,17,是
600579,中化装备,上证,日线,看涨吞没,Bullish Engulfing,看涨,2026-08-12,83.7,0.91,7.32,1.81,5,是
600653,申华控股,上证,周线,看涨吞没,Bullish Engulfing,看涨,2026-08-14,100,1.01,1.69,1.81,1,否
600775,南京熊猫,上证,日线,看涨吞没,Bullish Engulfing,看涨,2026-08-10,100,0.9,10.12,1.81,8,是
600790,轻纺城,上证,日线,看涨吞没,Bullish Engulfing,看涨,2026-08-12,89,0.89,3.38,1.81,1,是
603125,常青科技,上证,日线,看涨吞没,Bullish Engulfing,看涨,2026-08-14,81.7,0.63,24.19,1.81,6,否
603367,辰欣药业,上证,周线,看涨吞没,Bullish Engulfing,看涨,2026-07-31,100,1.29,14.09,1.81,4,是
301007,德迈仕,创业,日线,看涨吞没,Bullish Engulfing,看涨,2026-08-12,79.5,1.15,29.47,1.8,0,否
603390,通达电气,上证,日线,看涨吞没,Bullish Engulfing,看涨,2026-08-10,91,1,10.18,1.8,3,是
688221,前沿生物,科创,日线,看涨吞没,Bullish Engulfing,看涨,2026-08-11,100,1.1,21.49,1.8,2,是
688602,康鹏科技,科创,日线,看涨吞没,Bullish Engulfing,看涨,2026-08-14,86,1.06,6.8,1.8,1,否
000520,凤凰航运,深证,日线,看涨吞没,Bullish Engulfing,看涨,2026-08-12,69.3,0.71,3.98,1.79,5,否
002159,三特索道,深证,日线,看涨吞没,Bullish Engulfing,看涨,2026-08-12,100,1.05,13.64,1.79,2,是
002271,东方雨虹,深证,日线,看涨吞没,Bullish Engulfing,看涨,2026-08-12,100,1.18,11.92,1.79,0,否
301575,艾芬达,创业,月线,看涨吞没,Bullish Engulfing,看涨,2026-08-14,100,0.29,27.28,1.79,0,是
688197,首药控股,科创,日线,看涨吞没,Bullish Engulfing,看涨,2026-08-11,100,0.83,36.87,1.79,1,否
001282,三联锻造,深证,日线,看涨吞没,Bullish Engulfing,看涨,2026-08-12,91.5,0.85,16.56,1.78,4,是
002480,新筑股份,深证,周线,看涨吞没,Bullish Engulfing,看涨,2026-07-17,84.9,0.71,5.16,1.78,0,否
300045,华力创通,创业,日线,看涨吞没,Bullish Engulfing,看涨,2026-08-12,73.1,0.53,13.72,1.78,1,否
301356,天振股份,创业,周线,看涨吞没,Bullish Engulfing,看涨,2026-07-31,99,1.12,17.18,1.78,1,否
603012,创力集团,上证,日线,看涨吞没,Bullish Engulfing,看涨,2026-08-13,100,2.36,9.13,1.78,6,否
002236,大华股份,深证,周线,启明星,Morning Star,看涨,2026-07-31,100,1.42,16.72,1.77,0,否
300769,德方纳米,创业,日线,看涨吞没,Bullish Engulfing,看涨,2026-08-12,100,0.89,47.27,1.77,1,是
301109,军信股份,创业,日线,看涨吞没,Bullish Engulfing,看涨,2026-08-10,100,1.3,13.79,1.77,0,是
301487,盟固利,创业,日线,看涨吞没,Bullish Engulfing,看涨,2026-08-12,76.5,0.92,16.71,1.77,0,否
601811,新华文轩,上证,日线,看涨吞没,Bullish Engulfing,看涨,2026-08-10,72.4,0.71,12.08,1.77,1,否
605118,力鼎光电,上证,周线,看涨吞没,Bullish Engulfing,看涨,2026-07-31,90.3,0.67,28.15,1.77,5,否
000099,中信海直,深证,日线,看涨吞没,Bullish Engulfing,看涨,2026-08-10,72.5,1.05,14.45,1.76,1,否
000957,中通客车,深证,日线,看涨吞没,Bullish Engulfing,看涨,2026-08-12,89.2,0.7,10.41,1.76,1,是
000972,中基健康,深证,日线,看涨吞没,Bullish Engulfing,看涨,2026-08-12,88.6,1.08,3.47,1.76,2,是
002293,罗莱生活,深证,周线,看涨吞没,Bullish Engulfing,看涨,2026-07-24,100,1.7,10.97,1.76,0,是
301296,新巨丰,创业,周线,看涨吞没,Bullish Engulfing,看涨,2026-08-14,100,1.12,6.35,1.76,0,是
301296,新巨丰,创业,月线,启明星,Morning Star,看涨,2026-08-14,100,0.39,6.35,1.76,0,是
600075,新疆天业,上证,日线,看涨吞没,Bullish Engulfing,看涨,2026-08-10,92,0.79,4.62,1.76,4,否
603456,九洲药业,上证,日线,看涨吞没,Bullish Engulfing,看涨,2026-08-11,100,1.72,16.8,1.76,0,是
688180,君实生物,科创,周线,启明星,Morning Star,看涨,2026-07-31,97.4,0.75,36.51,1.76,0,否
002180,奔图科技,深证,日线,看涨吞没,Bullish Engulfing,看涨,2026-08-14,96.9,0.93,18.01,1.75,4,是
300177,中海达,创业,日线,看涨吞没,Bullish Engulfing,看涨,2026-08-12,100,0.76,6.38,1.75,0,是
301206,三元生物,创业,周线,看涨吞没,Bullish Engulfing,看涨,2026-08-14,100,1.1,23.85,1.75,0,否
600935,华塑股份,上证,日线,看涨吞没,Bullish Engulfing,看涨,2026-08-10,95,1.3,2.33,1.75,2,是
600979,广安爱众,上证,日线,看涨吞没,Bullish Engulfing,看涨,2026-08-10,93.7,0.8,4.06,1.75,7,是
603101,汇嘉时代,上证,周线,看涨吞没,Bullish Engulfing,看涨,2026-07-17,100,0.94,6.99,1.75,10,否
603267,鸿远电子,上证,日线,看涨吞没,Bullish Engulfing,看涨,2026-08-11,100,1.27,52.83,1.75,6,否
688078,龙软科技,科创,日线,看涨吞没,Bullish Engulfing,看涨,2026-08-10,100,0.62,23.3,1.75,0,是
688377,迪威尔,科创,日线,看涨吞没,Bullish Engulfing,看涨,2026-08-12,100,0.86,20.91,1.75,0,否
688377,迪威尔,科创,日线,启明星,Morning Star,看涨,2026-08-12,100,0.86,20.91,1.75,0,否
000529,广弘控股,深证,周线,看涨吞没,Bullish Engulfing,看涨,2026-07-17,100,1,4.68,1.74,0,是
000652,泰达股份,深证,日线,看涨吞没,Bullish Engulfing,看涨,2026-08-10,69.6,0.98,3.51,1.74,2,否
000980,众泰汽车,深证,日线,看涨吞没,Bullish Engulfing,看涨,2026-08-10,100,0.76,1.75,1.74,11,是
300905,宝丽迪,创业,日线,看涨吞没,Bullish Engulfing,看涨,2026-08-12,100,0.77,39.78,1.74,3,否
600461,洪城环境,上证,周线,看涨吞没,Bullish Engulfing,看涨,2026-07-31,100,1.28,9.33,1.74,0,否
603027,千禾味业,上证,日线,看涨吞没,Bullish Engulfing,看涨,2026-08-10,99,1.14,7.6,1.74,0,是
000061,农 产 品,深证,日线,看涨吞没,Bullish Engulfing,看涨,2026-08-10,89.9,1.07,5.89,1.73,7,是
300550,和仁科技,创业,日线,启明星,Morning Star,看涨,2026-08-11,100,0.65,12.34,1.73,0,否
600618,氯碱化工,上证,日线,看涨吞没,Bullish Engulfing,看涨,2026-08-10,91.8,0.99,10.57,1.73,4,是
601698,中国卫通,上证,日线,看涨吞没,Bullish Engulfing,看涨,2026-08-12,78.5,0.74,26.5,1.73,8,否
688571,杭华股份,科创,日线,看涨吞没,Bullish Engulfing,看涨,2026-08-11,90.7,1.23,9.42,1.73,1,是
001367,海森药业,深证,日线,看涨吞没,Bullish Engulfing,看涨,2026-08-12,98.7,0.79,19.48,1.72,1,是
002091,江苏国泰,深证,日线,看涨吞没,Bullish Engulfing,看涨,2026-08-14,77.5,1.87,7.71,1.72,3,否
002116,中国海诚,深证,周线,看涨吞没,Bullish Engulfing,看涨,2026-08-14,99.6,0.86,7.11,1.72,1,是
002860,星帅尔,深证,月线,看涨吞没,Bullish Engulfing,看涨,2026-05-29,100,0.91,13.03,1.72,1,是
300148,天舟文化,创业,日线,看涨吞没,Bullish Engulfing,看涨,2026-08-12,85.7,0.82,3.54,1.72,0,是
301053,远信工业,创业,日线,看涨吞没,Bullish Engulfing,看涨,2026-08-11,100,0.97,39.67,1.72,0,否
301289,国缆检测,创业,日线,看涨吞没,Bullish Engulfing,看涨,2026-08-10,96.9,1.15,44.35,1.72,1,是
600841,动力新科,上证,日线,看涨吞没,Bullish Engulfing,看涨,2026-08-12,94.2,0.74,5.9,1.72,8,是
603529,爱玛科技,上证,日线,看涨吞没,Bullish Engulfing,看涨,2026-08-10,98.4,0.82,21.27,1.72,1,是
000523,红棉股份,深证,日线,看涨吞没,Bullish Engulfing,看涨,2026-08-12,85,0.92,2.97,1.71,5,是
002383,合众思壮,深证,日线,看涨吞没,Bullish Engulfing,看涨,2026-08-12,99,0.97,7.14,1.71,3,是
002398,垒知集团,深证,日线,看涨吞没,Bullish Engulfing,看涨,2026-08-12,85.7,1.01,4.17,1.71,2,是
002577,雷柏科技,深证,日线,看涨吞没,Bullish Engulfing,看涨,2026-08-11,100,1.05,19.05,1.71,1,是
300453,三鑫医疗,创业,周线,看涨吞没,Bullish Engulfing,看涨,2026-07-17,100,0.8,9.51,1.71,0,是
600577,精达股份,上证,日线,看涨吞没,Bullish Engulfing,看涨,2026-08-12,100,0.58,8.34,1.71,2,是
603051,鹿山新材,上证,日线,看涨吞没,Bullish Engulfing,看涨,2026-08-12,91.2,0.52,21.95,1.71,5,是
600517,国网英大,上证,周线,看涨吞没,Bullish Engulfing,看涨,2026-07-17,86.2,0.79,4.79,1.7,1,否
601002,晋亿实业,上证,周线,启明星,Morning Star,看涨,2026-07-24,100,0.74,4.78,1.7,4,是
603178,圣龙股份,上证,周线,看涨吞没,Bullish Engulfing,看涨,2026-08-14,100,1.18,17.34,1.7,12,是
603656,泰禾智能,上证,日线,看涨吞没,Bullish Engulfing,看涨,2026-08-12,79.4,1.55,17.99,1.7,2,否
603721,中广天择,上证,日线,看涨吞没,Bullish Engulfing,看涨,2026-08-10,89.4,1.04,17.9,1.7,2,是
605080,浙江自然,上证,周线,看涨吞没,Bullish Engulfing,看涨,2026-07-31,100,0.69,19.7,1.7,1,否
000726,鲁 泰Ａ,深证,日线,看涨吞没,Bullish Engulfing,看涨,2026-08-10,100,1.22,6,1.69,0,是
000910,大亚圣象,深证,日线,看涨吞没,Bullish Engulfing,看涨,2026-08-12,69,0.75,5.42,1.69,1,否
002495,佳隆股份,深证,日线,看涨吞没,Bullish Engulfing,看涨,2026-08-12,92,0.8,2.41,1.69,1,否
301073,君亭酒店,创业,日线,看涨吞没,Bullish Engulfing,看涨,2026-08-12,97.3,0.78,18.6,1.69,0,否
301090,华润材料,创业,日线,看涨吞没,Bullish Engulfing,看涨,2026-08-10,89.7,0.73,6.61,1.69,0,是
600740,山西焦化,上证,日线,看涨吞没,Bullish Engulfing,看涨,2026-08-10,74,1.06,3.6,1.69,3,否
600843,上工申贝,上证,日线,看涨吞没,Bullish Engulfing,看涨,2026-08-12,99,0.86,7.22,1.69,4,是
603818,曲美家居,上证,日线,看涨吞没,Bullish Engulfing,看涨,2026-08-14,84.6,0.67,3.62,1.69,1,是
688336,三生国健,科创,日线,看涨吞没,Bullish Engulfing,看涨,2026-08-13,100,1.31,47.58,1.69,2,否
688511,天微电子,科创,日线,看涨吞没,Bullish Engulfing,看涨,2026-08-14,100,0.57,23.42,1.69,0,否
000868,安凯客车,深证,日线,看涨吞没,Bullish Engulfing,看涨,2026-08-10,100,0.87,3.64,1.68,0,否
002700,万憬能源,深证,日线,看涨吞没,Bullish Engulfing,看涨,2026-08-10,88,1.04,6.06,1.68,4,否
002752,昇兴股份,深证,日线,启明星,Morning Star,看涨,2026-08-10,100,0.93,6.04,1.68,8,否
300507,苏奥传感,创业,日线,看涨吞没,Bullish Engulfing,看涨,2026-08-12,69.6,0.92,6.65,1.68,1,否
600222,太龙药业,上证,日线,看涨吞没,Bullish Engulfing,看涨,2026-08-12,92,1.14,7.85,1.68,3,是
600847,万里股份,上证,日线,看涨吞没,Bullish Engulfing,看涨,2026-08-12,98.4,0.46,12.7,1.68,5,否
600858,银座股份,上证,周线,看涨吞没,Bullish Engulfing,看涨,2026-08-14,100,1.01,4.85,1.68,2,是
600893,航发动力,上证,日线,看涨吞没,Bullish Engulfing,看涨,2026-08-14,76.9,1.17,36.88,1.68,3,否
688509,正元地信,科创,日线,看涨吞没,Bullish Engulfing,看涨,2026-08-10,96.3,1.01,4.23,1.68,1,是
300189,神农种业,创业,日线,看涨吞没,Bullish Engulfing,看涨,2026-08-12,70.7,0.92,4.87,1.67,2,否
300365,恒华科技,创业,日线,看涨吞没,Bullish Engulfing,看涨,2026-08-12,96,0.75,4.88,1.67,0,否
300513,恒实科技,创业,日线,看涨吞没,Bullish Engulfing,看涨,2026-08-10,93.7,0.88,7.29,1.67,0,是
300997,欢乐家,创业,周线,看涨吞没,Bullish Engulfing,看涨,2026-08-14,100,2.8,17.63,1.67,5,否
603341,龙旗科技,上证,周线,看涨吞没,Bullish Engulfing,看涨,2026-08-07,100,0.83,37.04,1.67,2,否
688584,上海合晶,科创,日线,看涨吞没,Bullish Engulfing,看涨,2026-08-12,91.6,0.44,29.25,1.67,4,是
001319,铭科精技,深证,日线,看涨吞没,Bullish Engulfing,看涨,2026-08-10,100,0.64,19.62,1.66,2,否
002531,天顺风能,深证,日线,看涨吞没,Bullish Engulfing,看涨,2026-08-12,87.6,0.52,6.72,1.66,1,是
300845,捷安高科,创业,日线,看涨吞没,Bullish Engulfing,看涨,2026-08-10,100,0.99,11.05,1.66,0,否
600158,中体产业,上证,日线,看涨吞没,Bullish Engulfing,看涨,2026-08-12,86,0.62,7.35,1.66,5,否
600267,海正药业,上证,日线,看涨吞没,Bullish Engulfing,看涨,2026-08-12,91,1.25,14.08,1.66,3,是
600941,中国移动,上证,日线,看涨吞没,Bullish Engulfing,看涨,2026-08-14,100,1.02,97.71,1.66,0,是
603339,四方科技,上证,日线,看涨吞没,Bullish Engulfing,看涨,2026-08-12,93.4,0.64,14.06,1.66,4,是
000516,国际医学,深证,日线,看涨吞没,Bullish Engulfing,看涨,2026-08-12,100,1.38,4.31,1.65,5,是
000601,韶能股份,深证,日线,看涨吞没,Bullish Engulfing,看涨,2026-08-13,84,1.2,6.79,1.65,13,否
002968,新大正,深证,日线,看涨吞没,Bullish Engulfing,看涨,2026-08-12,96,0.54,9.25,1.65,2,否
300451,创业慧康,创业,日线,看涨吞没,Bullish Engulfing,看涨,2026-08-10,91,0.9,3.69,1.65,0,是
301337,亚华电子,创业,日线,启明星,Morning Star,看涨,2026-08-10,84.4,0.62,25.21,1.65,0,否
301568,思泰克,创业,日线,看涨吞没,Bullish Engulfing,看涨,2026-08-12,100,0.66,68.56,1.65,0,是
600279,重庆港,上证,日线,看涨吞没,Bullish Engulfing,看涨,2026-08-10,89,0.67,4.32,1.65,1,是
600808,马钢股份,上证,周线,看涨吞没,Bullish Engulfing,看涨,2026-07-24,90.5,1.34,2.47,1.65,1,否
600981,苏豪汇鸿,上证,日线,看涨吞没,Bullish Engulfing,看涨,2026-08-12,95,0.7,2.47,1.65,6,是
601636,旗滨集团,上证,日线,看涨吞没,Bullish Engulfing,看涨,2026-08-11,82.7,0.83,6.17,1.65,4,否
605066,天正电气,上证,日线,看涨吞没,Bullish Engulfing,看涨,2026-08-10,92.6,0.72,6.77,1.65,1,是
000019,深粮控股,深证,日线,看涨吞没,Bullish Engulfing,看涨,2026-08-10,91.8,1.74,6.21,1.64,2,是
300315,掌趣科技,创业,日线,看涨吞没,Bullish Engulfing,看涨,2026-08-10,87,0.74,4.35,1.64,0,是
600919,江苏银行,上证,日线,看涨吞没,Bullish Engulfing,看涨,2026-08-10,92.6,1.05,11.81,1.64,0,是
603866,桃李面包,上证,日线,看涨吞没,Bullish Engulfing,看涨,2026-08-10,100,0.86,4.35,1.64,0,是
000521,长虹美菱,深证,日线,看涨吞没,Bullish Engulfing,看涨,2026-08-10,96,0.61,4.99,1.63,2,否
002238,天威视讯,深证,日线,看涨吞没,Bullish Engulfing,看涨,2026-08-12,95,0.69,6.22,1.63,1,是
002815,崇达技术,深证,日线,启明星,Morning Star,看涨,2026-08-12,100,0.5,13.08,1.63,6,是
300721,怡达股份,创业,日线,看涨吞没,Bullish Engulfing,看涨,2026-08-12,90.7,0.57,23.71,1.63,5,否
300940,南极光,创业,日线,看涨吞没,Bullish Engulfing,看涨,2026-08-12,82,0.66,14.31,1.63,0,否
600088,中视传媒,上证,日线,看涨吞没,Bullish Engulfing,看涨,2026-08-10,90.2,0.72,11.86,1.63,3,是
605077,华康股份,上证,日线,看涨吞没,Bullish Engulfing,看涨,2026-08-10,100,0.88,11.24,1.63,0,否
002451,摩恩电气,深证,日线,看涨吞没,Bullish Engulfing,看涨,2026-08-12,100,0.5,7.53,1.62,11,否
300032,金龙机电,创业,日线,看涨吞没,Bullish Engulfing,看涨,2026-08-10,87,0.89,3.76,1.62,0,是
600309,万华化学,上证,周线,看涨吞没,Bullish Engulfing,看涨,2026-08-07,100,0.95,75.72,1.62,0,是
603719,良品铺子,上证,日线,看涨吞没,Bullish Engulfing,看涨,2026-08-12,96,0.57,10.06,1.62,1,是
688308,欧科亿,科创,日线,看涨吞没,Bullish Engulfing,看涨,2026-08-12,100,0.77,102.5,1.62,1,是
000887,中鼎股份,深证,日线,看涨吞没,Bullish Engulfing,看涨,2026-08-11,83.1,0.97,19.58,1.61,5,否
002174,游族网络,深证,日线,启明星,Morning Star,看涨,2026-08-10,84.5,0.63,11.99,1.61,4,否
300999,金龙鱼,创业,日线,看涨吞没,Bullish Engulfing,看涨,2026-08-10,100,0.97,26.44,1.61,0,否
600550,保变电气,上证,日线,看涨吞没,Bullish Engulfing,看涨,2026-08-10,100,0.95,12,1.61,9,否
600773,西藏城投,上证,日线,看涨吞没,Bullish Engulfing,看涨,2026-08-12,73.1,0.77,11.34,1.61,3,否
001230,劲旅环境,深证,日线,看涨吞没,Bullish Engulfing,看涨,2026-08-14,89.7,0.6,20.99,1.6,3,是
002439,启明星辰,深证,周线,看涨吞没,Bullish Engulfing,看涨,2026-07-24,94.9,1.6,13.33,1.6,1,否
300350,华鹏飞,创业,日线,看涨吞没,Bullish Engulfing,看涨,2026-08-12,70.7,0.87,4.45,1.6,0,否
301252,同星科技,创业,日线,看涨吞没,Bullish Engulfing,看涨,2026-08-11,100,0.77,31.1,1.6,0,是
600905,三峡能源,上证,周线,看涨吞没,Bullish Engulfing,看涨,2026-07-17,92,0.57,3.8,1.6,0,否
601177,杭齿前进,上证,日线,看涨吞没,Bullish Engulfing,看涨,2026-08-10,100,0.87,13.37,1.6,2,是
603661,恒林股份,上证,日线,看涨吞没,Bullish Engulfing,看涨,2026-08-12,99.5,0.76,32.34,1.6,8,是
688656,浩欧博,科创,日线,看涨吞没,Bullish Engulfing,看涨,2026-08-11,95.5,0.91,92.15,1.6,0,否
000598,兴蓉环境,深证,月线,启明星,Morning Star,看涨,2026-05-29,100,1.21,7.01,1.59,0,否
000710,贝瑞基因,深证,日线,看涨吞没,Bullish Engulfing,看涨,2026-08-13,100,1.7,9.61,1.59,5,是
001208,华菱线缆,深证,日线,看涨吞没,Bullish Engulfing,看涨,2026-08-12,75.4,0.7,15.3,1.59,13,否
001914,招商积余,深证,日线,看涨吞没,Bullish Engulfing,看涨,2026-08-12,100,0.99,8.92,1.59,0,否
300324,旋极信息,创业,日线,看涨吞没,Bullish Engulfing,看涨,2026-08-12,91,0.8,3.83,1.59,1,是
603976,正川股份,上证,日线,看涨吞没,Bullish Engulfing,看涨,2026-08-12,74.2,0.48,28.17,1.59,4,否
002085,万丰奥威,深证,日线,看涨吞没,Bullish Engulfing,看涨,2026-08-12,100,1.54,10.93,1.58,1,否
002226,江南化工,深证,日线,看涨吞没,Bullish Engulfing,看涨,2026-08-10,86.7,1.18,5.15,1.58,1,否
002625,光启技术,深证,日线,看涨吞没,Bullish Engulfing,看涨,2026-08-10,100,0.87,30.95,1.58,3,否
002809,红墙股份,深证,日线,看涨吞没,Bullish Engulfing,看涨,2026-08-12,100,0.82,8.38,1.58,5,是
301555,惠柏新材,创业,日线,看涨吞没,Bullish Engulfing,看涨,2026-08-12,74.4,0.59,31.55,1.58,0,否
600055,万东医疗,上证,日线,看涨吞没,Bullish Engulfing,看涨,2026-08-12,100,1.02,11.57,1.58,0,是
603053,成都燃气,上证,日线,看涨吞没,Bullish Engulfing,看涨,2026-08-10,72.4,0.88,9,1.58,2,否
688187,时代电气,科创,日线,看涨吞没,Bullish Engulfing,看涨,2026-08-12,99.4,0.65,50.25,1.58,1,是
688690,纳微科技,科创,日线,看涨吞没,Bullish Engulfing,看涨,2026-08-12,100,0.87,43.81,1.58,1,否
002853,皮阿诺,深证,日线,看涨吞没,Bullish Engulfing,看涨,2026-08-12,88.4,0.47,21.4,1.57,9,是
300141,和顺电气,创业,周线,看涨吞没,Bullish Engulfing,看涨,2026-08-14,100,1.84,10.38,1.57,3,是
301299,卓创资讯,创业,日线,看涨吞没,Bullish Engulfing,看涨,2026-08-10,83.5,1.1,44.7,1.57,0,是
600926,杭州银行,上证,日线,看涨吞没,Bullish Engulfing,看涨,2026-08-13,95,0.9,16.18,1.57,0,是
002293,罗莱生活,深证,日线,看涨吞没,Bullish Engulfing,看涨,2026-08-14,88.6,0.55,11.07,1.56,0,是
002775,文科股份,深证,日线,看涨吞没,Bullish Engulfing,看涨,2026-08-10,86.2,0.86,3.91,1.56,6,是
002956,西麦食品,深证,日线,看涨吞没,Bullish Engulfing,看涨,2026-08-10,77.9,0.69,18.18,1.56,3,否
300676,华大基因,创业,周线,看涨吞没,Bullish Engulfing,看涨,2026-07-24,100,0.97,36.5,1.56,0,是
301585,蓝宇股份,创业,日线,看涨吞没,Bullish Engulfing,看涨,2026-08-12,82.7,2.5,27.95,1.56,0,否
600229,城市传媒,上证,日线,看涨吞没,Bullish Engulfing,看涨,2026-08-12,93,0.65,5.21,1.56,2,是
600284,浦东建设,上证,周线,看涨吞没,Bullish Engulfing,看涨,2026-08-14,100,1.31,5.21,1.56,4,是
600461,洪城环境,上证,周线,启明星,Morning Star,看涨,2026-07-17,100,1.41,9.13,1.56,0,否
600703,三安光电,上证,日线,看涨吞没,Bullish Engulfing,看涨,2026-08-12,100,0.68,13.67,1.56,11,否
603327,福蓉科技,上证,日线,看涨吞没,Bullish Engulfing,看涨,2026-08-10,70,0.73,9.13,1.56,8,否
603628,清源股份,上证,日线,看涨吞没,Bullish Engulfing,看涨,2026-08-12,88.8,0.96,9.78,1.56,1,否
603899,晨光股份,上证,日线,看涨吞没,Bullish Engulfing,看涨,2026-08-10,96.7,0.67,22.83,1.56,0,是
000430,张家界,深证,日线,看涨吞没,Bullish Engulfing,看涨,2026-08-10,79.2,0.83,6.56,1.55,0,否
000554,泰山石油,深证,日线,看涨吞没,Bullish Engulfing,看涨,2026-08-10,94.7,0.55,6.56,1.55,5,否
000886,海南高速,深证,日线,看涨吞没,Bullish Engulfing,看涨,2026-08-10,89,0.74,4.6,1.55,2,是
002023,海特高新,深证,日线,看涨吞没,Bullish Engulfing,看涨,2026-08-12,79.4,0.65,10.48,1.55,3,否
002419,天虹股份,深证,周线,看涨吞没,Bullish Engulfing,看涨,2026-08-14,100,0.65,4.58,1.55,0,是
600640,国脉文化,上证,日线,看涨吞没,Bullish Engulfing,看涨,2026-08-14,100,1.62,11.14,1.55,2,否
600854,春兰股份,上证,日线,看涨吞没,Bullish Engulfing,看涨,2026-08-12,93.7,0.91,4.58,1.55,1,是
688398,赛特新材,科创,日线,看涨吞没,Bullish Engulfing,看涨,2026-08-12,83.7,0.55,20.99,1.55,0,否
002790,瑞尔特,深证,日线,看涨吞没,Bullish Engulfing,看涨,2026-08-12,88.7,0.68,5.92,1.54,4,是
600502,安徽建工,上证,日线,看涨吞没,Bullish Engulfing,看涨,2026-08-10,93,1.36,4.62,1.54,2,是
600770,综艺股份,上证,日线,看涨吞没,Bullish Engulfing,看涨,2026-08-12,100,0.55,5.29,1.54,7,否
601330,绿色动力,上证,日线,看涨吞没,Bullish Engulfing,看涨,2026-08-10,100,0.8,7.25,1.54,2,是
000626,远大控股,深证,日线,看涨吞没,Bullish Engulfing,看涨,2026-08-12,70.4,0.57,7.95,1.53,8,否
002817,黄山胶囊,深证,日线,看涨吞没,Bullish Engulfing,看涨,2026-08-12,91,0.71,6.63,1.53,0,是
300877,金春股份,创业,日线,看涨吞没,Bullish Engulfing,看涨,2026-08-10,73.8,0.62,25.25,1.53,1,否
600725,云维股份,上证,日线,看涨吞没,Bullish Engulfing,看涨,2026-08-12,76,0.85,3.31,1.53,5,否
600790,轻纺城,上证,月线,看涨吞没,Bullish Engulfing,看涨,2026-08-14,100,0.39,3.31,1.53,1,是
601766,中国中车,上证,日线,看涨吞没,Bullish Engulfing,看涨,2026-08-10,84,0.69,5.97,1.53,0,否
603683,晶华新材,上证,日线,看涨吞没,Bullish Engulfing,看涨,2026-08-12,100,0.53,15.92,1.53,4,是
603799,华友钴业,上证,周线,启明星,Morning Star,看涨,2026-07-31,100,0.8,39.91,1.53,0,否
300437,清水源,创业,日线,看涨吞没,Bullish Engulfing,看涨,2026-08-12,86.1,0.75,11.35,1.52,5,是
301502,华阳智能,创业,日线,看涨吞没,Bullish Engulfing,看涨,2026-08-11,100,0.68,52.75,1.52,0,否
600609,金杯汽车,上证,日线,看涨吞没,Bullish Engulfing,看涨,2026-08-12,73.3,1.06,3.34,1.52,0,否
603826,坤彩科技,上证,日线,看涨吞没,Bullish Engulfing,看涨,2026-08-12,78.8,1.02,18.02,1.52,6,否
688360,德马科技,科创,日线,看涨吞没,Bullish Engulfing,看涨,2026-08-11,80,0.89,16,1.52,1,否
300415,伊之密,创业,日线,看涨吞没,Bullish Engulfing,看涨,2026-08-11,100,1.25,21.53,1.51,0,是
300750,宁德时代,创业,周线,看涨吞没,Bullish Engulfing,看涨,2026-08-14,90.5,0.59,393.93,1.51,0,否
301558,三态股份,创业,日线,看涨吞没,Bullish Engulfing,看涨,2026-08-12,94.2,0.71,6.72,1.51,0,是
688267,中触媒,科创,日线,看涨吞没,Bullish Engulfing,看涨,2026-08-14,92,0.47,18.77,1.51,0,否
000565,渝三峡Ａ,深证,日线,看涨吞没,Bullish Engulfing,看涨,2026-08-12,74.4,0.53,6.08,1.5,2,否
002352,顺丰控股,深证,日线,看涨吞没,Bullish Engulfing,看涨,2026-08-10,87.2,1.02,33.8,1.5,0,是
300146,汤臣倍健,创业,日线,看涨吞没,Bullish Engulfing,看涨,2026-08-12,87,0.69,10.13,1.5,0,是
300263,隆华科技,创业,日线,看涨吞没,Bullish Engulfing,看涨,2026-08-12,83.4,0.7,10.13,1.5,2,否
300978,东箭科技,创业,日线,看涨吞没,Bullish Engulfing,看涨,2026-08-14,100,0.98,8.78,1.5,0,是
000407,胜利股份,深证,日线,看涨吞没,Bullish Engulfing,看涨,2026-08-10,100,0.8,4.1,1.49,10,是
000721,西安饮食,深证,日线,看涨吞没,Bullish Engulfing,看涨,2026-08-12,100,0.87,6.79,1.49,2,是
000860,顺鑫农业,深证,日线,看涨吞没,Bullish Engulfing,看涨,2026-08-12,84.7,0.96,10.92,1.49,0,是
001219,青岛食品,深证,日线,看涨吞没,Bullish Engulfing,看涨,2026-08-14,100,2.75,12.95,1.49,0,是
002377,国创高新,深证,日线,看涨吞没,Bullish Engulfing,看涨,2026-08-12,88,0.77,2.72,1.49,1,否
003012,东鹏控股,深证,日线,看涨吞没,Bullish Engulfing,看涨,2026-08-12,86.2,0.84,4.78,1.49,2,是
301397,溯联股份,创业,日线,看涨吞没,Bullish Engulfing,看涨,2026-08-10,82.9,0.84,26.61,1.49,0,否
600017,日照港,上证,日线,看涨吞没,Bullish Engulfing,看涨,2026-08-10,85.7,0.78,2.72,1.49,0,是
600185,珠免集团,上证,日线,看涨吞没,Bullish Engulfing,看涨,2026-08-10,71.2,0.81,4.77,1.49,2,否
600433,冠豪高新,上证,日线,看涨吞没,Bullish Engulfing,看涨,2026-08-12,70,0.85,3.41,1.49,6,否
600557,康缘药业,上证,周线,看涨吞没,Bullish Engulfing,看涨,2026-08-14,100,1.56,12.94,1.49,2,否
601878,浙商证券,上证,周线,看涨吞没,Bullish Engulfing,看涨,2026-07-31,83.5,0.73,9.55,1.49,0,否
603787,新日股份,上证,日线,看涨吞没,Bullish Engulfing,看涨,2026-08-12,100,0.88,10.24,1.49,2,是
001323,慕思股份,深证,日线,看涨吞没,Bullish Engulfing,看涨,2026-08-10,100,0.87,17.15,1.48,1,是
002406,远东传动,深证,日线,看涨吞没,Bullish Engulfing,看涨,2026-08-10,100,0.81,6.86,1.48,1,是
600358,国旅联合,上证,日线,看涨吞没,Bullish Engulfing,看涨,2026-08-12,91,1.14,5.47,1.48,0,是
601011,宝泰隆,上证,日线,看涨吞没,Bullish Engulfing,看涨,2026-08-12,99,1.05,2.74,1.48,8,是
603080,新疆火炬,上证,日线,看涨吞没,Bullish Engulfing,看涨,2026-08-10,100,0.87,19.16,1.48,2,是
603103,横店影视,上证,日线,看涨吞没,Bullish Engulfing,看涨,2026-08-11,100,1.53,15.72,1.48,8,是
603689,皖天然气,上证,日线,看涨吞没,Bullish Engulfing,看涨,2026-08-10,94.2,0.99,7.52,1.48,1,是
688161,威高骨科,科创,日线,看涨吞没,Bullish Engulfing,看涨,2026-08-12,86.5,1.01,22.58,1.48,0,否
000685,中山公用,深证,周线,启明星,Morning Star,看涨,2026-07-31,100,0.83,11.08,1.47,2,否
300717,华信新材,创业,日线,看涨吞没,Bullish Engulfing,看涨,2026-08-12,100,0.46,18.65,1.47,0,是
600558,大西洋,上证,日线,看涨吞没,Bullish Engulfing,看涨,2026-08-10,84.3,0.73,4.83,1.47,1,是
600639,浦东金桥,上证,日线,看涨吞没,Bullish Engulfing,看涨,2026-08-12,85.6,0.8,9.67,1.47,0,否
603255,鼎际得,上证,日线,看涨吞没,Bullish Engulfing,看涨,2026-08-12,100,0.34,28.27,1.47,2,否
002489,浙江永强,深证,日线,看涨吞没,Bullish Engulfing,看涨,2026-08-12,91,0.92,2.78,1.46,0,是
002962,五方光电,深证,日线,看涨吞没,Bullish Engulfing,看涨,2026-08-12,100,0.65,13.22,1.46,5,否
300755,华致酒行,创业,日线,看涨吞没,Bullish Engulfing,看涨,2026-08-12,84,0.78,11.85,1.46,0,否
600152,维科技术,上证,日线,看涨吞没,Bullish Engulfing,看涨,2026-08-12,100,0.53,8.34,1.46,13,是
600582,天地科技,上证,日线,看涨吞没,Bullish Engulfing,看涨,2026-08-10,76,1.07,4.87,1.46,0,否
601065,江盐集团,上证,日线,看涨吞没,Bullish Engulfing,看涨,2026-08-10,95,1.29,6.94,1.46,0,是
601099,太平洋,上证,周线,看涨吞没,Bullish Engulfing,看涨,2026-08-14,100,0.93,3.47,1.46,1,否
603035,常熟汽饰,上证,日线,看涨吞没,Bullish Engulfing,看涨,2026-08-10,89.2,1.08,11.15,1.46,1,是
603381,永臻股份,上证,日线,看涨吞没,Bullish Engulfing,看涨,2026-08-12,87,1.18,15.33,1.46,5,是
603861,白云电器,上证,日线,看涨吞没,Bullish Engulfing,看涨,2026-08-12,75.3,0.63,12.54,1.46,14,否
000809,和展能源,深证,日线,看涨吞没,Bullish Engulfing,看涨,2026-08-12,100,0.57,3.49,1.45,6,是
600803,新奥股份,上证,日线,看涨吞没,Bullish Engulfing,看涨,2026-08-10,74.6,0.64,17.55,1.45,1,否
688472,阿特斯,科创,日线,看涨吞没,Bullish Engulfing,看涨,2026-08-12,100,0.75,10.51,1.45,2,是
002314,南山控股,深证,周线,看涨吞没,Bullish Engulfing,看涨,2026-08-14,100,0.79,2.12,1.44,3,是
002526,山东矿机,深证,日线,看涨吞没,Bullish Engulfing,看涨,2026-08-12,91,1.14,2.81,1.44,2,是
300313,天山生物,创业,日线,看涨吞没,Bullish Engulfing,看涨,2026-08-12,73.3,0.81,8.48,1.44,0,否
300770,新媒股份,创业,日线,看涨吞没,Bullish Engulfing,看涨,2026-08-10,90.1,0.78,34.51,1.44,0,是
600197,伊力特,上证,日线,看涨吞没,Bullish Engulfing,看涨,2026-08-12,93,1,10.6,1.44,1,是
600298,安琪酵母,上证,日线,看涨吞没,Bullish Engulfing,看涨,2026-08-13,100,0.74,43.66,1.44,0,是
688425,铁建重工,科创,日线,看涨吞没,Bullish Engulfing,看涨,2026-08-10,76,0.77,4.22,1.44,0,否
002218,拓日新能,深证,日线,看涨吞没,Bullish Engulfing,看涨,2026-08-12,69.3,0.56,4.25,1.43,16,否
002591,恒大高新,深证,日线,看涨吞没,Bullish Engulfing,看涨,2026-08-12,100,0.57,6.38,1.43,8,否
300126,锐奇股份,创业,日线,看涨吞没,Bullish Engulfing,看涨,2026-08-12,100,0.7,6.37,1.43,1,是
600684,珠江股份,上证,日线,看涨吞没,Bullish Engulfing,看涨,2026-08-12,100,0.63,3.55,1.43,2,否
601608,中信重工,上证,日线,看涨吞没,Bullish Engulfing,看涨,2026-08-12,100,0.6,4.95,1.43,9,是
688636,智明达,科创,日线,看涨吞没,Bullish Engulfing,看涨,2026-08-14,73.8,0.43,20.62,1.43,0,否
000570,苏常柴Ａ,深证,周线,看涨吞没,Bullish Engulfing,看涨,2026-08-14,100,0.6,5,1.42,1,是
000651,格力电器,深证,日线,看涨吞没,Bullish Engulfing,看涨,2026-08-10,99.8,0.75,40.67,1.42,0,是
001213,中铁特货,深证,日线,看涨吞没,Bullish Engulfing,看涨,2026-08-10,87,0.88,3.57,1.42,0,是
002073,软控股份,深证,日线,看涨吞没,Bullish Engulfing,看涨,2026-08-10,96.3,0.84,5.7,1.42,1,是
600293,三峡新材,上证,日线,看涨吞没,Bullish Engulfing,看涨,2026-08-12,100,0.54,2.86,1.42,8,是
600928,西安银行,上证,日线,看涨吞没,Bullish Engulfing,看涨,2026-08-10,88.3,0.96,3.58,1.42,1,是
688255,凯尔达,科创,日线,看涨吞没,Bullish Engulfing,看涨,2026-08-12,100,0.58,26.51,1.42,0,否
688389,普门科技,科创,日线,看涨吞没,Bullish Engulfing,看涨,2026-08-14,100,1.03,11.46,1.42,0,是
301212,联盛化学,创业,日线,看涨吞没,Bullish Engulfing,看涨,2026-08-12,100,0.9,23.07,1.41,0,是
600019,宝钢股份,上证,日线,看涨吞没,Bullish Engulfing,看涨,2026-08-14,87,1.15,5.75,1.41,0,是
600776,东方通信,上证,日线,看涨吞没,Bullish Engulfing,看涨,2026-08-12,100,0.62,12.96,1.41,9,是
002971,和远气体,深证,日线,看涨吞没,Bullish Engulfing,看涨,2026-08-11,100,1.6,45,1.4,19,是
300082,奥克股份,创业,日线,看涨吞没,Bullish Engulfing,看涨,2026-08-10,100,0.77,7.97,1.4,1,是
300092,科新机电,创业,日线,看涨吞没,Bullish Engulfing,看涨,2026-08-10,87.8,0.82,11.57,1.4,2,是
300109,新开源,创业,日线,看涨吞没,Bullish Engulfing,看涨,2026-08-14,70.9,0.96,13.77,1.4,0,否
300783,三只松鼠,创业,日线,看涨吞没,Bullish Engulfing,看涨,2026-08-12,100,1.08,18.1,1.4,0,是
300939,秋田微,创业,日线,看涨吞没,Bullish Engulfing,看涨,2026-08-11,100,0.55,62.83,1.4,1,是
600713,南京医药,上证,月线,看涨吞没,Bullish Engulfing,看涨,2026-07-31,100,1.09,5.07,1.4,1,是
000401,金隅冀东,深证,日线,看涨吞没,Bullish Engulfing,看涨,2026-08-12,85,1,3.65,1.39,0,是
000926,福星股份,深证,日线,看涨吞没,Bullish Engulfing,看涨,2026-08-10,87,0.76,2.19,1.39,4,是
002462,嘉事堂,深证,日线,看涨吞没,Bullish Engulfing,看涨,2026-08-14,89.5,1.21,12.36,1.39,3,是
002530,金财互联,深证,月线,启明星,Morning Star,看涨,2026-08-14,100,0.21,7.28,1.39,3,是
300024,机器人,创业,日线,看涨吞没,Bullish Engulfing,看涨,2026-08-11,96.9,1.25,16,1.39,0,是
300094,国联水产,创业,日线,看涨吞没,Bullish Engulfing,看涨,2026-08-12,95,1,2.91,1.39,1,是
300824,北鼎股份,创业,日线,看涨吞没,Bullish Engulfing,看涨,2026-08-12,99,0.84,8.05,1.39,0,是
000885,城发环境,深证,周线,启明星,Morning Star,看涨,2026-07-24,100,1.06,12.52,1.38,1,否
000928,中钢国际,深证,日线,看涨吞没,Bullish Engulfing,看涨,2026-08-10,74,0.97,5.14,1.38,0,否
300057,万顺新材,创业,日线,看涨吞没,Bullish Engulfing,看涨,2026-08-12,100,0.61,6.59,1.38,0,是
301039,中集车辆,创业,日线,看涨吞没,Bullish Engulfing,看涨,2026-08-10,89.3,0.78,8.07,1.38,0,否
301049,超越科技,创业,日线,看涨吞没,Bullish Engulfing,看涨,2026-08-12,91.6,0.63,19.87,1.38,0,是
600956,新天绿能,上证,日线,看涨吞没,Bullish Engulfing,看涨,2026-08-10,100,0.89,7.36,1.38,1,否
603738,泰晶科技,上证,日线,看涨吞没,Bullish Engulfing,看涨,2026-08-11,100,1.25,36.74,1.38,18,否
002455,百川股份,深证,日线,看涨吞没,Bullish Engulfing,看涨,2026-08-12,92.1,0.96,7.38,1.37,12,是
300145,南方泵业,创业,日线,看涨吞没,Bullish Engulfing,看涨,2026-08-12,93,0.58,4.44,1.37,1,是
300160,秀强股份,创业,日线,看涨吞没,Bullish Engulfing,看涨,2026-08-12,96.3,0.96,4.43,1.37,0,是
301237,和顺科技,创业,日线,看涨吞没,Bullish Engulfing,看涨,2026-08-11,100,0.67,55.5,1.37,2,是
600805,悦达投资,上证,日线,看涨吞没,Bullish Engulfing,看涨,2026-08-12,89,0.94,4.44,1.37,1,是
601022,宁波远洋,上证,日线,看涨吞没,Bullish Engulfing,看涨,2026-08-10,94.2,0.85,8.16,1.37,2,是
603013,亚普股份,上证,日线,看涨吞没,Bullish Engulfing,看涨,2026-08-10,100,0.69,16.98,1.37,4,是
000544,中原环保,深证,日线,看涨吞没,Bullish Engulfing,看涨,2026-08-10,100,1.13,7.46,1.36,0,是
002040,南 京 港,深证,日线,看涨吞没,Bullish Engulfing,看涨,2026-08-10,97,0.84,8.19,1.36,8,是
002445,中南文化,深证,日线,看涨吞没,Bullish Engulfing,看涨,2026-08-10,76,0.86,2.99,1.36,10,否
301220,亚香股份,创业,日线,看涨吞没,Bullish Engulfing,看涨,2026-08-12,83.9,0.68,28.32,1.36,0,是
600010,包钢股份,上证,日线,看涨吞没,Bullish Engulfing,看涨,2026-08-14,72,0.92,2.24,1.36,3,否
600830,香溢融通,上证,日线,看涨吞没,Bullish Engulfing,看涨,2026-08-12,99,1.08,8.21,1.36,1,是
603153,上海建科,上证,日线,看涨吞没,Bullish Engulfing,看涨,2026-08-10,96,0.81,13.43,1.36,1,否
002302,西部建设,深证,周线,看涨吞没,Bullish Engulfing,看涨,2026-07-17,100,0.6,4.49,1.35,2,是
300310,宜通世纪,创业,日线,看涨吞没,Bullish Engulfing,看涨,2026-08-12,99,0.58,4.5,1.35,0,是
300829,金丹科技,创业,日线,看涨吞没,Bullish Engulfing,看涨,2026-08-14,100,1.24,15,1.35,0,是
688339,亿华通,科创,日线,看涨吞没,Bullish Engulfing,看涨,2026-08-12,100,0.64,17.96,1.35,0,是
002925,盈趣科技,深证,日线,看涨吞没,Bullish Engulfing,看涨,2026-08-14,71.3,1.09,23.41,1.34,8,否
603589,口子窖,上证,日线,看涨吞没,Bullish Engulfing,看涨,2026-08-12,87.4,0.94,20.45,1.34,1,是
000025,特 力Ａ,深证,日线,看涨吞没,Bullish Engulfing,看涨,2026-08-12,71.4,0.75,15.28,1.33,5,否
002771,真视通,深证,日线,看涨吞没,Bullish Engulfing,看涨,2026-08-10,84.7,0.56,12.91,1.33,7,是
300120,经纬辉开,创业,日线,看涨吞没,Bullish Engulfing,看涨,2026-08-10,82,0.89,6.88,1.33,2,否
600794,保税科技,上证,周线,看涨吞没,Bullish Engulfing,看涨,2026-07-17,100,0.66,3.05,1.33,0,是
601607,上海医药,上证,日线,看涨吞没,Bullish Engulfing,看涨,2026-08-13,100,1.11,16.78,1.33,0,是
600117,西宁特钢,上证,日线,看涨吞没,Bullish Engulfing,看涨,2026-08-10,72,0.92,2.3,1.32,0,否
600802,福建水泥,上证,日线,看涨吞没,Bullish Engulfing,看涨,2026-08-12,100,0.72,4.6,1.32,6,是
603126,中材节能,上证,日线,看涨吞没,Bullish Engulfing,看涨,2026-08-12,96.3,0.67,6.12,1.32,1,是
605011,杭州热电,上证,日线,看涨吞没,Bullish Engulfing,看涨,2026-08-13,90.3,0.87,17.64,1.32,1,是
002092,中泰化学,深证,日线,看涨吞没,Bullish Engulfing,看涨,2026-08-12,76,0.65,4.63,1.31,3,否
002225,濮耐股份,深证,日线,看涨吞没,Bullish Engulfing,看涨,2026-08-12,100,0.59,3.86,1.31,2,是
300276,三丰智能,创业,日线,看涨吞没,Bullish Engulfing,看涨,2026-08-12,100,1.26,6.96,1.31,1,否
301068,大地海洋,创业,日线,看涨吞没,Bullish Engulfing,看涨,2026-08-12,100,0.94,30.05,1.31,1,是
301125,腾亚精工,创业,日线,看涨吞没,Bullish Engulfing,看涨,2026-08-11,69.6,0.79,13.93,1.31,1,否
301179,泽宇智能,创业,日线,看涨吞没,Bullish Engulfing,看涨,2026-08-10,90,0.6,20.12,1.31,1,否
301469,恒达新材,创业,日线,看涨吞没,Bullish Engulfing,看涨,2026-08-14,87.4,0.54,28.7,1.31,1,是
600467,好当家,上证,日线,看涨吞没,Bullish Engulfing,看涨,2026-08-12,91,1.1,2.32,1.31,2,是
600839,四川长虹,上证,日线,看涨吞没,Bullish Engulfing,看涨,2026-08-10,87.9,0.55,6.94,1.31,2,是
688299,长阳科技,科创,日线,看涨吞没,Bullish Engulfing,看涨,2026-08-12,91,0.49,13.15,1.31,0,是
688772,珠海冠宇,科创,日线,看涨吞没,Bullish Engulfing,看涨,2026-08-12,84,0.72,14.69,1.31,0,否
001330,博纳影业,深证,日线,看涨吞没,Bullish Engulfing,看涨,2026-08-12,74.3,1.44,5.45,1.3,17,否
300399,天利科技,创业,日线,看涨吞没,Bullish Engulfing,看涨,2026-08-12,84.2,0.67,17.86,1.3,1,是
600006,东风股份,上证,日线,看涨吞没,Bullish Engulfing,看涨,2026-08-10,70.3,0.79,5.47,1.3,0,否
600097,开创国际,上证,日线,看涨吞没,Bullish Engulfing,看涨,2026-08-14,88.8,1.32,8.6,1.3,3,是
600655,豫园股份,上证,日线,看涨吞没,Bullish Engulfing,看涨,2026-08-10,96.3,0.85,4.66,1.3,1,是
600827,百联股份,上证,日线,看涨吞没,Bullish Engulfing,看涨,2026-08-10,89.7,1.15,7.77,1.3,0,是
002337,赛象科技,深证,日线,看涨吞没,Bullish Engulfing,看涨,2026-08-12,99,0.6,4.7,1.29,2,是
002367,康力电梯,深证,日线,看涨吞没,Bullish Engulfing,看涨,2026-08-12,95,0.63,5.48,1.29,1,是
002855,捷荣技术,深证,日线,看涨吞没,Bullish Engulfing,看涨,2026-08-12,100,0.48,10.2,1.29,1,是
300558,贝达药业,创业,日线,看涨吞没,Bullish Engulfing,看涨,2026-08-13,100,1.12,68.47,1.29,0,是
300943,春晖智控,创业,日线,看涨吞没,Bullish Engulfing,看涨,2026-08-12,100,0.64,28.17,1.29,2,是
301191,菲菱科思,创业,日线,看涨吞没,Bullish Engulfing,看涨,2026-08-14,75.2,0.9,97.35,1.29,3,否
600819,耀皮玻璃,上证,日线,看涨吞没,Bullish Engulfing,看涨,2026-08-12,84.3,0.7,5.5,1.29,7,是
002107,沃华医药,深证,日线,看涨吞没,Bullish Engulfing,看涨,2026-08-12,100,0.61,6.33,1.28,3,否
002563,森马服饰,深证,周线,看涨吞没,Bullish Engulfing,看涨,2026-07-24,81.9,1.14,5.53,1.28,1,否
300340,科恒股份,创业,日线,看涨吞没,Bullish Engulfing,看涨,2026-08-12,95,0.61,8.71,1.28,0,是
301207,华兰疫苗,创业,日线,看涨吞没,Bullish Engulfing,看涨,2026-08-13,100,1.29,18.15,1.28,1,是
601163,三角轮胎,上证,日线,看涨吞没,Bullish Engulfing,看涨,2026-08-10,84,0.9,13.4,1.28,1,是
002090,金智科技,深证,日线,看涨吞没,Bullish Engulfing,看涨,2026-08-12,76,0.53,9.57,1.27,3,否
002304,洋河股份,深证,日线,看涨吞没,Bullish Engulfing,看涨,2026-08-12,100,0.91,41.62,1.27,1,是
002765,蓝黛科技,深证,日线,看涨吞没,Bullish Engulfing,看涨,2026-08-11,100,1.16,7.18,1.27,2,否
300577,开润股份,创业,日线,看涨吞没,Bullish Engulfing,看涨,2026-08-12,73.2,0.3,18.28,1.27,1,否
300938,信测标准,创业,日线,看涨吞没,Bullish Engulfing,看涨,2026-08-11,84,0.79,28.6,1.27,0,否
688361,中科飞测,科创,周线,看涨吞没,Bullish Engulfing,看涨,2026-08-07,100,1.26,351,1.27,1,否
002094,青岛金王,深证,日线,看涨吞没,Bullish Engulfing,看涨,2026-08-12,84.6,0.63,4.84,1.26,0,是
002441,众业达,深证,日线,看涨吞没,Bullish Engulfing,看涨,2026-08-12,86.4,1.08,8.06,1.26,1,是
600059,古越龙山,上证,日线,看涨吞没,Bullish Engulfing,看涨,2026-08-12,95,1.23,8.03,1.26,1,是
601106,中国一重,上证,日线,看涨吞没,Bullish Engulfing,看涨,2026-08-10,91,0.75,3.21,1.26,12,是
603659,璞泰来,上证,周线,看涨吞没,Bullish Engulfing,看涨,2026-08-07,100,0.51,24.1,1.26,3,是
000690,宝新能源,深证,日线,看涨吞没,Bullish Engulfing,看涨,2026-08-10,100,0.61,4.86,1.25,2,否
001335,信凯科技,深证,日线,看涨吞没,Bullish Engulfing,看涨,2026-08-12,84.9,0.74,32.32,1.25,1,是
600559,老白干酒,上证,日线,看涨吞没,Bullish Engulfing,看涨,2026-08-12,86.3,1.14,12.16,1.25,1,是
600560,金自天正,上证,日线,看涨吞没,Bullish Engulfing,看涨,2026-08-12,100,0.75,11.33,1.25,0,是
600960,渤海汽车,上证,日线,看涨吞没,Bullish Engulfing,看涨,2026-08-10,100,0.68,4.04,1.25,5,是
601222,林洋能源,上证,日线,看涨吞没,Bullish Engulfing,看涨,2026-08-10,89,0.76,5.67,1.25,1,是
601985,中国核电,上证,周线,看涨吞没,Bullish Engulfing,看涨,2026-07-24,95.3,0.94,8.9,1.25,0,是
603107,上海汽配,上证,日线,看涨吞没,Bullish Engulfing,看涨,2026-08-10,99,0.78,12.15,1.25,0,是
000423,东阿阿胶,深证,日线,看涨吞没,Bullish Engulfing,看涨,2026-08-10,82.7,0.9,54.06,1.24,0,否
000776,广发证券,深证,日线,看涨吞没,Bullish Engulfing,看涨,2026-08-12,100,0.92,21.15,1.24,2,否
002364,中恒电气,深证,日线,启明星,Morning Star,看涨,2026-08-12,100,1.37,41.59,1.24,21,是
002557,洽洽食品,深证,日线,看涨吞没,Bullish Engulfing,看涨,2026-08-10,88,1.18,19.6,1.24,0,是
300133,华策影视,创业,日线,看涨吞没,Bullish Engulfing,看涨,2026-08-12,73.3,0.91,7.33,1.24,1,否
300841,康华生物,创业,日线,看涨吞没,Bullish Engulfing,看涨,2026-08-13,84.9,1.13,49.1,1.24,0,是
600506,统一股份,上证,日线,看涨吞没,Bullish Engulfing,看涨,2026-08-10,100,0.71,14.72,1.24,8,是
600598,北大荒,上证,日线,看涨吞没,Bullish Engulfing,看涨,2026-08-10,86.7,1.08,12.21,1.24,0,否
600838,上海九百,上证,周线,看涨吞没,Bullish Engulfing,看涨,2026-08-14,100,0.93,7.33,1.24,5,是
688687,凯因科技,科创,日线,看涨吞没,Bullish Engulfing,看涨,2026-08-12,72.2,0.97,17.92,1.24,0,否
000850,华茂股份,深证,日线,看涨吞没,Bullish Engulfing,看涨,2026-08-12,91,0.82,4.13,1.23,1,是
001365,天海电子,深证,日线,看涨吞没,Bullish Engulfing,看涨,2026-08-11,78.2,0.82,37.99,1.23,5,否
002117,东港股份,深证,日线,看涨吞没,Bullish Engulfing,看涨,2026-08-12,100,0.86,8.26,1.23,0,是
300267,尔康制药,创业,日线,看涨吞没,Bullish Engulfing,看涨,2026-08-12,84,0.85,3.29,1.23,1,否
300425,中建环能,创业,日线,看涨吞没,Bullish Engulfing,看涨,2026-08-12,88.3,0.68,4.1,1.23,0,是
600798,宁波海运,上证,日线,看涨吞没,Bullish Engulfing,看涨,2026-08-12,76,1.03,3.28,1.23,3,否
600834,申通地铁,上证,日线,看涨吞没,Bullish Engulfing,看涨,2026-08-10,100,0.77,7.38,1.23,0,是
601838,成都银行,上证,日线,看涨吞没,Bullish Engulfing,看涨,2026-08-10,100,0.85,18.1,1.23,0,否
000409,云鼎科技,深证,周线,看涨吞没,Bullish Engulfing,看涨,2026-07-24,93.8,0.79,8.29,1.22,2,否
001380,华纬科技,深证,月线,启明星,Morning Star,看涨,2026-08-14,100,0.16,16.61,1.22,1,是
002507,涪陵榨菜,深证,日线,看涨吞没,Bullish Engulfing,看涨,2026-08-10,93,1.29,11.6,1.22,0,是
300142,沃森生物,创业,日线,看涨吞没,Bullish Engulfing,看涨,2026-08-13,100,1.34,13.32,1.22,0,是
300565,科信技术,创业,日线,看涨吞没,Bullish Engulfing,看涨,2026-08-12,72.4,0.67,9.92,1.22,0,否
600463,空港股份,上证,日线,看涨吞没,Bullish Engulfing,看涨,2026-08-12,100,0.62,8.31,1.22,1,否
601399,国机重装,上证,日线,看涨吞没,Bullish Engulfing,看涨,2026-08-12,85.7,0.76,3.32,1.22,7,是
601956,东贝集团,上证,日线,看涨吞没,Bullish Engulfing,看涨,2026-08-12,91,0.6,4.97,1.22,2,是
603610,麒盛科技,上证,日线,看涨吞没,Bullish Engulfing,看涨,2026-08-12,100,0.5,15.75,1.22,11,是
000065,北方国际,深证,日线,看涨吞没,Bullish Engulfing,看涨,2026-08-10,80,1.28,9.22,1.21,1,否
002140,东华科技,深证,日线,看涨吞没,Bullish Engulfing,看涨,2026-08-10,100,1.25,9.23,1.21,4,是
002596,海南瑞泽,深证,日线,看涨吞没,Bullish Engulfing,看涨,2026-08-12,92,0.67,3.34,1.21,9,否
301048,金鹰重工,创业,日线,看涨吞没,Bullish Engulfing,看涨,2026-08-12,89.7,0.88,9.2,1.21,1,是
600478,科力远,上证,日线,看涨吞没,Bullish Engulfing,看涨,2026-08-10,76,0.86,5.03,1.21,2,否
600665,天地源,上证,日线,看涨吞没,Bullish Engulfing,看涨,2026-08-10,100,1.26,3.35,1.21,4,是
603223,恒通股份,上证,日线,启明星,Morning Star,看涨,2026-08-12,85.3,0.61,10.91,1.21,3,否
603848,好太太,上证,日线,看涨吞没,Bullish Engulfing,看涨,2026-08-10,82.3,0.55,13.43,1.21,2,否
002069,獐子岛,深证,日线,看涨吞没,Bullish Engulfing,看涨,2026-08-12,84,1.15,3.38,1.2,2,否
002733,雄韬股份,深证,日线,看涨吞没,Bullish Engulfing,看涨,2026-08-12,100,0.65,19.39,1.2,11,否
300272,开能健康,创业,日线,看涨吞没,Bullish Engulfing,看涨,2026-08-12,78.7,0.94,5.91,1.2,1,否
300686,智动力,创业,日线,看涨吞没,Bullish Engulfing,看涨,2026-08-12,89.1,0.97,15.99,1.2,2,否
300968,格林精密,创业,日线,看涨吞没,Bullish Engulfing,看涨,2026-08-10,88.6,0.43,10.99,1.2,1,是
600691,潞化科技,上证,日线,看涨吞没,Bullish Engulfing,看涨,2026-08-12,72,0.62,2.53,1.2,9,否
002125,湘潭电化,深证,日线,看涨吞没,Bullish Engulfing,看涨,2026-08-12,71.1,0.74,12.78,1.19,4,否
002239,奥特佳,深证,日线,看涨吞没,Bullish Engulfing,看涨,2026-08-12,84,0.87,2.55,1.19,2,否
002522,浙江众成,深证,日线,看涨吞没,Bullish Engulfing,看涨,2026-08-12,91,0.7,5.1,1.19,7,是
300726,宏达电子,创业,日线,看涨吞没,Bullish Engulfing,看涨,2026-08-11,100,1.49,55.09,1.19,3,是
300843,胜蓝股份,创业,日线,看涨吞没,Bullish Engulfing,看涨,2026-08-12,100,0.85,125.43,1.19,1,否
301616,浙江华业,创业,日线,看涨吞没,Bullish Engulfing,看涨,2026-08-12,73.4,0.86,35.66,1.19,0,否
600630,龙头股份,上证,日线,看涨吞没,Bullish Engulfing,看涨,2026-08-12,85.3,0.62,6.8,1.19,1,是
601018,宁波港,上证,日线,看涨吞没,Bullish Engulfing,看涨,2026-08-10,85.7,0.8,3.39,1.19,0,是
000516,国际医学,深证,周线,看涨吞没,Bullish Engulfing,看涨,2026-08-14,100,0.98,4.3,1.18,5,是
002368,太极股份,深证,日线,看涨吞没,Bullish Engulfing,看涨,2026-08-12,92,0.79,14.59,1.18,0,是
002481,双塔食品,深证,日线,看涨吞没,Bullish Engulfing,看涨,2026-08-12,87,0.84,4.28,1.18,1,是
300556,丝路视觉,创业,日线,看涨吞没,Bullish Engulfing,看涨,2026-08-10,84.7,0.7,16.23,1.18,0,是
600335,国机汽车,上证,日线,看涨吞没,Bullish Engulfing,看涨,2026-08-10,87,0.88,5.16,1.18,0,是
601155,新城控股,上证,周线,看涨吞没,Bullish Engulfing,看涨,2026-08-14,100,1.91,11.15,1.18,2,是
605069,正和生态,上证,日线,看涨吞没,Bullish Engulfing,看涨,2026-08-12,98,0.46,11.16,1.18,10,否
688301,奕瑞科技,科创,日线,启明星,Morning Star,看涨,2026-08-12,100,0.63,94.54,1.18,0,是
000612,焦作万方,深证,周线,启明星,Morning Star,看涨,2026-07-24,94.5,0.95,10.41,1.17,3,否
000670,盈方微,深证,日线,看涨吞没,Bullish Engulfing,看涨,2026-08-10,100,0.63,6.92,1.17,10,是
002019,亿帆医药,深证,日线,看涨吞没,Bullish Engulfing,看涨,2026-08-12,100,1.14,10.41,1.17,0,是
002907,华森制药,深证,日线,启明星,Morning Star,看涨,2026-08-13,100,0.94,13.87,1.17,3,是
002909,集泰股份,深证,日线,看涨吞没,Bullish Engulfing,看涨,2026-08-12,72,0.54,5.21,1.17,4,否
300160,秀强股份,创业,周线,看涨吞没,Bullish Engulfing,看涨,2026-08-14,100,0.6,4.34,1.17,0,是
300498,温氏股份,创业,日线,看涨吞没,Bullish Engulfing,看涨,2026-08-13,100,1.02,13.8,1.17,0,是
301069,凯盛新材,创业,日线,看涨吞没,Bullish Engulfing,看涨,2026-08-12,72.5,0.75,17.25,1.17,0,否
600273,嘉化能源,上证,日线,看涨吞没,Bullish Engulfing,看涨,2026-08-10,100,1.02,6.93,1.17,2,否
688351,微电生理,科创,日线,看涨吞没,Bullish Engulfing,看涨,2026-08-12,80.7,0.99,20.8,1.17,0,否
301097,天益医疗,创业,日线,看涨吞没,Bullish Engulfing,看涨,2026-08-12,97.4,0.54,34.97,1.16,1,是
300455,航天智装,创业,日线,看涨吞没,Bullish Engulfing,看涨,2026-08-12,100,0.8,19.42,1.15,2,否
601200,上海环境,上证,日线,看涨吞没,Bullish Engulfing,看涨,2026-08-10,87.8,0.99,7.06,1.15,0,是
603332,苏州龙杰,上证,日线,看涨吞没,Bullish Engulfing,看涨,2026-08-12,100,0.61,11.39,1.15,3,否
000055,方大集团,深证,日线,看涨吞没,Bullish Engulfing,看涨,2026-08-12,92,0.86,3.54,1.14,2,否
000800,一汽解放,深证,周线,看涨吞没,Bullish Engulfing,看涨,2026-07-17,100,1.02,6.21,1.14,0,是
002048,宁波华翔,深证,日线,看涨吞没,Bullish Engulfing,看涨,2026-08-11,96.8,0.94,19.49,1.14,4,是
002061,浙江交科,深证,日线,看涨吞没,Bullish Engulfing,看涨,2026-08-10,88.3,0.96,3.55,1.14,0,是
002597,金禾实业,深证,日线,看涨吞没,Bullish Engulfing,看涨,2026-08-12,100,0.9,20.36,1.14,3,是
002675,东诚药业,深证,日线,看涨吞没,Bullish Engulfing,看涨,2026-08-11,90.2,1.02,13.34,1.14,1,是
300070,碧水源,创业,日线,看涨吞没,Bullish Engulfing,看涨,2026-08-12,100,0.83,3.54,1.14,0,是
000803,山高环能,深证,日线,看涨吞没,Bullish Engulfing,看涨,2026-08-10,91,0.6,7.17,1.13,6,是
001238,浙江正特,深证,日线,看涨吞没,Bullish Engulfing,看涨,2026-08-14,69.8,0.84,25,1.13,1,否
003022,联泓新科,深证,日线,看涨吞没,Bullish Engulfing,看涨,2026-08-12,84.7,0.63,20.64,1.13,6,是
300183,东软载波,创业,日线,看涨吞没,Bullish Engulfing,看涨,2026-08-12,78.3,0.5,10.7,1.13,0,否
300232,洲明科技,创业,日线,看涨吞没,Bullish Engulfing,看涨,2026-08-12,84.3,0.64,5.35,1.13,0,是
301106,骏成科技,创业,日线,看涨吞没,Bullish Engulfing,看涨,2026-08-10,100,0.7,17.06,1.13,0,否
600830,香溢融通,上证,周线,看涨吞没,Bullish Engulfing,看涨,2026-08-14,100,0.56,8.05,1.13,1,是
000723,美锦能源,深证,日线,看涨吞没,Bullish Engulfing,看涨,2026-08-12,85.7,1,3.62,1.12,2,是
002295,精艺股份,深证,日线,看涨吞没,Bullish Engulfing,看涨,2026-08-12,87,0.49,9,1.12,7,是
300413,芒果超媒,创业,日线,看涨吞没,Bullish Engulfing,看涨,2026-08-10,77.6,0.68,16.18,1.12,0,否
300650,太龙股份,创业,日线,看涨吞没,Bullish Engulfing,看涨,2026-08-12,88,0.44,11.69,1.12,1,是
300651,金陵体育,创业,日线,看涨吞没,Bullish Engulfing,看涨,2026-08-12,70.5,0.53,18,1.12,1,否
301060,兰卫医学,创业,日线,看涨吞没,Bullish Engulfing,看涨,2026-08-12,100,1.41,9.97,1.12,2,否
301118,恒光股份,创业,日线,看涨吞没,Bullish Engulfing,看涨,2026-08-12,90.5,0.67,22.64,1.12,1,是
301609,山大电力,创业,日线,看涨吞没,Bullish Engulfing,看涨,2026-08-10,100,0.75,36.16,1.12,0,否
600569,安阳钢铁,上证,日线,看涨吞没,Bullish Engulfing,看涨,2026-08-12,84,0.94,1.81,1.12,3,否
000501,武商集团,深证,日线,看涨吞没,Bullish Engulfing,看涨,2026-08-12,89.7,0.76,7.31,1.11,1,是
000553,安道麦A,深证,日线,看涨吞没,Bullish Engulfing,看涨,2026-08-12,88.3,0.59,5.47,1.11,4,是
000819,岳阳兴长,深证,日线,看涨吞没,Bullish Engulfing,看涨,2026-08-14,92.3,0.81,11.87,1.11,3,是
002296,辉煌科技,深证,日线,看涨吞没,Bullish Engulfing,看涨,2026-08-10,92.7,1.26,9.1,1.11,2,是
002373,千方科技,深证,周线,看涨吞没,Bullish Engulfing,看涨,2026-07-24,100,1.07,7.27,1.11,0,是
300037,新宙邦,创业,日线,看涨吞没,Bullish Engulfing,看涨,2026-08-12,86.1,0.58,66.55,1.11,0,否
300296,利亚德,创业,日线,看涨吞没,Bullish Engulfing,看涨,2026-08-12,93.7,0.71,5.47,1.11,0,是
300719,安达维尔,创业,日线,看涨吞没,Bullish Engulfing,看涨,2026-08-12,100,0.86,11.8,1.11,1,否
601872,招商轮船,上证,日线,看涨吞没,Bullish Engulfing,看涨,2026-08-10,70.8,0.65,18.18,1.11,11,否
603163,圣晖集成,上证,日线,看涨吞没,Bullish Engulfing,看涨,2026-08-11,100,0.65,83.98,1.11,28,是
603528,多伦科技,上证,日线,看涨吞没,Bullish Engulfing,看涨,2026-08-10,84.1,0.57,6.38,1.11,4,是
000899,赣能股份,深证,日线,看涨吞没,Bullish Engulfing,看涨,2026-08-10,91,0.6,11.04,1.1,6,是
002423,中粮资本,深证,日线,看涨吞没,Bullish Engulfing,看涨,2026-08-10,100,0.71,9.21,1.1,3,是
301255,通力科技,创业,日线,看涨吞没,Bullish Engulfing,看涨,2026-08-12,100,0.66,21.16,1.1,1,是
301680,固德电材,创业,日线,看涨吞没,Bullish Engulfing,看涨,2026-08-13,99.6,0.9,92.2,1.1,1,是
605155,西大门,上证,日线,看涨吞没,Bullish Engulfing,看涨,2026-08-14,69.1,0.62,14.76,1.1,3,否
000900,现代投资,深证,日线,看涨吞没,Bullish Engulfing,看涨,2026-08-10,88.3,0.94,3.7,1.09,0,是
002419,天虹股份,深证,日线,看涨吞没,Bullish Engulfing,看涨,2026-08-12,95,1.02,4.63,1.09,0,是
601518,吉林高速,上证,日线,看涨吞没,Bullish Engulfing,看涨,2026-08-10,100,0.76,2.79,1.09,0,是
603271,永杰新材,上证,日线,看涨吞没,Bullish Engulfing,看涨,2026-08-14,99.9,0.47,42.56,1.09,2,是
000528,柳 工,深证,日线,看涨吞没,Bullish Engulfing,看涨,2026-08-10,100,0.85,8.45,1.08,0,否
000937,冀中能源,深证,日线,看涨吞没,Bullish Engulfing,看涨,2026-08-14,71.2,0.63,4.7,1.08,0,否
300652,雷迪克,创业,日线,看涨吞没,Bullish Engulfing,看涨,2026-08-10,88.5,0.64,29.94,1.08,2,是
600778,友好集团,上证,日线,看涨吞没,Bullish Engulfing,看涨,2026-08-12,100,0.65,5.62,1.08,2,否
601568,北元化工,上证,日线,看涨吞没,Bullish Engulfing,看涨,2026-08-10,100,0.88,3.76,1.08,0,是
601600,XD中国铝,上证,周线,看涨吞没,Bullish Engulfing,看涨,2026-07-17,100,1.23,8.44,1.08,3,否
603810,丰山集团,上证,日线,看涨吞没,Bullish Engulfing,看涨,2026-08-12,91,0.55,12.21,1.08,4,是
002519,银河电子,深证,日线,看涨吞没,Bullish Engulfing,看涨,2026-08-12,78.7,0.75,5.68,1.07,14,否
300185,通裕重工,创业,日线,看涨吞没,Bullish Engulfing,看涨,2026-08-12,84,0.9,2.83,1.07,1,否
603092,德力佳,上证,日线,看涨吞没,Bullish Engulfing,看涨,2026-08-12,71.9,0.66,50.24,1.07,2,否
603988,中电电机,上证,日线,看涨吞没,Bullish Engulfing,看涨,2026-08-12,92.7,0.9,23.61,1.07,13,是
603999,读者传媒,上证,日线,看涨吞没,Bullish Engulfing,看涨,2026-08-12,89.4,0.84,5.65,1.07,3,是
002869,金溢科技,深证,日线,看涨吞没,Bullish Engulfing,看涨,2026-08-12,95.8,0.54,16.26,1.06,2,是
300459,汤姆猫,创业,日线,看涨吞没,Bullish Engulfing,看涨,2026-08-10,88.3,0.64,3.82,1.06,0,是
300488,恒锋工具,创业,日线,看涨吞没,Bullish Engulfing,看涨,2026-08-12,100,0.67,32.35,1.06,1,是
301058,中粮科工,创业,日线,看涨吞没,Bullish Engulfing,看涨,2026-08-10,100,1.47,8.59,1.06,0,是
600004,白云机场,上证,日线,看涨吞没,Bullish Engulfing,看涨,2026-08-10,84.1,0.65,7.66,1.06,0,是
600714,金瑞矿业,上证,日线,看涨吞没,Bullish Engulfing,看涨,2026-08-12,76,0.62,15.28,1.06,11,否
601398,工商银行,上证,日线,看涨吞没,Bullish Engulfing,看涨,2026-08-13,94.2,0.83,7.6,1.06,0,是
601998,中信银行,上证,日线,看涨吞没,Bullish Engulfing,看涨,2026-08-12,100,0.64,7.6,1.06,0,是
603132,金徽股份,上证,日线,看涨吞没,Bullish Engulfing,看涨,2026-08-11,83.2,1.66,19,1.06,5,否
603648,XD畅联股,上证,日线,看涨吞没,Bullish Engulfing,看涨,2026-08-12,68.8,0.64,9.49,1.06,0,否
605136,丽人丽妆,上证,日线,看涨吞没,Bullish Engulfing,看涨,2026-08-12,100,0.59,8.56,1.06,7,否
000815,美利云,深证,日线,看涨吞没,Bullish Engulfing,看涨,2026-08-10,100,1.29,18.22,1.05,19,否
002192,融捷股份,深证,日线,看涨吞没,Bullish Engulfing,看涨,2026-08-13,100,0.83,70.95,1.05,11,是
301162,国能日新,创业,日线,看涨吞没,Bullish Engulfing,看涨,2026-08-12,100,0.47,41.53,1.05,0,是
600408,安泰集团,上证,日线,看涨吞没,Bullish Engulfing,看涨,2026-08-12,84,0.8,2.89,1.05,21,否
601066,中信建投,上证,周线,看涨吞没,Bullish Engulfing,看涨,2026-08-07,91.5,0.7,26.04,1.05,1,否
603285,键邦股份,上证,日线,看涨吞没,Bullish Engulfing,看涨,2026-08-14,77.4,1.15,33.7,1.05,11,否
603322,超讯科技,上证,日线,看涨吞没,Bullish Engulfing,看涨,2026-08-12,69.7,0.5,27.03,1.05,6,否
000012,南 玻Ａ,深证,日线,看涨吞没,Bullish Engulfing,看涨,2026-08-12,91,0.86,3.89,1.04,6,是
002344,海宁皮城,深证,日线,看涨吞没,Bullish Engulfing,看涨,2026-08-12,100,0.88,3.89,1.04,1,是
301601,惠通科技,创业,日线,看涨吞没,Bullish Engulfing,看涨,2026-08-12,100,0.59,16.48,1.04,0,是
600007,中国国贸,上证,日线,看涨吞没,Bullish Engulfing,看涨,2026-08-10,83.2,1.08,18.49,1.04,0,否
600694,大商股份,上证,日线,看涨吞没,Bullish Engulfing,看涨,2026-08-10,89.2,1.04,14.58,1.04,1,是
600917,重庆燃气,上证,日线,看涨吞没,Bullish Engulfing,看涨,2026-08-10,100,1.16,4.87,1.04,1,否
603260,合盛硅业,上证,日线,看涨吞没,Bullish Engulfing,看涨,2026-08-12,100,0.75,35.9,1.04,4,是
688139,海尔生物,科创,日线,看涨吞没,Bullish Engulfing,看涨,2026-08-13,78.2,1.09,29.1,1.04,0,否
002561,徐家汇,深证,日线,看涨吞没,Bullish Engulfing,看涨,2026-08-12,84.3,0.98,6.84,1.03,0,是
300349,金卡智能,创业,日线,看涨吞没,Bullish Engulfing,看涨,2026-08-12,86.6,0.66,10.74,1.03,1,是
600515,海南机场,上证,日线,看涨吞没,Bullish Engulfing,看涨,2026-08-12,72,0.81,2.94,1.03,1,否
601633,长城汽车,上证,日线,看涨吞没,Bullish Engulfing,看涨,2026-08-12,86.6,0.69,15.75,1.03,0,是
603015,弘讯科技,上证,日线,看涨吞没,Bullish Engulfing,看涨,2026-08-12,83.8,0.71,10.81,1.03,6,是
688638,誉辰智能,科创,日线,看涨吞没,Bullish Engulfing,看涨,2026-08-12,96,0.55,33.38,1.03,1,否
000830,鲁西化工,深证,日线,看涨吞没,Bullish Engulfing,看涨,2026-08-10,100,1.21,12.9,1.02,2,是
001390,古麒绒材,深证,周线,看涨吞没,Bullish Engulfing,看涨,2026-08-14,100,0.65,17.8,1.02,2,是
002157,正邦科技,深证,日线,看涨吞没,Bullish Engulfing,看涨,2026-08-12,87,1.01,2.98,1.02,2,是
002609,捷顺科技,深证,日线,看涨吞没,Bullish Engulfing,看涨,2026-08-10,100,0.93,7.93,1.02,1,是
002786,银宝山新,深证,日线,看涨吞没,Bullish Engulfing,看涨,2026-08-12,100,0.69,7.9,1.02,3,是
300839,博汇股份,创业,日线,看涨吞没,Bullish Engulfing,看涨,2026-08-12,83,0.58,10.92,1.02,2,否
688330,宏力达,科创,日线,看涨吞没,Bullish Engulfing,看涨,2026-08-12,86.2,0.74,33.69,1.02,1,否
000555,神州信息,深证,日线,看涨吞没,Bullish Engulfing,看涨,2026-08-11,71.6,1.01,10.98,1.01,7,否
000568,泸州老窖,深证,日线,看涨吞没,Bullish Engulfing,看涨,2026-08-12,100,0.78,91.09,1.01,1,是
002983,芯瑞达,深证,日线,看涨吞没,Bullish Engulfing,看涨,2026-08-12,90.7,0.54,19.99,1.01,4,否
003003,天元股份,深证,日线,看涨吞没,Bullish Engulfing,看涨,2026-08-12,100,0.63,10.97,1.01,2,是
300219,鸿利智汇,创业,日线,看涨吞没,Bullish Engulfing,看涨,2026-08-11,100,0.93,7,1.01,0,否
001225,和泰机电,深证,日线,看涨吞没,Bullish Engulfing,看涨,2026-08-10,100,1.14,45.49,1,11,否
300822,贝仕达克,创业,日线,看涨吞没,Bullish Engulfing,看涨,2026-08-10,100,0.95,12.07,1,0,是
300955,嘉亨家化,创业,日线,看涨吞没,Bullish Engulfing,看涨,2026-08-11,92.6,0.65,31.31,1,3,是
600029,南方航空,上证,周线,看涨吞没,Bullish Engulfing,看涨,2026-07-24,87.4,0.69,5.04,1,0,否
002263,大东南,深证,日线,看涨吞没,Bullish Engulfing,看涨,2026-08-10,76,0.95,3.07,0.99,11,否
002307,北新路桥,深证,日线,看涨吞没,Bullish Engulfing,看涨,2026-08-12,95,0.82,3.07,0.99,7,是
003009,中天火箭,深证,日线,看涨吞没,Bullish Engulfing,看涨,2026-08-12,100,0.48,50.07,0.99,13,是
603288,海天味业,上证,日线,看涨吞没,Bullish Engulfing,看涨,2026-08-10,100,0.81,36.78,0.99,0,是
605158,华达新材,上证,日线,看涨吞没,Bullish Engulfing,看涨,2026-08-14,89,0.74,7.16,0.99,3,是
688060,云涌科技,科创,日线,看涨吞没,Bullish Engulfing,看涨,2026-08-14,84.4,0.73,34.61,0.99,0,否
000701,厦门信达,深证,日线,看涨吞没,Bullish Engulfing,看涨,2026-08-12,95,0.59,5.13,0.98,2,是
001256,炜冈科技,深证,日线,看涨吞没,Bullish Engulfing,看涨,2026-08-12,75,0.56,27.71,0.98,3,否
002429,兆驰股份,深证,日线,启明星,Morning Star,看涨,2026-08-12,100,0.63,8.26,0.98,9,是
300144,宋城演艺,创业,日线,看涨吞没,Bullish Engulfing,看涨,2026-08-10,99,0.81,6.2,0.98,0,是
300159,新研股份,创业,日线,看涨吞没,Bullish Engulfing,看涨,2026-08-12,72,0.76,3.08,0.98,0,否
300690,双一科技,创业,日线,看涨吞没,Bullish Engulfing,看涨,2026-08-10,83.4,0.79,21.69,0.98,1,是
301185,鸥玛软件,创业,周线,看涨吞没,Bullish Engulfing,看涨,2026-07-24,100,0.76,15.53,0.98,0,是
600138,中青旅,上证,日线,看涨吞没,Bullish Engulfing,看涨,2026-08-12,84,0.94,7.19,0.98,0,否
600261,阳光照明,上证,日线,看涨吞没,Bullish Engulfing,看涨,2026-08-14,95,1.57,3.1,0.98,1,是
600372,中航机载,上证,周线,启明星,Morning Star,看涨,2026-07-31,100,0.78,11.34,0.98,2,是
600713,南京医药,上证,周线,看涨吞没,Bullish Engulfing,看涨,2026-07-17,100,1.42,5.14,0.98,1,是
603230,内蒙新华,上证,日线,看涨吞没,Bullish Engulfing,看涨,2026-08-12,86,0.87,9.23,0.98,0,是
688152,麒麟信安,科创,日线,看涨吞没,Bullish Engulfing,看涨,2026-08-12,86.6,0.7,28.83,0.98,0,是
002926,华西证券,深证,日线,看涨吞没,Bullish Engulfing,看涨,2026-08-10,100,0.63,8.34,0.97,0,否
300360,炬华科技,创业,日线,看涨吞没,Bullish Engulfing,看涨,2026-08-10,73,0.7,12.43,0.97,1,否
300788,中信出版,创业,周线,看涨吞没,Bullish Engulfing,看涨,2026-07-17,88.7,0.54,23.88,0.97,1,否
301238,瑞泰新材,创业,日线,看涨吞没,Bullish Engulfing,看涨,2026-08-12,80,0.51,16.71,0.97,0,否
600369,西南证券,上证,日线,看涨吞没,Bullish Engulfing,看涨,2026-08-10,91,0.7,4.15,0.97,0,是
600418,江淮汽车,上证,日线,看涨吞没,Bullish Engulfing,看涨,2026-08-11,74,0.9,24.02,0.97,3,否
600516,方大炭素,上证,日线,看涨吞没,Bullish Engulfing,看涨,2026-08-12,85,0.86,5.21,0.97,9,是
603320,迪贝电气,上证,日线,看涨吞没,Bullish Engulfing,看涨,2026-08-10,91.2,0.68,16.74,0.97,5,否
002276,万马股份,深证,日线,看涨吞没,Bullish Engulfing,看涨,2026-08-12,86,0.59,10.56,0.96,2,否
002753,永东股份,深证,日线,看涨吞没,Bullish Engulfing,看涨,2026-08-12,100,0.58,6.29,0.96,1,是
300387,富邦科技,创业,日线,看涨吞没,Bullish Engulfing,看涨,2026-08-12,93,0.76,7.34,0.96,0,是
000625,长安汽车,深证,日线,看涨吞没,Bullish Engulfing,看涨,2026-08-10,81.3,0.61,7.42,0.95,0,否
000892,欢瑞世纪,深证,日线,看涨吞没,Bullish Engulfing,看涨,2026-08-12,95,0.76,4.25,0.95,24,是
002558,巨人网络,深证,日线,看涨吞没,Bullish Engulfing,看涨,2026-08-14,76.8,0.77,28.84,0.95,7,否
002666,德联集团,深证,日线,看涨吞没,Bullish Engulfing,看涨,2026-08-14,91,0.77,4.23,0.95,2,是
300601,康泰生物,创业,日线,看涨吞没,Bullish Engulfing,看涨,2026-08-13,86.4,1.39,12.78,0.95,0,否
300838,浙江力诺,创业,日线,看涨吞没,Bullish Engulfing,看涨,2026-08-12,84.5,0.42,13.77,0.95,0,是
300869,康泰医学,创业,日线,看涨吞没,Bullish Engulfing,看涨,2026-08-14,100,1.29,11.69,0.95,0,是
600217,中再资环,上证,日线,看涨吞没,Bullish Engulfing,看涨,2026-08-12,85.7,0.62,3.19,0.95,1,是
601857,中国石油,上证,日线,看涨吞没,Bullish Engulfing,看涨,2026-08-14,100,0.52,10.66,0.95,2,是
688575,亚辉龙,科创,日线,看涨吞没,Bullish Engulfing,看涨,2026-08-12,89.4,0.77,9.54,0.95,0,是
002449,国星光电,深证,日线,看涨吞没,Bullish Engulfing,看涨,2026-08-12,85.7,0.66,6.46,0.94,3,是
300466,赛摩智能,创业,日线,看涨吞没,Bullish Engulfing,看涨,2026-08-12,100,0.68,7.5,0.94,0,是
301122,采纳股份,创业,日线,看涨吞没,Bullish Engulfing,看涨,2026-08-11,100,0.62,32.12,0.94,1,是
601900,南方传媒,上证,日线,看涨吞没,Bullish Engulfing,看涨,2026-08-10,97.3,0.72,11.84,0.94,1,否
603018,华设集团,上证,日线,看涨吞没,Bullish Engulfing,看涨,2026-08-12,100,1.12,5.37,0.94,0,否
603309,维力医疗,上证,日线,看涨吞没,Bullish Engulfing,看涨,2026-08-12,100,0.67,11.86,0.94,0,否
603311,金海高科,上证,日线,看涨吞没,Bullish Engulfing,看涨,2026-08-14,71.2,0.58,30.08,0.94,11,否
002206,海 利 得,深证,日线,看涨吞没,Bullish Engulfing,看涨,2026-08-10,88.3,0.82,5.43,0.93,0,是
600050,中国联通,上证,日线,看涨吞没,Bullish Engulfing,看涨,2026-08-14,100,0.73,4.34,0.93,0,是
603816,顾家家居,上证,日线,看涨吞没,Bullish Engulfing,看涨,2026-08-12,88.6,0.94,24.86,0.93,0,否
000955,欣龙控股,深证,日线,看涨吞没,Bullish Engulfing,看涨,2026-08-12,74,0.72,4.37,0.92,8,否
002101,广东鸿图,深证,日线,看涨吞没,Bullish Engulfing,看涨,2026-08-12,100,0.72,8.79,0.92,1,否
002148,北纬科技,深证,日线,看涨吞没,Bullish Engulfing,看涨,2026-08-12,84.6,0.58,6.56,0.92,4,是
300286,安科瑞,创业,日线,看涨吞没,Bullish Engulfing,看涨,2026-08-12,91,0.57,20.9,0.92,0,是
300474,景嘉微,创业,日线,看涨吞没,Bullish Engulfing,看涨,2026-08-12,80.7,0.86,53.61,0.92,0,否
300669,沪宁股份,创业,日线,看涨吞没,Bullish Engulfing,看涨,2026-08-11,100,0.74,22.96,0.92,1,是
301548,崇德科技,创业,日线,看涨吞没,Bullish Engulfing,看涨,2026-08-12,72.1,0.66,64.59,0.92,2,否
600109,国金证券,上证,日线,看涨吞没,Bullish Engulfing,看涨,2026-08-12,72,0.66,8.76,0.92,0,否
600519,贵州茅台,上证,日线,看涨吞没,Bullish Engulfing,看涨,2026-08-13,100,0.65,1355.29,0.92,0,是
601279,英利汽车,上证,日线,看涨吞没,Bullish Engulfing,看涨,2026-08-12,91,0.69,3.28,0.92,6,是
002523,天桥起重,深证,周线,看涨吞没,Bullish Engulfing,看涨,2026-08-14,100,1.02,3.31,0.91,4,是
002561,徐家汇,深证,周线,看涨吞没,Bullish Engulfing,看涨,2026-08-14,100,1.03,6.66,0.91,0,是
300135,宝利国际,创业,日线,看涨吞没,Bullish Engulfing,看涨,2026-08-12,91,0.69,3.36,0.9,0,是
000001,平安银行,深证,日线,看涨吞没,Bullish Engulfing,看涨,2026-08-10,97,0.69,11.29,0.89,0,是
000415,渤海租赁,深证,日线,看涨吞没,Bullish Engulfing,看涨,2026-08-14,95,0.72,4.51,0.89,1,是
002210,飞马国际,深证,周线,看涨吞没,Bullish Engulfing,看涨,2026-08-14,100,0.7,2.26,0.89,10,是
300046,台基股份,创业,日线,看涨吞没,Bullish Engulfing,看涨,2026-08-12,75.1,0.58,24.81,0.89,0,否
600800,渤海化学,上证,日线,看涨吞没,Bullish Engulfing,看涨,2026-08-12,100,0.67,3.4,0.89,9,是
601390,中国中铁,上证,日线,看涨吞没,Bullish Engulfing,看涨,2026-08-10,76,0.76,4.52,0.89,1,否
601997,贵阳银行,上证,日线,看涨吞没,Bullish Engulfing,看涨,2026-08-10,84,0.76,5.64,0.89,0,否
603025,大豪科技,上证,日线,看涨吞没,Bullish Engulfing,看涨,2026-08-10,84.6,0.78,13.54,0.89,5,是
688529,豪森智能,科创,日线,看涨吞没,Bullish Engulfing,看涨,2026-08-10,77,0.84,15.85,0.89,0,否
688581,安杰思,科创,日线,看涨吞没,Bullish Engulfing,看涨,2026-08-10,95.6,1.82,53.4,0.89,0,是
002863,今飞凯达,深证,日线,看涨吞没,Bullish Engulfing,看涨,2026-08-12,100,0.69,4.58,0.88,1,否
300030,阳普医疗,创业,日线,看涨吞没,Bullish Engulfing,看涨,2026-08-12,87,0.56,6.88,0.88,0,是
300832,新产业,创业,周线,看涨吞没,Bullish Engulfing,看涨,2026-08-07,100,1.04,48.29,0.88,0,是
603032,德新科技,上证,日线,看涨吞没,Bullish Engulfing,看涨,2026-08-11,80.5,0.83,19.56,0.88,7,否
603195,公牛集团,上证,日线,看涨吞没,Bullish Engulfing,看涨,2026-08-10,92.7,0.81,41.05,0.88,0,否
000707,双环科技,深证,日线,看涨吞没,Bullish Engulfing,看涨,2026-08-12,70.7,0.6,4.62,0.87,0,否
600000,浦发银行,上证,日线,看涨吞没,Bullish Engulfing,看涨,2026-08-10,89.4,0.71,9.29,0.87,0,是
600035,楚天高速,上证,日线,看涨吞没,Bullish Engulfing,看涨,2026-08-10,76,0.86,3.47,0.87,0,否
600170,上海建工,上证,日线,看涨吞没,Bullish Engulfing,看涨,2026-08-12,84,0.92,2.33,0.87,7,否
600523,贵航股份,上证,日线,看涨吞没,Bullish Engulfing,看涨,2026-08-12,76,0.61,11.56,0.87,0,否
301113,雅艺科技,创业,日线,看涨吞没,Bullish Engulfing,看涨,2026-08-12,100,0.64,16.46,0.86,0,是
601898,中煤能源,上证,日线,看涨吞没,Bullish Engulfing,看涨,2026-08-14,72,0.69,14.05,0.86,2,否
002399,海普瑞,深证,日线,看涨吞没,Bullish Engulfing,看涨,2026-08-13,83.6,2.29,10.73,0.85,1,否
002537,海联金汇,深证,日线,看涨吞没,Bullish Engulfing,看涨,2026-08-12,84,0.49,5.92,0.85,1,否
300510,金冠股份,创业,日线,看涨吞没,Bullish Engulfing,看涨,2026-08-12,100,0.64,3.54,0.85,1,是
601016,节能风电,上证,日线,看涨吞没,Bullish Engulfing,看涨,2026-08-10,91,0.67,3.58,0.85,9,是
000985,大庆华科,深证,日线,看涨吞没,Bullish Engulfing,看涨,2026-08-12,75.2,0.64,15.53,0.84,3,否
002632,道明光学,深证,日线,看涨吞没,Bullish Engulfing,看涨,2026-08-12,100,0.38,8.43,0.84,11,是
300187,永清环保,创业,日线,看涨吞没,Bullish Engulfing,看涨,2026-08-12,100,0.58,4.81,0.84,1,否
301076,新瀚新材,创业,日线,看涨吞没,Bullish Engulfing,看涨,2026-08-12,87,0.45,22.71,0.84,1,是
600155,华创云信,上证,日线,看涨吞没,Bullish Engulfing,看涨,2026-08-11,87,1,5.97,0.84,0,是
600649,城投控股,上证,周线,看涨吞没,Bullish Engulfing,看涨,2026-07-17,100,0.65,3.6,0.84,3,否
688038,中科通达,科创,日线,看涨吞没,Bullish Engulfing,看涨,2026-08-14,95,0.51,18.08,0.84,0,是
688616,西力科技,科创,日线,看涨吞没,Bullish Engulfing,看涨,2026-08-12,78.7,0.74,10.83,0.84,0,否
688680,海优新材,科创,日线,看涨吞没,Bullish Engulfing,看涨,2026-08-12,100,0.95,35.93,0.84,1,否
002752,昇兴股份,深证,日线,看涨吞没,Bullish Engulfing,看涨,2026-08-12,69.6,0.62,6.04,0.83,8,否
002761,浙江建投,深证,日线,看涨吞没,Bullish Engulfing,看涨,2026-08-12,84,0.88,7.32,0.83,1,否
000008,神州高铁,深证,日线,看涨吞没,Bullish Engulfing,看涨,2026-08-12,99,0.85,2.46,0.82,5,是
300982,苏文电能,创业,日线,看涨吞没,Bullish Engulfing,看涨,2026-08-12,100,0.87,15.97,0.82,2,是
301327,华宝新能,创业,日线,看涨吞没,Bullish Engulfing,看涨,2026-08-12,87.1,0.87,45.65,0.82,0,是
600031,三一重工,上证,日线,看涨吞没,Bullish Engulfing,看涨,2026-08-10,91.7,0.81,19.74,0.82,0,是
603392,万泰生物,上证,日线,看涨吞没,Bullish Engulfing,看涨,2026-08-11,100,1.06,30.71,0.82,0,否
688560,明冠新材,科创,日线,看涨吞没,Bullish Engulfing,看涨,2026-08-12,91,0.49,12.3,0.82,2,是
688788,科思科技,科创,日线,看涨吞没,Bullish Engulfing,看涨,2026-08-12,100,0.43,30.78,0.82,0,是
002049,紫光国微,深证,周线,看涨吞没,Bullish Engulfing,看涨,2026-07-31,87.7,0.77,65.02,0.81,1,否
300670,大烨智能,创业,日线,看涨吞没,Bullish Engulfing,看涨,2026-08-14,71.2,0.73,6.23,0.81,0,否
301325,曼恩斯特,创业,日线,看涨吞没,Bullish Engulfing,看涨,2026-08-12,98.9,0.49,32.36,0.81,0,否
600420,国药现代,上证,日线,看涨吞没,Bullish Engulfing,看涨,2026-08-13,93,1.17,8.72,0.81,0,是
601918,新集能源,上证,日线,看涨吞没,Bullish Engulfing,看涨,2026-08-13,80,0.75,9.97,0.81,1,否
000507,珠海港,深证,日线,看涨吞没,Bullish Engulfing,看涨,2026-08-12,88.3,0.73,5.03,0.8,0,是
300957,贝泰妮,创业,日线,看涨吞没,Bullish Engulfing,看涨,2026-08-12,93.9,0.8,33.9,0.8,0,是
301300,远翔新材,创业,日线,看涨吞没,Bullish Engulfing,看涨,2026-08-12,100,0.58,31.61,0.8,0,是
300515,三德科技,创业,周线,启明星,Morning Star,看涨,2026-07-31,100,2.49,15.25,0.79,1,否
300910,瑞丰新材,创业,日线,看涨吞没,Bullish Engulfing,看涨,2026-08-10,91.7,1,29.38,0.79,0,是
600816,建元信托,上证,日线,看涨吞没,Bullish Engulfing,看涨,2026-08-12,72,0.8,2.55,0.79,2,否
600900,长江电力,上证,日线,看涨吞没,Bullish Engulfing,看涨,2026-08-13,93.3,0.52,28.24,0.79,0,是
603136,天目湖,上证,周线,看涨吞没,Bullish Engulfing,看涨,2026-08-14,100,0.85,8.98,0.79,0,是
002142,宁波银行,深证,日线,看涨吞没,Bullish Engulfing,看涨,2026-08-13,100,0.56,32.29,0.78,0,是
600284,浦东建设,上证,日线,看涨吞没,Bullish Engulfing,看涨,2026-08-10,87,0.6,5.17,0.78,4,是
600458,时代新材,上证,日线,启明星,Morning Star,看涨,2026-08-10,84.1,0.52,11.67,0.78,3,否
002181,粤 传 媒,深证,日线,看涨吞没,Bullish Engulfing,看涨,2026-08-10,87.8,0.98,9.2,0.77,20,是
002928,华夏航空,深证,日线,看涨吞没,Bullish Engulfing,看涨,2026-08-10,72.8,0.61,6.58,0.77,4,否
300371,汇中股份,创业,日线,看涨吞没,Bullish Engulfing,看涨,2026-08-12,99,0.57,10.43,0.77,0,是
300536,农尚环境,创业,日线,看涨吞没,Bullish Engulfing,看涨,2026-08-11,100,0.76,9.11,0.77,2,否
002373,千方科技,深证,日线,看涨吞没,Bullish Engulfing,看涨,2026-08-12,91,0.63,7.94,0.76,0,是
601311,骆驼股份,上证,日线,看涨吞没,Bullish Engulfing,看涨,2026-08-10,100,0.83,7.93,0.76,0,是
601555,东吴证券,上证,日线,看涨吞没,Bullish Engulfing,看涨,2026-08-12,72,0.52,8,0.76,0,否
603237,五芳斋,上证,日线,看涨吞没,Bullish Engulfing,看涨,2026-08-12,74.9,0.52,14.65,0.76,0,否
603370,华新精科,上证,日线,看涨吞没,Bullish Engulfing,看涨,2026-08-14,94.4,0.79,34.67,0.76,2,是
002500,山西证券,深证,日线,看涨吞没,Bullish Engulfing,看涨,2026-08-10,91,0.68,5.38,0.75,0,是
300243,瑞丰高材,创业,日线,看涨吞没,Bullish Engulfing,看涨,2026-08-12,84,0.55,14.75,0.75,2,否
300550,和仁科技,创业,日线,看涨吞没,Bullish Engulfing,看涨,2026-08-14,72,0.81,12.08,0.75,0,否
300741,华宝股份,创业,日线,看涨吞没,Bullish Engulfing,看涨,2026-08-12,85,0.62,13.52,0.75,0,是
301192,泰祥股份,创业,日线,看涨吞没,Bullish Engulfing,看涨,2026-08-12,100,0.67,20.17,0.75,0,是
000524,岭南控股,深证,日线,看涨吞没,Bullish Engulfing,看涨,2026-08-12,92.6,0.53,9.52,0.74,2,是
000532,华金资本,深证,日线,看涨吞没,Bullish Engulfing,看涨,2026-08-12,81.3,0.5,10.92,0.74,3,否
002489,浙江永强,深证,月线,看涨吞没,Bullish Engulfing,看涨,2026-08-14,100,0.25,2.72,0.74,0,是
002550,千红制药,深证,日线,看涨吞没,Bullish Engulfing,看涨,2026-08-12,100,0.83,6.83,0.74,1,是
600196,复星医药,上证,日线,看涨吞没,Bullish Engulfing,看涨,2026-08-13,96.4,1.25,24.43,0.74,0,否
603659,璞泰来,上证,日线,看涨吞没,Bullish Engulfing,看涨,2026-08-12,85.7,0.64,24.39,0.74,3,是
688506,百利天恒,科创,日线,看涨吞没,Bullish Engulfing,看涨,2026-08-13,78.3,0.97,309,0.74,0,否
000708,中信特钢,深证,日线,看涨吞没,Bullish Engulfing,看涨,2026-08-14,90.1,0.75,13.79,0.73,0,是
002053,云南能投,深证,日线,看涨吞没,Bullish Engulfing,看涨,2026-08-10,100,0.73,9.71,0.73,9,是
002111,威海广泰,深证,月线,启明星,Morning Star,看涨,2026-08-14,100,0.38,9.62,0.73,1,是
002653,海思科,深证,日线,看涨吞没,Bullish Engulfing,看涨,2026-08-14,100,0.53,69.38,0.73,2,是
688739,成大生物,科创,日线,看涨吞没,Bullish Engulfing,看涨,2026-08-13,100,1.51,20.83,0.73,0,是
000931,中 关 村,深证,日线,看涨吞没,Bullish Engulfing,看涨,2026-08-12,80,0.57,4.22,0.72,0,否
300299,富春股份,创业,日线,看涨吞没,Bullish Engulfing,看涨,2026-08-12,91,0.58,5.59,0.72,0,是
300447,全信股份,创业,日线,看涨吞没,Bullish Engulfing,看涨,2026-08-12,72.8,0.52,13.9,0.72,0,否
600025,华能水电,上证,日线,看涨吞没,Bullish Engulfing,看涨,2026-08-10,85.3,0.57,9.74,0.72,0,是
600918,中泰证券,上证,日线,看涨吞没,Bullish Engulfing,看涨,2026-08-10,100,0.41,5.6,0.72,0,是
601319,中国人保,上证,日线,启明星,Morning Star,看涨,2026-08-13,100,0.63,7.03,0.72,0,是
603999,读者传媒,上证,周线,看涨吞没,Bullish Engulfing,看涨,2026-08-14,100,0.88,5.56,0.72,3,是
002105,信隆健康,深证,日线,看涨吞没,Bullish Engulfing,看涨,2026-08-12,70.7,0.42,5.69,0.71,3,否
003019,宸展光电,深证,日线,看涨吞没,Bullish Engulfing,看涨,2026-08-12,97.9,0.44,24.03,0.71,2,是
300230,永利股份,创业,日线,看涨吞没,Bullish Engulfing,看涨,2026-08-12,88.3,0.75,4.28,0.71,0,是
300452,山河药辅,创业,日线,看涨吞没,Bullish Engulfing,看涨,2026-08-12,94.4,0.67,12.8,0.71,1,是
301119,正强股份,创业,日线,看涨吞没,Bullish Engulfing,看涨,2026-08-10,86.7,0.69,21.27,0.71,1,否
688063,派能科技,科创,日线,看涨吞没,Bullish Engulfing,看涨,2026-08-11,76.3,0.8,45.25,0.71,1,否
000738,航发控制,深证,日线,看涨吞没,Bullish Engulfing,看涨,2026-08-12,100,0.58,18.61,0.7,3,是
002773,康弘药业,深证,日线,看涨吞没,Bullish Engulfing,看涨,2026-08-11,100,1.13,23.02,0.7,2,是
600755,厦门国贸,上证,日线,启明星,Morning Star,看涨,2026-08-10,92,0.71,5.77,0.7,3,否
603808,歌力思,上证,日线,看涨吞没,Bullish Engulfing,看涨,2026-08-12,100,0.94,8.66,0.7,4,否
000037,深南电A,深证,日线,看涨吞没,Bullish Engulfing,看涨,2026-08-12,100,0.52,10.2,0.69,11,是
001277,速达股份,深证,日线,看涨吞没,Bullish Engulfing,看涨,2026-08-12,93.6,0.58,29.33,0.69,3,否
002072,凯瑞德,深证,日线,看涨吞没,Bullish Engulfing,看涨,2026-08-12,76,0.37,7.31,0.69,7,否
003037,三和管桩,深证,日线,看涨吞没,Bullish Engulfing,看涨,2026-08-12,99,0.64,5.82,0.69,1,是
002011,盾安环境,深证,日线,看涨吞没,Bullish Engulfing,看涨,2026-08-10,84.3,0.79,10.42,0.68,1,是
002606,大连电瓷,深证,日线,看涨吞没,Bullish Engulfing,看涨,2026-08-12,71.6,0.55,14.71,0.68,9,否
300171,东富龙,创业,周线,看涨吞没,Bullish Engulfing,看涨,2026-07-24,100,1.49,11.76,0.68,0,否
301378,通达海,创业,日线,看涨吞没,Bullish Engulfing,看涨,2026-08-12,80.6,0.61,26.63,0.68,4,否
601880,辽港股份,上证,日线,看涨吞没,Bullish Engulfing,看涨,2026-08-12,76,0.49,1.47,0.68,0,否
688819,天能股份,科创,日线,看涨吞没,Bullish Engulfing,看涨,2026-08-12,100,0.63,22.33,0.68,0,否
000563,陕国投Ａ,深证,日线,看涨吞没,Bullish Engulfing,看涨,2026-08-10,91,0.85,3.01,0.67,0,是
000591,太阳能,深证,日线,看涨吞没,Bullish Engulfing,看涨,2026-08-10,91,0.79,4.48,0.67,3,是
002243,力合科创,深证,日线,看涨吞没,Bullish Engulfing,看涨,2026-08-14,91,0.7,7.51,0.67,2,是
002430,杭氧股份,深证,日线,看涨吞没,Bullish Engulfing,看涨,2026-08-12,76.8,0.53,23.92,0.67,3,否
301505,苏州规划,创业,日线,看涨吞没,Bullish Engulfing,看涨,2026-08-12,77.3,0.51,16.61,0.67,0,否
600780,通宝能源,上证,日线,看涨吞没,Bullish Engulfing,看涨,2026-08-10,76,0.61,6.03,0.67,1,否
603520,司太立,上证,日线,看涨吞没,Bullish Engulfing,看涨,2026-08-12,100,0.55,9.06,0.67,4,否
605198,安德利,上证,日线,看涨吞没,Bullish Engulfing,看涨,2026-08-14,85.7,0.7,67.75,0.67,7,是
002949,华阳国际,深证,日线,看涨吞没,Bullish Engulfing,看涨,2026-08-12,93,0.68,10.68,0.66,2,是
301565,中仑新材,创业,日线,看涨吞没,Bullish Engulfing,看涨,2026-08-10,88,0.77,19.75,0.66,1,是
603344,星德胜,上证,日线,看涨吞没,Bullish Engulfing,看涨,2026-08-10,100,1.28,22.74,0.66,4,否
603767,中马传动,上证,日线,看涨吞没,Bullish Engulfing,看涨,2026-08-12,100,0.65,15.31,0.66,5,是
603948,建业股份,上证,日线,看涨吞没,Bullish Engulfing,看涨,2026-08-12,95.2,0.62,21.26,0.66,8,否
002322,理工能科,深证,日线,看涨吞没,Bullish Engulfing,看涨,2026-08-12,92.6,0.82,10.78,0.65,2,是
002478,常宝股份,深证,月线,看涨吞没,Bullish Engulfing,看涨,2026-08-14,98.8,0.21,6.24,0.65,9,否
002728,特一药业,深证,日线,看涨吞没,Bullish Engulfing,看涨,2026-08-12,92.3,0.59,9.35,0.65,9,是
300605,恒锋信息,创业,日线,看涨吞没,Bullish Engulfing,看涨,2026-08-12,76,0.77,10.9,0.65,0,否
300810,中科海讯,创业,日线,看涨吞没,Bullish Engulfing,看涨,2026-08-12,87.7,0.51,24.69,0.65,2,是
301393,昊帆生物,创业,日线,看涨吞没,Bullish Engulfing,看涨,2026-08-12,100,0.53,67.01,0.65,0,是
002864,盘龙药业,深证,日线,看涨吞没,Bullish Engulfing,看涨,2026-08-12,92,0.62,22.08,0.64,3,否
601006,大秦铁路,上证,周线,看涨吞没,Bullish Engulfing,看涨,2026-07-17,100,1.12,4.71,0.64,0,否
601665,齐鲁银行,上证,日线,看涨吞没,Bullish Engulfing,看涨,2026-08-13,91,0.62,6.25,0.64,0,是
600056,中国医药,上证,日线,看涨吞没,Bullish Engulfing,看涨,2026-08-13,94.2,1.33,9.57,0.63,2,是
603135,中重科技,上证,日线,看涨吞没,Bullish Engulfing,看涨,2026-08-12,92,0.49,9.6,0.63,7,否
000529,广弘控股,深证,日线,看涨吞没,Bullish Engulfing,看涨,2026-08-12,95,0.64,4.89,0.62,0,是
002760,凤形股份,深证,日线,看涨吞没,Bullish Engulfing,看涨,2026-08-12,72,0.39,17.82,0.62,3,否
600903,贵州燃气,上证,日线,看涨吞没,Bullish Engulfing,看涨,2026-08-12,89,0.46,6.46,0.62,7,是
600966,博汇纸业,上证,周线,看涨吞没,Bullish Engulfing,看涨,2026-08-14,100,0.8,4.88,0.62,2,是
688382,益方生物,科创,周线,看涨吞没,Bullish Engulfing,看涨,2026-07-17,100,1.77,22.55,0.62,0,是
000963,华东医药,深证,日线,看涨吞没,Bullish Engulfing,看涨,2026-08-11,100,1.36,29.81,0.61,0,是
002533,金杯电工,深证,日线,看涨吞没,Bullish Engulfing,看涨,2026-08-10,100,0.85,11.58,0.61,1,否
002797,第一创业,深证,日线,看涨吞没,Bullish Engulfing,看涨,2026-08-12,73.3,0.62,6.57,0.61,1,否
300332,天壕能源,创业,日线,看涨吞没,Bullish Engulfing,看涨,2026-08-12,88,0.5,4.91,0.61,2,否
600023,浙能电力,上证,日线,看涨吞没,Bullish Engulfing,看涨,2026-08-10,76,0.51,4.96,0.61,0,否
600149,廊坊发展,上证,日线,看涨吞没,Bullish Engulfing,看涨,2026-08-12,91,0.53,4.93,0.61,4,是
001979,招商蛇口,深证,周线,看涨吞没,Bullish Engulfing,看涨,2026-07-17,100,1.34,6.66,0.6,0,是
600795,国电电力,上证,日线,看涨吞没,Bullish Engulfing,看涨,2026-08-13,87,0.7,5.07,0.6,0,是
000628,高新发展,深证,日线,看涨吞没,Bullish Engulfing,看涨,2026-08-12,83,0.5,39.13,0.59,7,否
002736,国信证券,深证,日线,看涨吞没,Bullish Engulfing,看涨,2026-08-10,87,0.64,10.16,0.59,0,是
300559,佳发教育,创业,周线,看涨吞没,Bullish Engulfing,看涨,2026-07-24,100,1.03,10.27,0.59,0,否
688101,三达膜,科创,日线,看涨吞没,Bullish Engulfing,看涨,2026-08-10,76,0.35,15.73,0.58,0,否
002688,金河生物,深证,日线,看涨吞没,Bullish Engulfing,看涨,2026-08-12,87,0.62,5.25,0.57,1,是
300926,博俊科技,创业,日线,看涨吞没,Bullish Engulfing,看涨,2026-08-10,70,0.81,17.76,0.57,0,否
301167,建研设计,创业,日线,看涨吞没,Bullish Engulfing,看涨,2026-08-12,100,0.53,14.04,0.57,0,是
301229,纽泰格,创业,日线,看涨吞没,Bullish Engulfing,看涨,2026-08-12,100,0.71,12.43,0.57,0,否
601236,红塔证券,上证,日线,看涨吞没,Bullish Engulfing,看涨,2026-08-10,91,0.59,7.05,0.57,0,是
601366,利群股份,上证,周线,看涨吞没,Bullish Engulfing,看涨,2026-08-14,100,1,3.5,0.57,4,是
601985,中国核电,上证,日线,看涨吞没,Bullish Engulfing,看涨,2026-08-10,99,0.73,8.85,0.57,0,是
002516,旷达科技,深证,日线,看涨吞没,Bullish Engulfing,看涨,2026-08-12,99,0.58,5.42,0.56,3,是
002936,郑州银行,深证,日线,看涨吞没,Bullish Engulfing,看涨,2026-08-12,91,0.93,1.78,0.56,0,是
300421,力星股份,创业,日线,看涨吞没,Bullish Engulfing,看涨,2026-08-11,86.4,0.99,17.8,0.56,1,是
600419,天润乳业,上证,日线,看涨吞没,Bullish Engulfing,看涨,2026-08-12,100,0.61,8.93,0.56,1,是
600664,哈药股份,上证,日线,看涨吞没,Bullish Engulfing,看涨,2026-08-14,100,0.72,8.91,0.56,12,是
600864,哈投股份,上证,日线,看涨吞没,Bullish Engulfing,看涨,2026-08-10,85.7,0.65,5.42,0.56,1,是
688219,会通股份,科创,日线,看涨吞没,Bullish Engulfing,看涨,2026-08-12,100,0.66,10.78,0.56,0,是
002036,联创电子,深证,日线,看涨吞没,Bullish Engulfing,看涨,2026-08-12,100,0.69,7.25,0.55,7,是
300298,三诺生物,创业,日线,看涨吞没,Bullish Engulfing,看涨,2026-08-13,90,0.86,16.55,0.55,0,是
301022,海泰科,创业,日线,看涨吞没,Bullish Engulfing,看涨,2026-08-12,99,0.53,23.56,0.55,2,是
301638,南网数字,创业,日线,看涨吞没,Bullish Engulfing,看涨,2026-08-10,95,0.65,23.87,0.55,3,是
600648,外高桥,上证,日线,看涨吞没,Bullish Engulfing,看涨,2026-08-10,99,0.68,9.09,0.55,0,是
601963,重庆银行,上证,日线,看涨吞没,Bullish Engulfing,看涨,2026-08-13,84.3,0.48,10.95,0.55,0,是
603066,音飞储存,上证,日线,看涨吞没,Bullish Engulfing,看涨,2026-08-12,100,0.55,9.21,0.55,1,是
603105,芯能科技,上证,日线,看涨吞没,Bullish Engulfing,看涨,2026-08-12,100,0.63,7.31,0.55,2,否
000963,华东医药,深证,日线,启明星,Morning Star,看涨,2026-08-14,100,1.38,29.72,0.54,0,是
002415,海康威视,深证,日线,看涨吞没,Bullish Engulfing,看涨,2026-08-10,100,0.81,37.44,0.54,0,否
300075,数字政通,创业,日线,看涨吞没,Bullish Engulfing,看涨,2026-08-12,99,0.62,11.24,0.54,0,是
301258,富士莱,创业,日线,看涨吞没,Bullish Engulfing,看涨,2026-08-12,73.7,0.55,26.3,0.54,0,否
000733,振华科技,深证,日线,看涨吞没,Bullish Engulfing,看涨,2026-08-11,100,1.11,41.7,0.53,3,是
600576,祥源文旅,上证,日线,看涨吞没,Bullish Engulfing,看涨,2026-08-12,92.3,0.55,5.65,0.53,4,是
600674,川投能源,上证,日线,看涨吞没,Bullish Engulfing,看涨,2026-08-10,100,0.73,15.05,0.53,0,是
600744,华银电力,上证,日线,看涨吞没,Bullish Engulfing,看涨,2026-08-12,84,0.7,7.52,0.53,12,否
688032,禾迈股份,科创,日线,看涨吞没,Bullish Engulfing,看涨,2026-08-10,99.2,0.65,79.15,0.53,0,是
002365,永安药业,深证,日线,看涨吞没,Bullish Engulfing,看涨,2026-08-12,88.7,0.59,13.52,0.52,3,是
600148,长春一东,上证,日线,看涨吞没,Bullish Engulfing,看涨,2026-08-12,93,0.59,15.5,0.52,0,是
600452,涪陵电力,上证,日线,看涨吞没,Bullish Engulfing,看涨,2026-08-10,99,0.49,9.73,0.52,4,是
002536,飞龙股份,深证,日线,看涨吞没,Bullish Engulfing,看涨,2026-08-11,84.4,1.02,39.72,0.51,15,否
002999,天禾股份,深证,日线,看涨吞没,Bullish Engulfing,看涨,2026-08-12,100,0.61,5.9,0.51,1,是
001399,惠科股份,深证,日线,看涨吞没,Bullish Engulfing,看涨,2026-08-11,96,1,24.05,0.5,3,否
002915,中欣氟材,深证,日线,看涨吞没,Bullish Engulfing,看涨,2026-08-12,100,0.77,18.07,0.5,6,否
300692,中赋科技,创业,月线,看涨吞没,Bullish Engulfing,看涨,2026-07-31,100,2.27,8.03,0.5,1,是
603960,克来机电,上证,日线,看涨吞没,Bullish Engulfing,看涨,2026-08-10,89.9,0.57,16.21,0.5,3,是
688113,联测科技,科创,日线,看涨吞没,Bullish Engulfing,看涨,2026-08-12,100,0.5,36.35,0.5,0,否
000789,万年青,深证,周线,看涨吞没,Bullish Engulfing,看涨,2026-08-14,100,0.69,4.08,0.49,0,是
300609,汇纳科技,创业,日线,看涨吞没,Bullish Engulfing,看涨,2026-08-13,100,1.25,26.42,0.49,0,否
600128,苏豪弘业,上证,日线,看涨吞没,Bullish Engulfing,看涨,2026-08-12,85,0.64,8.27,0.49,0,是
605123,派克新材,上证,日线,看涨吞没,Bullish Engulfing,看涨,2026-08-12,98.9,0.55,78.68,0.49,8,否
000049,德赛电池,深证,日线,看涨吞没,Bullish Engulfing,看涨,2026-08-12,69.6,0.7,24.9,0.48,1,否
301085,亚康股份,创业,日线,看涨吞没,Bullish Engulfing,看涨,2026-08-14,100,0.94,63.15,0.48,2,是
688198,佰仁医疗,科创,日线,看涨吞没,Bullish Engulfing,看涨,2026-08-13,96.4,1.37,81.51,0.48,1,是
002255,海陆重工,深证,日线,看涨吞没,Bullish Engulfing,看涨,2026-08-10,100,0.56,8.58,0.47,9,是
300305,裕兴股份,创业,日线,看涨吞没,Bullish Engulfing,看涨,2026-08-14,99,0.89,6.48,0.47,1,是
002108,沧州明珠,深证,日线,看涨吞没,Bullish Engulfing,看涨,2026-08-12,72,0.65,4.4,0.46,6,否
002818,富森美,深证,日线,看涨吞没,Bullish Engulfing,看涨,2026-08-12,86.2,0.53,10.9,0.46,1,是
300122,智飞生物,创业,日线,看涨吞没,Bullish Engulfing,看涨,2026-08-13,100,1.39,13.22,0.46,0,是
600906,财达证券,上证,日线,看涨吞没,Bullish Engulfing,看涨,2026-08-10,100,0.47,6.62,0.46,1,是
000088,盐 田 港,深证,日线,看涨吞没,Bullish Engulfing,看涨,2026-08-14,76,0.65,4.46,0.45,0,否
003042,中农联合,深证,日线,看涨吞没,Bullish Engulfing,看涨,2026-08-12,100,0.69,13.48,0.45,7,是
301063,海锅股份,创业,日线,看涨吞没,Bullish Engulfing,看涨,2026-08-12,92.3,0.45,18.01,0.45,0,是
601456,国联民生,上证,日线,看涨吞没,Bullish Engulfing,看涨,2026-08-12,76,0.65,9.02,0.45,0,否
000166,申万宏源,深证,日线,看涨吞没,Bullish Engulfing,看涨,2026-08-12,91,0.6,4.56,0.44,0,是
000929,兰州黄河,深证,日线,看涨吞没,Bullish Engulfing,看涨,2026-08-12,100,0.38,9.05,0.44,0,否
600505,西昌电力,上证,日线,看涨吞没,Bullish Engulfing,看涨,2026-08-13,85,0.9,11.3,0.44,2,是
601179,中国西电,上证,日线,看涨吞没,Bullish Engulfing,看涨,2026-08-13,69.6,0.76,13.85,0.44,10,否
600271,航天信息,上证,日线,看涨吞没,Bullish Engulfing,看涨,2026-08-12,91,0.59,7.05,0.43,4,是
605268,王力安防,上证,日线,看涨吞没,Bullish Engulfing,看涨,2026-08-12,100,0.7,9.36,0.43,6,是
000930,中粮科技,深证,日线,看涨吞没,Bullish Engulfing,看涨,2026-08-12,87,0.77,4.79,0.42,0,是
603590,康辰药业,上证,日线,看涨吞没,Bullish Engulfing,看涨,2026-08-13,100,0.94,33.1,0.42,4,是
002892,科力尔,深证,日线,看涨吞没,Bullish Engulfing,看涨,2026-08-12,91,0.71,9.7,0.41,2,是
300468,四方精创,创业,日线,看涨吞没,Bullish Engulfing,看涨,2026-08-12,87,0.6,21.88,0.41,0,是
601658,邮储银行,上证,日线,看涨吞没,Bullish Engulfing,看涨,2026-08-13,91,0.69,4.95,0.41,0,是
688569,铁科轨道,科创,日线,看涨吞没,Bullish Engulfing,看涨,2026-08-12,80.8,0.57,17.29,0.41,0,否
600202,哈空调,上证,日线,看涨吞没,Bullish Engulfing,看涨,2026-08-12,100,0.6,5.01,0.4,0,否
000833,粤桂股份,深证,日线,看涨吞没,Bullish Engulfing,看涨,2026-08-14,100,0.58,20.56,0.39,10,是
001373,翔腾新材,深证,日线,看涨吞没,Bullish Engulfing,看涨,2026-08-12,100,0.58,28.01,0.39,2,否
601117,中国化学,上证,日线,看涨吞没,Bullish Engulfing,看涨,2026-08-10,91,0.73,7.8,0.39,2,是
605116,奥锐特,上证,日线,看涨吞没,Bullish Engulfing,看涨,2026-08-11,100,0.76,20.53,0.39,2,是
301259,艾布鲁,创业,日线,看涨吞没,Bullish Engulfing,看涨,2026-08-10,100,0.55,23.79,0.38,2,是
301313,凡拓数创,创业,日线,看涨吞没,Bullish Engulfing,看涨,2026-08-11,86.9,0.78,37,0.38,2,否
600182,S佳通,上证,日线,看涨吞没,Bullish Engulfing,看涨,2026-08-10,100,1.09,13.12,0.38,0,是
600657,信达地产,上证,日线,看涨吞没,Bullish Engulfing,看涨,2026-08-11,100,0.92,2.61,0.38,2,是
603128,华贸物流,上证,日线,看涨吞没,Bullish Engulfing,看涨,2026-08-12,91,0.72,5.33,0.38,0,是
001286,陕西能源,深证,日线,看涨吞没,Bullish Engulfing,看涨,2026-08-12,100,0.62,10.74,0.37,0,否
002040,南 京 港,深证,周线,看涨吞没,Bullish Engulfing,看涨,2026-08-14,100,0.54,8.11,0.37,8,是
603685,晨丰科技,上证,日线,看涨吞没,Bullish Engulfing,看涨,2026-08-11,99,1.18,27.38,0.37,6,是
603915,国茂股份,上证,日线,看涨吞没,Bullish Engulfing,看涨,2026-08-12,72.8,0.6,13.62,0.37,1,否
000798,中水渔业,深证,日线,看涨吞没,Bullish Engulfing,看涨,2026-08-13,100,1.12,8.4,0.36,10,否
301040,中环海陆,创业,日线,看涨吞没,Bullish Engulfing,看涨,2026-08-14,94.4,0.67,28,0.36,1,是
600039,四川路桥,上证,周线,看涨吞没,Bullish Engulfing,看涨,2026-07-17,100,0.61,8.47,0.36,0,是
601009,南京银行,上证,日线,看涨吞没,Bullish Engulfing,看涨,2026-08-10,93,0.73,11.25,0.36,0,是
601198,东兴证券,上证,日线,看涨吞没,Bullish Engulfing,看涨,2026-08-12,88,0.47,13.85,0.36,1,否
601801,皖新传媒,上证,日线,看涨吞没,Bullish Engulfing,看涨,2026-08-10,100,0.78,5.5,0.36,0,是
688767,博拓生物,科创,日线,看涨吞没,Bullish Engulfing,看涨,2026-08-11,100,0.46,38.98,0.36,2,是
300991,创益通,创业,日线,看涨吞没,Bullish Engulfing,看涨,2026-08-11,100,0.52,28.58,0.35,0,否
600868,梅雁吉祥,上证,日线,看涨吞没,Bullish Engulfing,看涨,2026-08-12,76,0.62,2.85,0.35,13,否
002985,北摩高科,深证,日线,看涨吞没,Bullish Engulfing,看涨,2026-08-12,100,0.5,26.27,0.34,6,是
300039,上海凯宝,创业,日线,看涨吞没,Bullish Engulfing,看涨,2026-08-11,100,1.11,5.86,0.34,0,是
600897,厦门空港,上证,日线,看涨吞没,Bullish Engulfing,看涨,2026-08-12,76,0.63,14.76,0.34,3,否
600063,皖维高新,上证,日线,看涨吞没,Bullish Engulfing,看涨,2026-08-12,95,0.75,6.1,0.33,5,是
002950,奥美医疗,深证,日线,看涨吞没,Bullish Engulfing,看涨,2026-08-12,99,0.55,9.51,0.32,7,是
600400,红豆股份,上证,日线,看涨吞没,Bullish Engulfing,看涨,2026-08-11,84,0.86,3.15,0.32,11,否
601888,中国中免,上证,周线,看涨吞没,Bullish Engulfing,看涨,2026-07-17,100,1.3,52.9,0.32,2,是
002376,新北洋,深证,日线,看涨吞没,Bullish Engulfing,看涨,2026-08-11,92,1.75,6.52,0.31,1,否
301516,中远通,创业,日线,看涨吞没,Bullish Engulfing,看涨,2026-08-11,83.2,0.58,16,0.31,1,否
603679,华体科技,上证,日线,看涨吞没,Bullish Engulfing,看涨,2026-08-11,100,0.67,22.51,0.31,4,否
600479,千金药业,上证,日线,看涨吞没,Bullish Engulfing,看涨,2026-08-12,100,0.69,9.93,0.3,0,是
600963,岳阳林纸,上证,日线,看涨吞没,Bullish Engulfing,看涨,2026-08-12,76,0.73,3.37,0.3,0,否
688107,安路科技,科创,日线,看涨吞没,Bullish Engulfing,看涨,2026-08-11,93,0.46,32.9,0.3,0,否
300636,同和药业,创业,日线,看涨吞没,Bullish Engulfing,看涨,2026-08-13,96,1.29,7.09,0.28,0,否
600036,招商银行,上证,日线,看涨吞没,Bullish Engulfing,看涨,2026-08-10,69.6,0.61,38.91,0.28,0,否
688048,长光华芯,科创,日线,看涨吞没,Bullish Engulfing,看涨,2026-08-11,100,0.87,285.29,0.28,7,否
688266,泽璟制药,科创,日线,看涨吞没,Bullish Engulfing,看涨,2026-08-13,100,0.91,120.22,0.27,0,否
300533,冰川网络,创业,日线,看涨吞没,Bullish Engulfing,看涨,2026-08-12,94,0.51,15.55,0.26,1,否
603276,恒兴新材,上证,日线,看涨吞没,Bullish Engulfing,看涨,2026-08-14,100,0.69,15.54,0.26,0,是
300803,指南针,创业,日线,看涨吞没,Bullish Engulfing,看涨,2026-08-11,100,0.69,84.14,0.25,1,是
601100,恒立液压,上证,日线,启明星,Morning Star,看涨,2026-08-14,83.9,0.67,106.28,0.25,2,否
600179,安通控股,上证,日线,看涨吞没,Bullish Engulfing,看涨,2026-08-11,91,0.86,4.25,0.24,10,是
002747,埃斯顿,深证,日线,看涨吞没,Bullish Engulfing,看涨,2026-08-14,84,0.63,34.75,0.23,6,否
002913,奥士康,深证,日线,看涨吞没,Bullish Engulfing,看涨,2026-08-11,100,1.15,55.46,0.23,12,是
603725,天安新材,上证,周线,看涨吞没,Bullish Engulfing,看涨,2026-07-17,100,1.97,13.67,0.22,10,是
600021,上海电力,上证,日线,看涨吞没,Bullish Engulfing,看涨,2026-08-13,88,0.76,14.53,0.21,13,否
002893,京能热力,深证,日线,看涨吞没,Bullish Engulfing,看涨,2026-08-12,100,0.62,9.85,0.2,4,是
002134,天津普林,深证,日线,看涨吞没,Bullish Engulfing,看涨,2026-08-11,100,0.58,22.56,0.18,4,是
600062,华润双鹤,上证,日线,看涨吞没,Bullish Engulfing,看涨,2026-08-13,80,1.28,16.42,0.18,0,否
688092,爱科科技,科创,日线,看涨吞没,Bullish Engulfing,看涨,2026-08-12,97,0.56,22.74,0.18,0,是
688280,精进电动,科创,日线,看涨吞没,Bullish Engulfing,看涨,2026-08-10,100,0.8,5.81,0.17,2,是
601990,南京证券,上证,日线,看涨吞没,Bullish Engulfing,看涨,2026-08-12,91,0.6,6.75,0.15,0,是
600958,东方证券,上证,日线,看涨吞没,Bullish Engulfing,看涨,2026-08-12,92,0.6,9.16,0.11,0,否
600406,国电南瑞,上证,日线,看涨吞没,Bullish Engulfing,看涨,2026-08-10,100,0.57,24.14,0.08,0,是
